session_id,scan_time_delta,ip_request_velocity,user_agent_score,bank_webhook_received,is_spoof_attempt
SESS_REAL_02216,22.720828459258893,1,0.9367332342197554,1,0
SESS_REAL_05360,12.593248591366672,1,0.9849304248512076,1,0
SESS_REAL_01550,37.79040624149679,0,0.9721282029343088,1,0
SESS_REAL_02796,2.4106764265661265,4,0.9352120105265993,1,0
SESS_REAL_07208,7.297834227537459,2,0.9800560642286571,1,0
SESS_REAL_05669,18.01710915955084,1,0.9507697954729616,1,0
SESS_REAL_06158,3.2549711813281386,0,1.0,1,0
SESS_REAL_07156,10.265801164236176,0,0.9198076249082336,1,0
SESS_REAL_06452,8.252653902810433,2,0.9456863973073348,1,0
SESS_REAL_07395,2.263049893863366,1,0.9777001082510746,1,0
SESS_REAL_02537,3.34971218052266,1,0.993808632835244,1,0
SESS_REAL_04627,9.831677845894728,1,0.8976993418594648,1,0
SESS_REAL_04141,3.234432328502789,2,1.0,1,0
SESS_FAKE_01332,34.857414607441,10,0.645456704713004,0,1
SESS_REAL_00518,53.87130561864201,1,0.9989673577669659,1,0
SESS_REAL_06210,9.7344263681218,0,0.9730787528214804,1,0
SESS_REAL_03191,30.911412582033996,0,0.9229658782780514,1,0
SESS_REAL_04462,69.45045004326535,0,0.9889619581823972,1,0
SESS_FAKE_00823,98.87874652420788,15,0.0,0,1
SESS_FAKE_00977,12.94228739568104,6,0.18587514164739893,0,1
SESS_REAL_06988,3.5547504605679157,0,0.9330029208772973,1,0
SESS_REAL_06404,2.2394704305794937,1,0.9433497958362469,1,0
SESS_REAL_07426,2.77259539936821,2,0.9209138386329208,1,0
SESS_FAKE_00793,21.36474583217452,6,0.4907698310591583,0,1
SESS_REAL_07209,20.49722667727856,1,0.9431506140584225,1,0
SESS_REAL_05154,15.038904640312174,0,0.9131107973068743,1,0
SESS_REAL_01191,11.972180749139564,1,1.0,1,0
SESS_REAL_06694,11.403065834805703,2,0.9743702885135407,1,0
SESS_REAL_07443,13.91942936389114,1,0.9176860753930434,1,0
SESS_REAL_00578,9.630033371946368,0,0.9546026358651175,1,0
SESS_REAL_07510,23.262749194472953,0,0.9564184594847265,1,0
SESS_FAKE_01434,30.09420974383758,11,0.22999282574278257,0,1
SESS_REAL_03313,1.6007862445454015,1,0.9430207568995356,1,0
SESS_REAL_05020,14.692739246803868,1,0.9833406855251927,1,0
SESS_FAKE_01230,13.442605741437788,8,0.34146099802760443,0,1
SESS_REAL_02637,18.677398293080884,3,0.9250058665943132,1,0
SESS_REAL_06363,9.114109629137849,3,0.9150706467680837,1,0
SESS_REAL_07631,12.592544286669842,1,0.9454741691964397,1,0
SESS_REAL_08299,22.66018162382568,1,0.9412383790925033,1,0
SESS_REAL_02675,5.566181912815425,0,0.9686276467066749,1,0
SESS_REAL_07799,5.16971986803352,2,0.9399285813083482,1,0
SESS_REAL_01051,10.533164645634653,0,0.9601963694394472,1,0
SESS_REAL_05997,18.88564043025336,2,0.9740418297135014,1,0
SESS_REAL_00252,24.356719829736956,0,0.955610603230818,1,0
SESS_REAL_02898,8.145385934253218,2,0.9351987221750794,1,0
SESS_REAL_05460,20.821512754988632,1,0.9449534968369022,1,0
SESS_REAL_02938,37.994226133326165,3,0.9183008535588343,1,0
SESS_REAL_06888,3.441750926450548,2,0.9542480303774039,1,0
SESS_REAL_00436,2.4065530743095658,1,0.8952952179485124,1,0
SESS_REAL_03274,23.203281735754622,4,0.9681779628297377,1,0
SESS_FAKE_00791,20.49151656220127,9,0.3825251378154911,0,1
SESS_REAL_01693,3.3991453325431324,1,0.9493155891785623,1,0
SESS_REAL_03618,20.57129403470268,1,0.9688915617235677,1,0
SESS_REAL_00171,1.7007233707016474,1,1.0,1,0
SESS_FAKE_01206,28.42425147849561,4,0.2194763446277348,0,1
SESS_REAL_05193,33.30929378406966,2,0.917243582847948,1,0
SESS_REAL_03444,49.13449574789175,1,0.9647252487647883,1,0
SESS_REAL_01318,2.521858798667474,0,0.9182581484812844,1,0
SESS_FAKE_01067,54.82989025557064,7,0.3890447836901943,0,1
SESS_REAL_05535,2.821972259033103,4,0.9397668941624988,1,0
SESS_REAL_01257,9.617712160911971,1,0.9316862520281667,1,0
SESS_REAL_07654,18.251736356485424,0,0.9324146409830504,1,0
SESS_REAL_00251,7.335503185184323,2,0.9387768641730824,1,0
SESS_REAL_03954,4.659389565340497,2,0.9950220914797382,1,0
SESS_FAKE_01259,101.56715636115231,11,0.5892328316300022,0,1
SESS_REAL_02783,20.40872323881291,2,0.9587518150120211,1,0
SESS_REAL_07907,20.579655004517264,0,0.9769871304165543,1,0
SESS_REAL_03090,8.679592480172404,3,0.9450877175812635,1,0
SESS_REAL_06623,10.839940475206783,2,0.983390433318069,1,0
SESS_REAL_06041,3.1313555486345193,0,0.9258496702605584,1,0
SESS_REAL_03314,4.445703703564115,0,0.936758791589092,1,0
SESS_REAL_01755,20.905837895538568,1,0.9060893836949745,1,0
SESS_REAL_05987,33.806160713348795,3,0.9274501173708491,1,0
SESS_REAL_02260,19.34025509600071,1,0.967003591717646,1,0
SESS_FAKE_01153,16.572043965614675,8,0.29560634059471375,0,1
SESS_REAL_08032,4.882492820781348,2,0.9955406010214023,1,0
SESS_REAL_03643,9.035043547934887,0,0.9337649270964349,1,0
SESS_REAL_07219,30.699784756173983,0,1.0,1,0
SESS_REAL_05022,38.22199888637218,1,0.9822422375066251,1,0
SESS_REAL_07955,10.555396862722045,1,0.9125791108192985,1,0
SESS_FAKE_00330,78.27152088485488,9,0.3163849852154086,0,1
SESS_REAL_06315,34.010973879807736,2,0.975110690191128,1,0
SESS_REAL_07783,1.6571470506169002,1,0.9170904966910098,1,0
SESS_REAL_08344,42.83145195273343,1,0.9014435700557489,1,0
SESS_REAL_04331,3.201246776688082,1,0.9930970505518051,1,0
SESS_FAKE_00270,50.755505669599295,12,0.374614319559683,0,1
SESS_REAL_05388,11.66115319386951,2,0.95526321033741,1,0
SESS_REAL_07927,25.396416388158247,0,0.9293743273251271,1,0
SESS_REAL_02198,10.993042787829172,2,0.947921566390126,1,0
SESS_REAL_01393,10.301980145154978,3,0.8846065642410724,1,0
SESS_REAL_07997,8.790874523779472,3,0.9639250860318245,1,0
SESS_REAL_08291,15.679083748572364,0,0.9768883567511983,1,0
SESS_REAL_05204,46.569279266729566,0,0.9565022026359492,1,0
SESS_REAL_04804,22.161215544936816,1,0.9344450799012696,1,0
SESS_FAKE_00644,19.501480493931822,6,0.14954588739299962,0,1
SESS_REAL_04636,6.2846618643114605,1,0.9711921982595967,1,0
SESS_REAL_05079,8.227534930633938,1,0.9532804105406634,1,0
SESS_REAL_03581,23.35898770331838,2,0.9837253035533705,1,0
SESS_REAL_04507,1.7908516561110044,1,0.9472837628075487,1,0
SESS_REAL_02927,51.78371446418851,0,0.9548186547524435,1,0
SESS_REAL_00343,8.326789575627886,1,0.9327324363846412,1,0
SESS_REAL_00136,10.277433669121823,2,1.0,1,0
SESS_REAL_07826,36.10917153866599,1,0.9105292732860958,1,0
SESS_FAKE_01254,68.67045536709077,10,0.6344324958558418,0,1
SESS_REAL_05100,8.653955686501662,0,1.0,1,0
SESS_REAL_06218,7.108465827254613,2,0.9580836917659417,1,0
SESS_REAL_06375,1.9825859557343206,3,0.9586668543069617,1,0
SESS_REAL_03739,11.849903657256633,3,0.9871139212336608,1,0
SESS_REAL_06813,20.54885282999394,3,0.9287104938446953,1,0
SESS_FAKE_00201,60.53603269595466,6,0.32826725319395245,0,1
SESS_REAL_01919,7.885037317804047,2,0.9911585615203746,1,0
SESS_REAL_05971,4.191400503284434,0,0.9248973292669224,1,0
SESS_REAL_05506,9.917366574930988,1,0.9989597302133788,1,0
SESS_REAL_00690,6.193053757430792,3,0.9560581971000645,1,0
SESS_REAL_02411,3.3175929851361907,0,0.9288860984004187,1,0
SESS_REAL_07622,3.5528149840207983,1,0.9447207783615014,1,0
SESS_REAL_07067,9.759493883139584,2,0.9200500359028259,1,0
SESS_REAL_04222,28.885779465935443,1,0.9137524564760745,1,0
SESS_REAL_00931,23.1166450459487,1,0.9290125191050804,1,0
SESS_REAL_05448,10.944249364164763,3,0.9758751420010593,1,0
SESS_REAL_08422,4.606209670417442,0,0.92155683967632,1,0
SESS_FAKE_00663,101.7781181187116,10,0.10791253914811252,0,1
SESS_REAL_05589,13.796073145295935,2,0.9284175875149643,1,0
SESS_REAL_01779,23.55652471428694,1,0.9171540952289944,1,0
SESS_REAL_01623,39.43444112754402,2,0.9250279556971982,1,0
SESS_REAL_04995,28.822694512446375,0,0.9529228638858653,1,0
SESS_REAL_01776,15.482207216172245,0,0.9231174590635984,1,0
SESS_REAL_01230,28.443030082177586,1,0.9976307890467843,1,0
SESS_FAKE_00106,33.841659776313946,10,0.4250337067971861,0,1
SESS_REAL_04456,15.633835712709873,2,0.9972907263887276,1,0
SESS_FAKE_01012,136.54493981079605,6,0.07193442812587902,0,1
SESS_FAKE_01272,73.64838238938852,12,0.10652873728126822,0,1
SESS_REAL_00248,41.264825713562466,1,0.8982894386432296,1,0
SESS_REAL_06978,19.201143574011255,0,0.9171428772226408,1,0
SESS_REAL_06449,11.127189462948053,0,1.0,1,0
SESS_REAL_04925,5.065723379155042,1,0.9455486222450669,1,0
SESS_REAL_08264,21.87123125478911,0,0.917804618378811,1,0
SESS_REAL_02459,7.665536338269025,1,0.9414600634869419,1,0
SESS_REAL_03722,34.3901998038118,1,0.9626239666648254,1,0
SESS_REAL_06380,12.511542562388911,0,0.9205916319411184,1,0
SESS_REAL_01875,10.87684973944554,0,0.974582636216158,1,0
SESS_REAL_02247,22.860829851920872,0,0.9777728735137092,1,0
SESS_REAL_07666,13.853582034381235,0,0.9885508648204296,1,0
SESS_REAL_02418,1.8773405367100384,3,1.0,1,0
SESS_REAL_02226,5.801809138046334,0,0.9207992774169771,1,0
SESS_FAKE_00679,15.620561252900904,3,0.1582306021105975,0,1
SESS_REAL_01045,12.981078108865034,1,0.9474887042858293,1,0
SESS_REAL_07680,34.780733343178,2,0.959800354949291,1,0
SESS_REAL_06486,37.570254759501175,0,0.9629318638818936,1,0
SESS_REAL_01198,18.11883188353476,3,0.9174936142265444,1,0
SESS_REAL_00033,37.18425352208317,1,0.9532952927940143,1,0
SESS_REAL_00838,11.926828605423264,1,0.936647501431302,1,0
SESS_REAL_01063,7.990610323093701,0,0.9437414829008638,1,0
SESS_REAL_05112,12.519276825063397,2,0.9960127930506598,1,0
SESS_REAL_00497,2.4710674131982175,1,0.9118102000330618,1,0
SESS_FAKE_01178,89.79392214347452,7,0.1591925380064839,0,1
SESS_REAL_02385,11.972993158201,1,0.9005525084386091,1,0
SESS_REAL_07528,13.775935565009192,2,0.9066386498881616,1,0
SESS_REAL_01565,8.114319609064921,0,0.8884053647045748,1,0
SESS_FAKE_00341,67.22015435666135,11,0.28204083499876687,0,1
SESS_REAL_05026,5.0955057385756115,0,0.9826549057258733,1,0
SESS_REAL_07724,29.50279960565047,1,0.9113256496946534,1,0
SESS_REAL_00909,7.230477697302453,3,0.9362328450762951,1,0
SESS_REAL_05722,20.5508476193364,1,0.9475636397074659,1,0
SESS_FAKE_01053,25.927084336126544,5,0.4315200123468321,0,1
SESS_REAL_02008,2.311205265143102,0,0.9243941507568951,1,0
SESS_FAKE_01110,21.890853335877683,7,0.03886509480067607,0,1
SESS_FAKE_00830,87.90150617539317,8,0.37427032066832755,0,1
SESS_REAL_06948,27.19530344725262,1,0.9949709481644597,1,0
SESS_REAL_07408,3.818870799952317,1,0.9340946095047279,1,0
SESS_REAL_01113,10.739675811490045,0,0.9179637131920502,1,0
SESS_REAL_02875,9.26285414894018,0,0.9709400476253159,1,0
SESS_REAL_00900,4.296603362877782,1,0.9937798895480459,1,0
SESS_FAKE_01354,15.351833130891954,6,0.22425358042682036,0,1
SESS_REAL_02641,2.836072538544431,3,0.9305993944080982,1,0
SESS_REAL_05889,8.698725442205241,2,0.9437013476980383,1,0
SESS_REAL_06947,4.615679466829976,2,0.8943009106503966,1,0
SESS_REAL_08115,5.449771691667234,2,0.9621706858117426,1,0
SESS_REAL_01130,16.92306695996482,0,0.9579754894552485,1,0
SESS_REAL_03673,2.9199036913338032,2,0.9585157186948657,1,0
SESS_FAKE_00065,28.257983308726416,8,0.3725077970712976,0,1
SESS_FAKE_00265,126.21950214303524,12,0.5171299172681718,0,1
SESS_REAL_01161,3.1555668888450676,1,0.9702183317105092,1,0
SESS_FAKE_01159,29.89239471547503,9,0.0,0,1
SESS_REAL_04545,21.54721755902193,3,0.9857161695311836,1,0
SESS_REAL_00721,3.8994697164095724,2,0.964303176590078,1,0
SESS_REAL_07092,15.526330912334567,2,0.8785612281585358,1,0
SESS_FAKE_00558,13.418893099267008,2,0.14181783503993003,0,1
SESS_REAL_00472,2.029427983422023,2,0.9620384724853162,1,0
SESS_REAL_00272,25.715400568414978,1,0.9021826241994797,1,0
SESS_REAL_05029,3.0517817802106233,0,0.956791256085202,1,0
SESS_REAL_01409,25.824127518348032,3,0.9649570907301267,1,0
SESS_REAL_05525,1.9197797208542355,1,0.97077953950851,1,0
SESS_REAL_03645,3.513814681347582,0,0.9234401731698698,1,0
SESS_REAL_08258,12.913939679700885,1,0.9490011797560548,1,0
SESS_REAL_03835,5.836561509007643,3,0.8739699142457865,1,0
SESS_REAL_01285,10.250557122872198,0,0.9432353998819364,1,0
SESS_FAKE_00521,95.16216663236581,4,0.22298170232755593,0,1
SESS_REAL_01938,9.775975395115314,1,0.9614053216281634,1,0
SESS_REAL_00368,4.1147551312854,1,0.9806419305152119,1,0
SESS_FAKE_00549,54.08103940310497,7,0.3781040497000367,0,1
SESS_REAL_06946,3.2611784355358435,1,0.9387108672945791,1,0
SESS_REAL_08016,9.191512097726267,1,0.9867456428408758,1,0
SESS_REAL_08138,10.791788997036482,1,0.9712055295703307,1,0
SESS_FAKE_00413,92.62183925281205,6,0.3436281547586202,0,1
SESS_REAL_02743,3.32108384845302,1,0.959277508086573,1,0
SESS_REAL_08380,10.181483195363615,5,0.9422887092176438,1,0
SESS_REAL_07339,10.652975360708902,0,0.961427265009248,1,0
SESS_REAL_02104,20.41559815108746,1,0.9129678302671476,1,0
SESS_FAKE_01076,29.329040459722627,9,0.436186411150703,0,1
SESS_FAKE_00918,12.307820007228477,4,0.5127438508634922,0,1
SESS_REAL_02514,13.321019905023626,0,0.9340508548961907,1,0
SESS_REAL_04645,17.756512536871426,3,0.9866763245879896,1,0
SESS_FAKE_00963,115.14223906276942,4,0.46893405154862233,0,1
SESS_REAL_03219,17.319190451805618,1,0.9595295624354954,1,0
SESS_REAL_01901,1.5629200300109396,1,0.9387447882549332,1,0
SESS_REAL_03131,22.27816864385677,1,0.9426117676574738,1,0
SESS_FAKE_00415,23.70611721856197,11,0.09420875609450363,0,1
SESS_REAL_05835,12.358715259114224,1,0.9441138530953068,1,0
SESS_REAL_03053,5.567058775604566,0,0.9773210291307389,1,0
SESS_REAL_07577,16.53743399010482,1,0.9820638666547291,1,0
SESS_FAKE_01435,23.426696446200467,5,0.48983232354102435,0,1
SESS_REAL_00626,8.950693310651012,2,0.9354627036948481,1,0
SESS_REAL_08381,3.7457531827760038,4,0.9917465701928484,1,0
SESS_FAKE_00326,69.88231764766023,12,0.31545279500346457,0,1
SESS_REAL_00738,8.439298573366564,1,0.9340293298920147,1,0
SESS_FAKE_00575,26.295174791841866,8,0.24013930578420306,0,1
SESS_REAL_05668,2.1942687993591576,3,0.8966835962725759,1,0
SESS_REAL_01834,21.541074406126523,1,0.927444297680902,1,0
SESS_REAL_02339,8.014975970206569,1,0.8944886694535448,1,0
SESS_REAL_00084,5.969860204924244,1,0.989984051914283,1,0
SESS_REAL_08176,4.730374438492174,3,0.9864013739779732,1,0
SESS_REAL_05235,1.5885625372961643,1,0.9596198914328792,1,0
SESS_FAKE_00875,13.921662091770962,13,0.19290598043141438,0,1
SESS_FAKE_00227,20.24575392877364,8,0.29461204265055535,0,1
SESS_REAL_04704,7.936709327225066,1,0.9369175934871433,1,0
SESS_REAL_06178,4.143127079243479,2,0.9755464440579357,1,0
SESS_REAL_02887,7.819640997619965,0,0.9448547252332627,1,0
SESS_REAL_02634,16.481202375223994,1,0.9388283844373206,1,0
SESS_REAL_01774,20.05211556546837,1,0.9496341330021831,1,0
SESS_REAL_04660,10.087502472755776,2,0.9852404339758409,1,0
SESS_FAKE_01183,50.35743686958756,8,0.4570387893614434,0,1
SESS_REAL_03418,4.667870620701059,4,0.9408021642607324,1,0
SESS_REAL_01042,6.105955284481907,1,0.8911746457559542,1,0
SESS_REAL_07079,17.58647177244988,0,0.9687639062013698,1,0
SESS_REAL_02190,5.117913759567243,2,0.9759292117655461,1,0
SESS_REAL_04000,11.683469439218262,2,0.9273397754081831,1,0
SESS_REAL_00452,8.124397503659685,0,0.9222633434159204,1,0
SESS_REAL_08283,6.294596868052983,1,0.9511102004080194,1,0
SESS_REAL_03073,5.294563092390792,0,0.9575593643271813,1,0
SESS_REAL_00062,22.674694382891207,0,0.9780002691262175,1,0
SESS_REAL_02722,19.690066180187994,2,0.9651914761546417,1,0
SESS_REAL_00007,25.634770373759274,0,0.9035000246451197,1,0
SESS_REAL_06219,3.4701558425285866,2,0.9630739182911058,1,0
SESS_REAL_08116,17.261121709504167,1,0.9386774161510449,1,0
SESS_REAL_00156,14.88186012356752,1,0.9420168783426135,1,0
SESS_REAL_08469,1.6845905603986688,1,0.9026777273909188,1,0
SESS_REAL_02724,7.590079511942348,2,0.9064483712595934,1,0
SESS_REAL_00327,12.85236566444922,1,0.979416897769746,1,0
SESS_REAL_00511,8.000430079117361,1,0.9333116280538877,1,0
SESS_REAL_07421,15.557113068954928,0,0.9456799726661339,1,0
SESS_REAL_06345,2.410722113509554,2,0.9290221037784825,1,0
SESS_FAKE_00101,14.048855256648263,9,0.1576861367568579,0,1
SESS_REAL_07413,22.42488384335682,1,0.9390727603128717,1,0
SESS_REAL_05518,2.951997923945894,2,0.9805677376740708,1,0
SESS_REAL_03810,15.632304503492447,0,0.937812713812945,1,0
SESS_REAL_01829,5.657675143651767,3,0.9495607593859005,1,0
SESS_REAL_03706,17.621898208616056,1,0.9401897701204428,1,0
SESS_REAL_02653,2.145304088833174,0,0.8972089220404861,1,0
SESS_REAL_05635,2.2042983386438344,3,0.9261246512142959,1,0
SESS_REAL_01155,18.26664469951277,0,0.9745095542942985,1,0
SESS_REAL_04112,2.363032613388735,1,0.9844093790234286,1,0
SESS_REAL_00747,10.911388586133162,3,0.9078157267405129,1,0
SESS_REAL_06494,42.084313254168364,1,0.9746708281734464,1,0
SESS_REAL_01410,4.265662204446882,0,0.9561658099464938,1,0
SESS_REAL_03724,7.092310099546033,1,0.9138341418616778,1,0
SESS_REAL_01835,14.322070688976595,1,0.9501835599242541,1,0
SESS_REAL_08157,7.3327907491848,0,0.9498262133229431,1,0
SESS_FAKE_00653,33.20484176116851,11,0.10959246454425695,0,1
SESS_FAKE_00497,79.23517380920576,12,0.3636755184733387,0,1
SESS_REAL_04755,25.622180953943065,3,1.0,1,0
SESS_FAKE_01252,122.20861622918221,8,0.35956317653039394,0,1
SESS_FAKE_00781,55.28617691464007,7,0.4168715708959325,0,1
SESS_REAL_04668,14.840843802029273,0,0.9529185399537877,1,0
SESS_REAL_07341,7.555682763607692,2,0.9887451321690213,1,0
SESS_REAL_01572,17.52145565698239,0,0.8905212101540148,1,0
SESS_REAL_06503,1.6202311237273468,1,0.9946894352687474,1,0
SESS_REAL_06976,18.071965407920903,1,0.9518404629599371,1,0
SESS_REAL_07173,18.12237539439573,2,0.9545035390207947,1,0
SESS_REAL_03878,11.271323582485369,1,0.8593827223451066,1,0
SESS_REAL_01496,13.09492476178102,0,0.982399495089026,1,0
SESS_REAL_00133,6.4429029583491895,1,0.8837844044619705,1,0
SESS_REAL_07500,10.893663058115981,0,0.9200937764254132,1,0
SESS_REAL_03910,1.980735085472721,0,0.9525937727012732,1,0
SESS_REAL_01809,2.7429538943320737,0,0.9870408583758278,1,0
SESS_REAL_07842,2.3352963085352827,2,0.9379880796579265,1,0
SESS_REAL_00971,34.64305977015563,1,0.991170918357955,1,0
SESS_FAKE_00638,49.56101606754191,12,0.33937338753695495,0,1
SESS_REAL_04969,8.184634851716684,1,0.9209417451363885,1,0
SESS_FAKE_00491,16.10320462554439,11,0.039653336624465296,0,1
SESS_REAL_07815,10.206702687462826,3,0.9606884014922482,1,0
SESS_REAL_04730,3.0389593399909574,2,0.9235785490667913,1,0
SESS_REAL_06306,7.1629223474435,0,0.9517448513511254,1,0
SESS_FAKE_00721,229.92960654078232,7,0.20033126698287468,0,1
SESS_FAKE_01145,60.12302355008624,7,0.3242988402604267,0,1
SESS_REAL_01973,10.259695124622247,1,0.9731418330467094,1,0
SESS_REAL_04219,4.989232833378704,1,0.9328819658453505,1,0
SESS_REAL_05155,5.796676251160472,0,1.0,1,0
SESS_REAL_03130,21.122627993858373,2,0.938260087843134,1,0
SESS_REAL_01712,19.711145918687162,0,0.921387090023846,1,0
SESS_REAL_06184,1.7667241782720198,2,0.9030975958177507,1,0
SESS_REAL_07599,5.45996025527204,2,0.9471223797177836,1,0
SESS_REAL_04547,14.076586779240614,2,0.982320106618351,1,0
SESS_FAKE_01224,10.805169153721176,11,0.3098797093253544,0,1
SESS_REAL_08496,63.482202733634,2,0.9493295614830592,1,0
SESS_REAL_03186,6.7971988550070925,1,0.9324417983038655,1,0
SESS_REAL_04538,2.5211394184452267,1,0.9200360937498298,1,0
SESS_REAL_06546,11.328243961901052,2,0.9691147923065297,1,0
SESS_REAL_06017,11.00012000544997,1,0.947008239569427,1,0
SESS_REAL_01530,5.97552834904143,2,0.9310100890311112,1,0
SESS_FAKE_01099,94.6053637585127,10,0.4113643226612327,0,1
SESS_FAKE_00389,40.848496882713505,11,0.604501491726525,0,1
SESS_REAL_07542,12.226019903621534,1,0.9524491111315864,1,0
SESS_REAL_05973,24.27606329447278,0,0.9077575606992648,1,0
SESS_REAL_08296,13.038425726642306,1,0.9438679217805878,1,0
SESS_REAL_00869,36.55094051117622,2,0.9463687552379738,1,0
SESS_REAL_06410,2.087527339322969,2,0.9114444071043275,1,0
SESS_REAL_00927,10.861053068157556,0,0.9594930705027935,1,0
SESS_REAL_03812,4.582290816433816,3,0.937031500126101,1,0
SESS_REAL_05117,9.393762141069352,1,0.9478369052068896,1,0
SESS_REAL_07985,19.77922308614697,1,0.9260511077496467,1,0
SESS_FAKE_00770,50.35528133865027,8,0.28650697525096325,0,1
SESS_REAL_01084,36.24673923744999,3,0.9770274728535592,1,0
SESS_REAL_02918,8.091246952646706,1,0.9445654736980618,1,0
SESS_REAL_06039,25.672449919786043,1,0.9622041856289266,1,0
SESS_REAL_03447,16.567411243017453,2,0.9248999366473085,1,0
SESS_REAL_04367,8.497180091181647,1,0.9926299749265045,1,0
SESS_REAL_06316,16.928034060118886,1,0.9246066687555223,1,0
SESS_REAL_02497,25.581177814957762,0,0.9510845758377747,1,0
SESS_REAL_04232,6.829627685835016,0,0.9533483257173397,1,0
SESS_REAL_00805,17.501883646600703,3,0.9161860224895446,1,0
SESS_FAKE_00350,78.87466899064165,8,0.1864424385962183,0,1
SESS_REAL_04825,3.59052310246429,0,0.89035604557425,1,0
SESS_REAL_02241,1.923426521943918,0,0.9040345275175563,1,0
SESS_REAL_00617,5.390122117543809,3,0.9676790541783251,1,0
SESS_REAL_05562,5.170991316073675,0,0.9498582870964183,1,0
SESS_REAL_07419,16.526161579379895,0,0.9527894558661496,1,0
SESS_REAL_00331,18.518182173080557,3,0.9423762253042969,1,0
SESS_REAL_07565,28.443067750738138,2,0.9394890246675258,1,0
SESS_REAL_03417,14.247665375395998,0,0.9695181486089423,1,0
SESS_REAL_03555,13.23794529302284,1,0.925404676443203,1,0
SESS_REAL_02621,28.19329089244834,0,0.9814356354113766,1,0
SESS_REAL_07659,13.835995051603355,2,0.9409197526706359,1,0
SESS_REAL_04602,30.29611796452456,1,0.9572121683574836,1,0
SESS_FAKE_00684,10.871234065634217,7,0.25667230385375595,0,1
SESS_REAL_02512,8.637424784021096,0,0.9046458576596479,1,0
SESS_REAL_04890,6.059345863519549,0,0.9383643642857188,1,0
SESS_REAL_00928,13.544367983214435,0,0.9261715445859489,1,0
SESS_REAL_02314,60.732188903737324,1,0.9016144719570749,1,0
SESS_REAL_01849,13.955088972914734,0,0.9697396048932492,1,0
SESS_REAL_06489,16.55040375003247,0,0.9386479541611372,1,0
SESS_REAL_04068,14.944366111138047,3,0.9457436982085097,1,0
SESS_REAL_06653,3.8570191807704908,0,0.9569882531636066,1,0
SESS_REAL_06731,4.537088519076644,3,0.9587889588158928,1,0
SESS_REAL_00304,17.03952675500021,3,0.9583352842841554,1,0
SESS_REAL_01615,14.785309806836834,0,0.9332632322028903,1,0
SESS_REAL_03129,23.37839487789947,1,0.9627287339796339,1,0
SESS_REAL_02145,22.187206871507552,0,0.9290065176738621,1,0
SESS_REAL_00481,15.77881485740129,1,0.9743100388537234,1,0
SESS_REAL_04126,15.159463616149516,0,0.9285933052718374,1,0
SESS_REAL_07225,44.42954883356608,2,0.9360523732672467,1,0
SESS_REAL_05697,7.739843053729963,1,0.8748489623155543,1,0
SESS_REAL_07533,9.822517559797726,2,1.0,1,0
SESS_REAL_02577,12.600741909721151,0,0.9761165215160152,1,0
SESS_REAL_06051,37.51598876693362,2,0.9696993357361153,1,0
SESS_REAL_02761,1.5944699726876834,1,0.9716928766146044,1,0
SESS_REAL_03697,14.72667021374864,0,0.9599255863478824,1,0
SESS_FAKE_00529,38.311028476886314,7,0.34871482980718504,0,1
SESS_REAL_03511,2.332413643698296,2,0.9388547232349448,1,0
SESS_FAKE_01112,53.80112749267706,7,0.4638355963305251,0,1
SESS_REAL_07496,2.404117590535847,3,0.9572645722196753,1,0
SESS_REAL_00893,7.573709873701061,0,0.9101577490173586,1,0
SESS_REAL_00894,14.734521340855139,3,0.904647603857355,1,0
SESS_REAL_03522,5.252916580794988,1,0.9161643126156273,1,0
SESS_REAL_02530,15.05459825324104,1,0.8834936696799333,1,0
SESS_FAKE_00893,18.63522488207569,12,0.21970342276551147,0,1
SESS_REAL_07625,14.118678615901281,2,0.941286104730162,1,0
SESS_REAL_07673,10.50453956355359,1,0.9116778383411024,1,0
SESS_REAL_07162,13.405730492515492,2,0.9476092609706332,1,0
SESS_REAL_07612,29.363185488436393,1,0.975382148897439,1,0
SESS_REAL_07226,25.035631990118908,1,0.9618003954807932,1,0
SESS_REAL_03588,3.116126682477757,0,0.9568104721086771,1,0
SESS_REAL_07374,3.0471075532932774,0,0.9615706749458449,1,0
SESS_FAKE_00481,59.09515581900596,3,0.21965091400144915,0,1
SESS_REAL_08043,16.151933620628498,0,0.9371829534555154,1,0
SESS_REAL_01416,1.981660996912587,2,0.9275619913436618,1,0
SESS_REAL_04741,2.906546967832205,1,0.9400467981876577,1,0
SESS_REAL_05753,19.707737407336065,3,0.9554223168478465,1,0
SESS_REAL_05184,18.204046796207074,0,0.9607970167303475,1,0
SESS_FAKE_01421,53.053338600243215,8,0.3871136975963538,0,1
SESS_REAL_00739,7.177434789812845,2,0.979058713571175,1,0
SESS_REAL_02007,19.491436779101516,3,0.9436277772854538,1,0
SESS_REAL_07844,22.126737736283395,6,0.9307966170268294,1,0
SESS_REAL_08352,24.462154252605412,1,0.9542222748150573,1,0
SESS_REAL_07439,3.135447222024871,0,0.9123744009704395,1,0
SESS_REAL_04632,20.957884866945637,0,0.9428296336643935,1,0
SESS_REAL_08180,1.5817358217046285,1,0.9522751700854388,1,0
SESS_REAL_03246,9.820472521717006,3,0.9503209162137569,1,0
SESS_REAL_03730,3.4568963622729463,0,0.9199283706615055,1,0
SESS_REAL_07652,2.412800323441213,0,0.8795036060770105,1,0
SESS_REAL_06703,5.827638068887023,0,0.9197885285716297,1,0
SESS_REAL_06797,6.002338226663184,2,0.9183098340026346,1,0
SESS_REAL_07181,7.8226659332970625,0,0.9515151467145886,1,0
SESS_REAL_04193,17.22308004388933,2,0.9650865405535631,1,0
SESS_REAL_08472,8.5352073854602,3,1.0,1,0
SESS_REAL_02539,19.080040172736197,0,0.8972533511039126,1,0
SESS_FAKE_00509,40.18361190971548,8,0.1296225194953965,0,1
SESS_REAL_00209,3.603789793250389,1,0.9458702936458196,1,0
SESS_REAL_00187,11.221588328238097,1,0.9164346044560587,1,0
SESS_REAL_06418,18.722506933751163,5,0.9540748050372146,0,0
SESS_FAKE_00574,83.4247925677626,7,0.49038174888654573,0,1
SESS_REAL_00159,17.132987141907794,1,0.9712365354323669,1,0
SESS_REAL_00944,4.274430330054431,2,0.9560447696939982,1,0
SESS_FAKE_00533,52.88566058585337,11,0.4728568768165115,0,1
SESS_FAKE_00008,48.76435793502904,8,0.29911356217921486,0,1
SESS_REAL_06053,7.514276278259554,2,0.8906053590319793,1,0
SESS_REAL_08363,8.747810761675753,1,0.9467754584703312,1,0
SESS_REAL_05606,25.954610558932703,2,0.9166511800855656,1,0
SESS_REAL_04348,22.479732289187115,1,0.934577259824601,1,0
SESS_FAKE_01191,50.66363010787077,6,0.3513503854987904,0,1
SESS_FAKE_00896,62.458986816835136,6,0.12119436679967727,0,1
SESS_REAL_00338,9.213415132954708,3,0.9968673263191486,1,0
SESS_REAL_01271,25.103850052837227,1,0.9339659097247484,1,0
SESS_REAL_02737,10.935849319755476,2,0.9414509147363543,1,0
SESS_FAKE_01338,19.023813060990857,11,0.5090749867048249,0,1
SESS_REAL_05477,15.685656664097658,2,0.9925545509781042,1,0
SESS_REAL_03922,19.850784749778203,1,0.9406766846363697,0,0
SESS_REAL_06195,3.533122743548062,0,0.9671539437024534,1,0
SESS_FAKE_00378,17.546088593305377,7,0.7476036759490612,0,1
SESS_REAL_07019,18.023345958205695,2,0.9631172965279563,0,0
SESS_REAL_07071,8.296845795758866,1,0.922126501855949,1,0
SESS_REAL_06866,7.487536922137532,1,0.9540118917117061,1,0
SESS_REAL_06780,6.762343570737068,1,0.9223236101465575,1,0
SESS_REAL_07441,2.4373931686635824,2,0.9666046899067346,1,0
SESS_REAL_04591,4.280429289024601,2,0.9236091296158954,1,0
SESS_FAKE_00620,10.647285482658395,8,0.44326630211985585,0,1
SESS_REAL_05065,1.9488459109842873,1,0.9675953665690047,1,0
SESS_REAL_05916,51.56188587339422,8,0.9798250413890396,1,0
SESS_REAL_06124,20.950458160601208,1,0.9471905814398536,1,0
SESS_REAL_07207,7.763377539232537,1,0.9607008829181616,1,0
SESS_REAL_02856,4.494663226686301,1,0.9202694799168335,1,0
SESS_REAL_02428,6.021949625886315,0,0.9713154226136558,1,0
SESS_REAL_08128,25.740914059316417,3,0.8752774478509753,0,0
SESS_FAKE_00129,38.508266425146005,11,0.28385530680736826,0,1
SESS_REAL_03302,11.326138146692486,3,0.8999339974941775,1,0
SESS_FAKE_00027,80.35302475816752,7,0.014316824409290607,0,1
SESS_REAL_00015,3.9313370739870845,1,0.9499187501945495,1,0
SESS_REAL_00968,11.527722368468426,2,0.9740787428023543,1,0
SESS_REAL_03222,2.547030018288251,1,0.950388319404357,1,0
SESS_REAL_02642,19.769430913373768,1,0.9102234776913893,1,0
SESS_FAKE_01226,17.003161650249623,4,0.23505955221862954,0,1
SESS_REAL_07766,5.484471429718537,2,0.9334816512083863,1,0
SESS_REAL_05897,6.40296210167995,1,0.9762568588748919,1,0
SESS_REAL_04166,4.797966079960737,3,0.9557318545184391,1,0
SESS_FAKE_01078,25.675493774373344,14,0.24845102108515457,0,1
SESS_REAL_01842,8.445078491079995,0,0.9629004014007075,1,0
SESS_REAL_00362,8.855471688613095,0,0.9265117076218284,1,0
SESS_REAL_05297,12.673710162769275,3,0.9324813869098888,1,0
SESS_REAL_00821,1.5557134087961146,1,0.9506000396645277,1,0
SESS_FAKE_00523,65.41292276428685,9,0.34316582520897493,0,1
SESS_REAL_05014,4.125142483144473,0,0.928429856683249,1,0
SESS_FAKE_00100,70.53797964739806,8,0.3182778009028169,0,1
SESS_REAL_01510,21.618844817821977,2,0.9658078559312319,1,0
SESS_FAKE_00063,12.230052894752877,13,0.25703593273638153,0,1
SESS_REAL_01549,13.53367180289223,1,0.9830758086936804,1,0
SESS_REAL_07403,7.720640128655754,0,0.9383674425642161,1,0
SESS_REAL_00744,4.670910371964783,1,0.9030243084603686,1,0
SESS_REAL_00348,7.1326080558607385,3,0.9642375145908183,1,0
SESS_REAL_02943,16.53897192226511,1,0.9273115474681266,1,0
SESS_REAL_01872,9.959059366074348,4,0.9661425435893491,1,0
SESS_REAL_06833,31.58899765022975,1,0.9733965606299624,1,0
SESS_FAKE_00118,13.029082343986445,17,0.3924556355594064,0,1
SESS_REAL_05822,16.296023048144274,1,0.9391676970424805,1,0
SESS_REAL_06040,12.304277938115659,4,0.9965764719544039,1,0
SESS_FAKE_01355,98.28750715795789,8,0.21194101353102304,0,1
SESS_REAL_05396,2.664073029372623,0,0.9123145991983463,1,0
SESS_REAL_01157,27.03055581662584,3,0.9546391987587903,1,0
SESS_REAL_01571,3.707278979077895,1,0.9534935593312205,1,0
SESS_REAL_04697,10.005413817314473,2,0.9413938106330418,1,0
SESS_REAL_00707,21.420847365238785,0,0.9241500888988178,1,0
SESS_REAL_00814,25.97308717472236,1,0.9198593216337525,1,0
SESS_REAL_03776,22.143161161871838,0,0.9567668605130725,1,0
SESS_REAL_04383,11.517038393297854,0,0.9270324862178938,1,0
SESS_REAL_00585,4.795541612587235,2,0.9159344586443301,1,0
SESS_REAL_01777,8.406569920378725,3,0.9564158669848685,1,0
SESS_REAL_06413,7.55125535453598,0,0.9133527352801543,1,0
SESS_REAL_00194,6.468558117735887,1,0.9996032032647753,1,0
SESS_FAKE_00545,98.96802908326488,8,0.22942513450262617,0,1
SESS_FAKE_01271,27.959237553683625,8,0.4763466645964083,0,1
SESS_REAL_07109,7.952477458232181,1,0.9220805130632679,1,0
SESS_REAL_00575,37.33428498449601,2,0.9305517933748201,1,0
SESS_REAL_06300,19.830071752228182,2,0.9162974221162218,1,0
SESS_REAL_07051,10.49039358126729,2,0.9533262739664585,1,0
SESS_REAL_05268,24.911126376566745,0,0.9661061648791953,1,0
SESS_REAL_05858,1.7421010545672115,0,0.9377980792843577,1,0
SESS_REAL_00037,2.733327780030075,3,0.9546715195859132,1,0
SESS_REAL_08111,5.869825890145513,2,0.9476106585647385,1,0
SESS_REAL_05320,5.484628716744629,4,0.9413006966005139,1,0
SESS_REAL_05121,32.52602899952416,0,0.9150298974310435,0,0
SESS_REAL_02212,1.7180477569699735,2,0.9580947089713154,1,0
SESS_REAL_07591,23.490844309015323,1,0.9978185777751633,1,0
SESS_FAKE_00965,200.53034799387922,13,0.3543886912570306,0,1
SESS_FAKE_01129,20.742464085272708,10,0.17694040626468535,0,1
SESS_REAL_03873,22.574540900635633,1,0.9370797082411935,1,0
SESS_REAL_06094,4.252644509249111,4,0.9170215624957654,1,0
SESS_REAL_00170,15.082220811208186,3,0.9576445765504099,1,0
SESS_REAL_07663,9.826369899550148,0,1.0,1,0
SESS_REAL_05610,2.4611118861561323,0,0.9726310617779662,1,0
SESS_REAL_03190,5.914491911480445,0,0.9791025795853194,1,0
SESS_REAL_05074,44.605995120111075,1,0.9644916071495433,1,0
SESS_REAL_06633,10.425009985727065,0,0.9908033603152043,1,0
SESS_REAL_05044,13.218208859564305,1,0.9627038747480425,1,0
SESS_REAL_02715,5.776680286934485,0,0.9504626891266694,1,0
SESS_REAL_00634,2.860336062487961,0,0.9338392195559562,1,0
SESS_REAL_04826,15.602551026562537,3,0.960293319902941,1,0
SESS_REAL_07584,10.67712436424358,4,0.8932456838987539,1,0
SESS_REAL_06848,12.465856724814799,1,0.9432001339101166,1,0
SESS_REAL_05701,6.753657071513475,1,0.9598480113637144,1,0
SESS_REAL_04017,28.62465011986947,5,1.0,1,0
SESS_REAL_01149,25.735447658646358,2,0.931802539426428,1,0
SESS_REAL_01982,8.85400975778946,1,0.9307666271736664,1,0
SESS_REAL_05750,4.850453977873176,0,0.9632856048151546,1,0
SESS_FAKE_01135,59.508485817076476,3,0.21344517875847044,0,1
SESS_REAL_01251,9.382300323237535,2,0.9379779260415094,1,0
SESS_FAKE_00238,152.58663697336806,15,0.3901696703992976,0,1
SESS_REAL_06711,4.668814391986761,0,0.953423782230773,1,0
SESS_REAL_01900,11.195332022354117,0,0.9235500461575293,1,0
SESS_REAL_05596,6.767343951221766,1,0.9247938626348345,1,0
SESS_REAL_04242,18.439532685344766,0,0.9737458321018332,1,0
SESS_REAL_06425,3.548073798662779,0,1.0,1,0
SESS_FAKE_00317,15.832934694834437,13,0.37901738699710147,0,1
SESS_REAL_03041,43.85241102270928,1,0.9678788992649326,1,0
SESS_FAKE_00505,65.76629703616447,6,0.35739861473929774,0,1
SESS_REAL_06514,10.02300822952758,0,0.9690349445218371,1,0
SESS_FAKE_01291,21.708744461890653,8,0.0,0,1
SESS_REAL_04129,1.5133525563813943,3,0.9495132137388711,1,0
SESS_FAKE_01347,83.33399795281503,3,0.30841250963802413,0,1
SESS_REAL_02527,39.384346427400104,2,0.9258637215591775,1,0
SESS_FAKE_00863,12.12454667571377,14,0.5255685170913409,0,1
SESS_REAL_03408,4.816894156759165,1,0.943706055189364,1,0
SESS_REAL_00377,1.7825640381685381,2,0.9558382279538307,1,0
SESS_REAL_04526,18.12881091801981,0,0.9728859068355935,1,0
SESS_REAL_01249,13.005692273169362,1,0.9472573891409264,1,0
SESS_FAKE_01063,41.087572045968265,9,0.27204640650429357,0,1
SESS_REAL_07889,7.63301334439692,2,0.9696241512785392,1,0
SESS_REAL_06077,10.926008498855097,2,0.8795310178443707,1,0
SESS_REAL_03059,37.79531588918916,0,0.9923620829242783,1,0
SESS_REAL_02301,11.684948911095752,1,0.9770259332164698,1,0
SESS_REAL_07277,2.6919627436255813,3,0.9278406492572615,1,0
SESS_REAL_07871,1.8902096247664346,2,1.0,1,0
SESS_REAL_00330,6.780169551877349,2,0.9548416114890352,1,0
SESS_REAL_07171,27.646533231011954,3,0.9110034525508375,1,0
SESS_FAKE_00281,62.87854247997827,5,0.3870145106271701,0,1
SESS_REAL_00208,1.560893244621564,1,0.933584761875687,1,0
SESS_REAL_08011,8.634201433021788,1,0.9834861092523064,1,0
SESS_REAL_06885,33.71166860601668,1,0.9811182614191946,1,0
SESS_REAL_05557,17.478056763207988,1,0.9802386770540602,1,0
SESS_REAL_04777,5.914896163391309,1,0.8989772919039624,1,0
SESS_REAL_06074,5.902222819246676,1,0.9478023765874297,1,0
SESS_REAL_01944,20.148887957683172,1,0.9821812622230232,1,0
SESS_REAL_03060,5.7337453766203135,0,0.9186000182410493,1,0
SESS_REAL_03145,7.014917442637766,3,0.9382014759015856,1,0
SESS_FAKE_00404,57.945492549401365,9,0.17046410956700103,0,1
SESS_REAL_05900,13.481220062463077,1,1.0,1,0
SESS_REAL_02544,2.613342868738989,0,0.9558254271678326,1,0
SESS_REAL_00982,2.852626977176136,1,0.91073468473991,1,0
SESS_REAL_01498,7.232284137358799,0,0.9376353033442455,1,0
SESS_REAL_04036,46.91408060529004,0,0.8778116558590946,0,0
SESS_REAL_06044,15.961597281261279,1,0.9798294014512436,1,0
SESS_REAL_05834,20.598629143716714,2,0.8821819910921725,1,0
SESS_REAL_03805,43.468653973480784,1,0.962329284950425,1,0
SESS_REAL_07030,14.684866354411872,0,0.963800825033108,1,0
SESS_REAL_02355,3.0416176443119647,0,0.9184026451959838,1,0
SESS_REAL_02659,14.352671081655714,0,0.9602895302407731,1,0
SESS_FAKE_00747,41.86948901959857,12,0.0,0,1
SESS_REAL_00004,3.5354984455481553,2,0.9810268002201429,1,0
SESS_REAL_02815,19.22129558449675,2,0.9660536302639859,1,0
SESS_REAL_08033,2.888694382428361,0,0.9432974825561101,1,0
SESS_REAL_04427,2.7239365156581736,1,0.9524368377228729,1,0
SESS_REAL_08369,2.940272985530205,0,0.9308226159964884,1,0
SESS_REAL_06440,5.257829186564793,5,1.0,1,0
SESS_REAL_07899,27.446236433402944,5,0.9838380847998146,1,0
SESS_REAL_03651,7.587297286372151,0,0.9374893345226492,1,0
SESS_REAL_00376,23.862312481167326,2,0.9201307277826751,1,0
SESS_FAKE_00457,30.512675311166024,7,0.29520514636793466,0,1
SESS_REAL_02690,10.58423565015987,0,0.933328386135519,1,0
SESS_REAL_04671,26.87133345476979,2,0.9813363973442955,1,0
SESS_REAL_06149,36.56685882445395,1,0.9283943596497186,1,0
SESS_REAL_00917,37.083206653826444,1,0.9016289564572855,1,0
SESS_FAKE_00751,68.20964595952036,4,0.23000227643675247,0,1
SESS_REAL_00856,1.946812102292066,0,0.9623676192210405,1,0
SESS_FAKE_01365,21.755848499659493,6,0.35618867273358285,0,1
SESS_FAKE_00436,16.034870808566122,7,0.5569129150357632,0,1
SESS_REAL_00590,3.293520792810199,0,0.8894521954001291,1,0
SESS_REAL_07954,28.406257759414604,0,0.9667241318712106,1,0
SESS_FAKE_00382,129.17630916541628,13,0.34004915326311536,0,1
SESS_FAKE_01000,68.88530256059032,7,0.05466580629848011,0,1
SESS_REAL_00573,13.177085704237024,2,0.9109786459822404,1,0
SESS_REAL_01546,21.17830460922431,0,0.9623208594133258,1,0
SESS_FAKE_00304,96.35840433270445,9,0.2420855766443192,0,1
SESS_REAL_03562,2.2039972529474037,0,0.9788168406044968,1,0
SESS_REAL_07794,17.085170087631166,1,1.0,1,0
SESS_REAL_02533,1.6730247568561383,1,0.9052860201783844,1,0
SESS_FAKE_00427,42.553501211830714,12,0.14746920353244938,0,1
SESS_REAL_08376,3.7469520256411664,0,0.959993661708266,1,0
SESS_REAL_07475,9.7499727628066,1,0.916376157875237,1,0
SESS_REAL_02623,30.38776887793436,2,0.9922923442159448,1,0
SESS_REAL_00602,3.8377418097972953,0,0.9846377074282757,1,0
SESS_REAL_07810,4.5291694701731116,1,0.9531008059598768,1,0
SESS_REAL_06721,2.4423783193328683,1,0.953107295653252,1,0
SESS_REAL_00174,13.933492098572303,1,0.9734118678375555,1,0
SESS_REAL_02473,16.86779440228554,0,0.8852129996707202,1,0
SESS_REAL_02337,7.026401377424873,0,0.9382231496792722,1,0
SESS_REAL_03918,14.843768646587257,3,0.9193166527703673,1,0
SESS_REAL_02366,3.0750245266161778,0,0.9242184160678775,1,0
SESS_REAL_08227,3.1133852293169326,1,0.9602339666378332,1,0
SESS_REAL_08364,10.235867311262929,1,0.9348600987750557,1,0
SESS_REAL_07013,4.051211672029568,3,1.0,1,0
SESS_REAL_04939,21.543429004805883,2,0.978947082762627,1,0
SESS_REAL_08076,12.784803848408446,1,1.0,1,0
SESS_REAL_00959,17.574469085087557,1,0.9851781187622901,1,0
SESS_REAL_05302,18.72026500349132,1,0.9547049649960857,1,0
SESS_REAL_03396,22.44416824730714,1,0.8981307319938563,1,0
SESS_REAL_00201,2.5547007143530087,0,0.9553795550347941,1,0
SESS_REAL_05561,74.25430610041776,2,0.965726097836512,1,0
SESS_REAL_06067,6.378408021617769,1,0.910425241948634,1,0
SESS_REAL_00615,31.940322556547137,4,0.9393063264033229,1,0
SESS_REAL_02873,8.025310721969928,2,0.9651986650985523,1,0
SESS_REAL_02967,11.408430956209571,0,0.9511954791245097,1,0
SESS_REAL_02407,4.449157790690979,2,0.9669395216451067,1,0
SESS_REAL_04721,2.1754505000163835,0,0.9733621935607865,1,0
SESS_REAL_01454,1.8702998128068624,1,0.9245698415235489,1,0
SESS_REAL_03754,5.3034058297247135,2,0.9897283328938901,1,0
SESS_FAKE_00183,14.903054630195571,15,0.25894984010974154,0,1
SESS_REAL_08054,20.89583054013226,1,0.9778258276410711,1,0
SESS_REAL_01250,20.607270467179674,0,0.9797240856836854,1,0
SESS_REAL_04901,9.436531878141906,0,0.9527271157162289,1,0
SESS_FAKE_01162,46.250671481976134,13,0.4888736822775115,0,1
SESS_REAL_08425,5.940042426871094,2,0.939693853237113,1,0
SESS_REAL_02571,29.887704818914685,0,0.9788506415578812,1,0
SESS_REAL_05863,8.09244047679178,1,0.9762911356950207,1,0
SESS_REAL_04327,50.061248339158055,5,0.9336144990967454,1,0
SESS_REAL_05032,11.47282762741027,0,0.8950954336064945,1,0
SESS_REAL_06341,13.935685619354159,1,0.950226158913728,1,0
SESS_REAL_04678,15.141848730012,1,1.0,1,0
SESS_REAL_04884,2.896560279564693,5,0.9048015060766307,1,0
SESS_REAL_04416,7.9428118150844735,0,0.9840004398080987,1,0
SESS_REAL_01219,5.330230184084876,1,0.9963439203915277,1,0
SESS_REAL_00737,21.852991954176836,3,0.9589205762848265,1,0
SESS_REAL_00679,25.574928743617857,0,0.9171111323094124,1,0
SESS_REAL_03729,12.352726396444455,0,0.9122161170525692,1,0
SESS_REAL_01080,20.020713382507033,1,0.926025913974306,1,0
SESS_REAL_03115,26.69279714136625,3,1.0,1,0
SESS_REAL_07298,6.932964896458979,1,0.9330171897410674,1,0
SESS_REAL_00120,21.268179495642794,0,0.8927060699102322,1,0
SESS_FAKE_00708,28.647515179089673,8,0.5341075629988745,0,1
SESS_FAKE_00539,87.76228869937923,12,0.22292254399536637,0,1
SESS_FAKE_00624,20.367291186894796,13,0.3407875360979294,0,1
SESS_REAL_06226,3.0527231183023247,1,0.9661366132877179,1,0
SESS_REAL_03965,20.078531066306216,1,0.9592577065684962,1,0
SESS_REAL_00114,13.541930286246373,1,0.977650738944283,1,0
SESS_REAL_06232,11.191907442310692,1,0.9660666241643392,1,0
SESS_REAL_04364,4.5861855345229685,1,0.9667060495048695,1,0
SESS_REAL_06205,36.94508442653998,3,0.9993030845387567,1,0
SESS_REAL_08139,5.574097739998138,3,0.9344599795177366,1,0
SESS_REAL_00298,13.202635423877915,1,0.9147085443645345,1,0
SESS_REAL_02615,2.789584592925522,2,0.9548733171561222,1,0
SESS_REAL_07727,8.131706669266237,0,0.977444316090491,1,0
SESS_REAL_06689,2.4062069595429625,1,0.9214522521304035,1,0
SESS_REAL_06222,4.034309802470878,2,0.9717396883907966,1,0
SESS_REAL_02272,9.525367304025039,1,0.9457253344482032,1,0
SESS_REAL_02053,36.45836312879395,2,0.9276600529275525,1,0
SESS_REAL_04592,9.925188147017495,2,0.9599842137575223,1,0
SESS_REAL_04877,15.791883775337073,3,0.9442578615114795,1,0
SESS_REAL_02086,2.837531694199253,1,0.9444219375158618,1,0
SESS_REAL_06934,36.89160345716742,2,0.9267045072746042,1,0
SESS_REAL_04868,12.389966365354894,1,0.9310580173918749,1,0
SESS_FAKE_00888,51.441976935895106,9,0.3408230303623914,0,1
SESS_REAL_07180,4.693000373970329,2,0.8960253252790261,1,0
SESS_REAL_01981,20.972910926985527,2,0.9448566276962967,1,0
SESS_REAL_04856,3.3941843790765054,3,0.9540026790352787,1,0
SESS_REAL_05106,6.983595585711484,1,0.9109667477898051,1,0
SESS_REAL_01473,7.713000943784433,0,0.9614602161635828,1,0
SESS_REAL_02655,7.9646210719652375,3,0.9402941281531639,1,0
SESS_REAL_07690,2.4013031559910445,2,0.9605422419774734,1,0
SESS_REAL_04057,1.9915997983550984,1,0.9563451278701455,1,0
SESS_FAKE_01116,87.09041135914434,8,0.19442030780393899,0,1
SESS_REAL_05473,16.010448183501865,2,0.9708016011139705,1,0
SESS_REAL_03689,1.7320959476746982,0,0.948133068290825,1,0
SESS_FAKE_00262,11.23576885275341,16,0.37109192653384987,0,1
SESS_REAL_00542,4.615244705021804,0,0.9656861380074289,1,0
SESS_REAL_08444,3.876426286050207,0,0.9807248697982063,1,0
SESS_REAL_00138,6.923693987603548,2,0.9214421345697124,1,0
SESS_REAL_03450,8.778446145485422,0,0.9330460588462277,1,0
SESS_REAL_03391,28.88388593593161,1,0.9416774770571107,1,0
SESS_REAL_00833,3.8286540384971612,1,0.9361490385323724,1,0
SESS_REAL_01366,16.597978909525317,2,0.9727931257737753,1,0
SESS_FAKE_01237,132.63513608066773,8,0.32861072001218566,0,1
SESS_REAL_06938,9.768633111826201,3,0.9711530164824969,1,0
SESS_REAL_02905,2.174202829877963,0,0.9527841363816928,1,0
SESS_REAL_04045,8.192626594271532,0,0.9738028897910743,1,0
SESS_REAL_08055,7.582700177143293,1,0.9305641418901812,1,0
SESS_REAL_04802,30.31952120057911,1,0.9389361240531151,1,0
SESS_REAL_02381,24.886209987095345,2,0.9812641967790553,1,0
SESS_REAL_03252,12.66582874959283,0,0.9040575505327031,0,0
SESS_REAL_06000,14.038252237525482,0,0.9539109217988547,1,0
SESS_REAL_04221,12.911763288933587,1,1.0,1,0
SESS_REAL_02461,26.974680002961563,1,0.9295980310623503,1,0
SESS_FAKE_00209,74.23102520060834,9,0.27675545774310106,0,1
SESS_REAL_05639,2.1029532090090024,1,0.9424507845594565,1,0
SESS_FAKE_00357,23.100362781285646,13,0.25272450677352243,0,1
SESS_REAL_03079,36.24765911638703,1,0.9493780541595291,1,0
SESS_REAL_00290,1.8717007452176946,3,0.9526065541963343,1,0
SESS_REAL_00996,31.412398122451698,0,0.9912293486196271,1,0
SESS_FAKE_00190,21.60788375532855,10,0.19206694277056152,0,1
SESS_FAKE_00028,63.7668620597349,9,0.563690261046826,0,1
SESS_REAL_00391,7.88495224983126,3,0.9828978136754637,1,0
SESS_REAL_01322,26.148426684028777,3,1.0,1,0
SESS_FAKE_00988,148.51432933190316,9,0.3926132355317062,0,1
SESS_REAL_04764,10.776548245032503,1,0.9749692965876234,1,0
SESS_REAL_06530,11.205942378344389,2,0.9894303834114957,1,0
SESS_FAKE_00922,45.08850259781867,4,0.3020668842175346,0,1
SESS_REAL_00697,11.945436819509323,2,0.9882184018842484,1,0
SESS_REAL_03990,2.5466447599856163,0,0.9558497087629848,1,0
SESS_REAL_01117,26.691897735497083,3,0.9528063637815843,1,0
SESS_REAL_07765,13.260376278001376,0,0.9056235423666527,1,0
SESS_REAL_05875,5.085732105753474,0,0.9789749494057438,1,0
SESS_REAL_01657,5.875177463371226,0,0.9579501907720491,1,0
SESS_REAL_02495,9.634976944906908,2,0.9224240669786664,1,0
SESS_REAL_00926,5.25480657331784,2,0.8893137152831273,1,0
SESS_REAL_01761,23.82229064879771,1,0.9445089654501893,1,0
SESS_REAL_07454,26.10638653433783,2,0.9391909544371994,1,0
SESS_REAL_00275,9.85421253061439,0,0.9253399243965528,1,0
SESS_REAL_01535,3.0597475142568067,3,0.9440285215217463,1,0
SESS_REAL_03611,3.3518240445627434,2,0.9731978366426043,1,0
SESS_REAL_08246,4.422234043514352,0,0.9400206666066265,1,0
SESS_FAKE_00639,77.33546312668602,11,0.0,0,1
SESS_REAL_07372,2.7576110828460965,1,0.94429430604802,1,0
SESS_REAL_01576,1.787069519178888,3,0.9667358908966284,1,0
SESS_REAL_00798,15.8144488863115,1,0.8511331646009808,1,0
SESS_REAL_05359,9.777825388993213,2,0.9550935534936427,1,0
SESS_REAL_06101,16.89115313208859,1,0.9532072078787376,1,0
SESS_REAL_00068,2.429710425735708,1,0.9179538850563704,1,0
SESS_REAL_02691,12.350320655562202,1,0.9709244327243356,1,0
SESS_FAKE_01215,98.70166791925514,14,0.22556279794345868,0,1
SESS_REAL_01203,6.1918292426067625,1,1.0,1,0
SESS_REAL_01007,24.201263856603354,1,1.0,1,0
SESS_REAL_07830,4.1847603956268955,1,0.9527431970963067,1,0
SESS_REAL_03524,3.6997362407275407,0,0.9544548591740332,1,0
SESS_REAL_08046,16.252423547443097,1,0.8977706522607035,1,0
SESS_REAL_03193,6.247529637453483,4,0.9516291170997899,1,0
SESS_REAL_00128,1.5837169101798079,0,0.9292001028619435,1,0
SESS_FAKE_00515,77.25606402559306,10,0.2312937806982453,0,1
SESS_REAL_05894,8.982026562191844,1,0.8873229957846986,1,0
SESS_REAL_00483,13.352090076096264,0,0.9465726825769362,1,0
SESS_REAL_02910,4.642872362704736,1,0.9365883669210181,1,0
SESS_REAL_03448,12.291970964268218,1,0.9318831904656288,1,0
SESS_REAL_05724,3.1755653900274665,3,0.9571779252683167,1,0
SESS_REAL_07902,5.262067835407261,1,0.8891134342639858,0,0
SESS_REAL_02484,8.953839353509398,4,0.9717879181278604,1,0
SESS_REAL_05006,19.49616056095256,1,0.9386562625889121,1,0
SESS_REAL_08294,19.205344532707837,0,0.923128861982043,1,0
SESS_REAL_03341,11.875962422448426,0,0.8879168222235724,1,0
SESS_REAL_04988,17.267710709557612,1,0.9047497381435791,1,0
SESS_REAL_06464,21.521719131141115,0,0.957558368550881,1,0
SESS_REAL_00767,26.624008132631253,2,0.9070394110633736,1,0
SESS_REAL_05529,5.654842713776427,3,0.9112741818035661,1,0
SESS_FAKE_00950,82.27569097707352,9,0.3147309218518585,0,1
SESS_FAKE_01065,14.263319504397046,9,0.2780151290206438,0,1
SESS_REAL_01787,12.920950369330464,1,0.9302561682332994,1,0
SESS_REAL_03811,8.848299354525828,2,0.9428111635765245,1,0
SESS_REAL_05417,6.0511352428652225,1,1.0,1,0
SESS_REAL_00465,7.137558935043206,2,0.9394368501756671,1,0
SESS_REAL_07922,3.858759595258069,1,0.9223202657599534,1,0
SESS_REAL_00866,3.5244360811314657,2,0.910860620041566,1,0
SESS_REAL_00197,28.789168189287025,2,0.9630287438394719,1,0
SESS_REAL_03859,23.02350325927568,1,0.9025403706588938,1,0
SESS_REAL_05566,15.815958686905407,1,1.0,1,0
SESS_REAL_04133,13.55201132508423,0,0.9512925122660636,1,0
SESS_REAL_00204,12.689927363587074,2,0.9257601449265538,1,0
SESS_REAL_07977,18.499511410367738,3,0.9567011358415967,1,0
SESS_REAL_07583,3.036172364687059,2,0.924455843637399,1,0
SESS_FAKE_00538,28.18951869979013,6,0.4805351512170516,0,1
SESS_REAL_01057,7.66858803147529,0,0.9180494735235607,1,0
SESS_REAL_01561,4.743931375301317,2,0.9284952017627566,1,0
SESS_FAKE_01452,116.86470531106153,11,0.4189320029200378,0,1
SESS_REAL_05693,12.307507472131963,0,0.8943564064561749,1,0
SESS_REAL_05727,2.7325022650944586,2,0.9328966275134558,1,0
SESS_FAKE_00286,17.39224644017563,14,0.42901067701510853,0,1
SESS_REAL_06379,27.969464300331953,1,0.9435479220855197,1,0
SESS_REAL_00270,21.38849408711655,1,1.0,1,0
SESS_REAL_02129,8.192694376202702,1,0.9860188898293917,1,0
SESS_REAL_04541,10.259663546097462,0,0.9473779487092646,1,0
SESS_REAL_00126,21.94595671966734,2,0.9444582226406154,1,0
SESS_REAL_05266,5.624712937861049,2,0.9633876052987173,1,0
SESS_REAL_00952,3.813864343662626,0,0.9378340192471262,1,0
SESS_REAL_05683,4.354737394894637,3,0.9535387190960986,1,0
SESS_REAL_03253,2.9959323456641727,1,0.9497577039056488,1,0
SESS_REAL_05430,12.717257952465634,1,0.9649005685791343,0,0
SESS_FAKE_00569,70.49497660973218,10,0.09446475483644665,0,1
SESS_FAKE_00160,28.199813527850953,8,0.3975719978663144,0,1
SESS_FAKE_00447,117.50435692588529,8,0.08263814215125898,0,1
SESS_REAL_08136,7.555088154216269,0,1.0,1,0
SESS_REAL_02259,8.342576278597607,1,0.9342551263568307,1,0
SESS_REAL_04987,12.503033456734933,0,1.0,1,0
SESS_FAKE_00612,13.443418754524721,11,0.5544285916303667,0,1
SESS_REAL_06399,24.834743608158426,2,0.9722202174300717,1,0
SESS_REAL_03756,3.949395537827174,2,0.9391522860240781,1,0
SESS_FAKE_01498,83.51611260354193,13,0.05802210270768243,0,1
SESS_REAL_00060,7.405563501530623,3,1.0,1,0
SESS_REAL_06542,42.55488294274718,1,0.8778644484618106,1,0
SESS_REAL_02507,8.439617543369717,5,0.884240514057794,1,0
SESS_REAL_05083,4.790399625215855,5,0.9840760254918657,1,0
SESS_REAL_06362,4.797111484771843,2,0.9655108568957261,1,0
SESS_FAKE_00243,57.101551998081746,9,0.4000663487893804,0,1
SESS_REAL_01430,8.777907229104114,1,0.9630815322432782,1,0
SESS_REAL_05661,2.8399016135992508,1,0.9778840568389877,1,0
SESS_FAKE_01160,16.72463236495222,11,0.518773058363359,0,1
SESS_REAL_05551,7.334728982094763,2,0.9418308274702876,1,0
SESS_REAL_01879,11.489517689617866,2,0.9146911038482203,1,0
SESS_REAL_03379,15.905700283886173,1,0.9574631348014158,1,0
SESS_REAL_02738,40.9871529573948,2,0.9632583315142513,1,0
SESS_REAL_07558,10.524177298897653,3,0.9807128243041191,1,0
SESS_REAL_01401,3.7015832415691285,0,0.9463134187406925,1,0
SESS_REAL_03701,15.117091640175087,2,0.9861834376758359,1,0
SESS_REAL_06882,6.157746179566487,0,0.9234238515682849,1,0
SESS_FAKE_01184,87.42945511554663,10,0.2205835165684354,0,1
SESS_REAL_02005,18.595347043165933,2,0.9467413460633147,1,0
SESS_FAKE_00773,28.465346744516886,13,0.18433128647376673,0,1
SESS_REAL_01968,6.38680324906362,1,0.9368253399815957,1,0
SESS_REAL_05785,30.337411038665834,3,1.0,1,0
SESS_REAL_06071,5.86784253573269,0,0.9757176960998519,1,0
SESS_REAL_07594,3.0007363656488906,1,0.8902625905990813,1,0
SESS_REAL_00561,4.373777921921322,0,0.9682074113086114,1,0
SESS_REAL_05497,27.87876696623725,2,0.964084406539769,1,0
SESS_REAL_01332,4.612319348240481,1,0.9369886127992693,1,0
SESS_REAL_03605,3.9230117757554086,2,0.9783546420700049,1,0
SESS_REAL_06555,16.47987434268141,1,0.924700209403221,1,0
SESS_REAL_00939,11.81088802641787,0,0.9606214552576263,1,0
SESS_REAL_05583,16.007788031844754,1,0.993352019866213,1,0
SESS_REAL_08305,4.194782876067917,0,0.9366884239120986,1,0
SESS_REAL_02444,8.467283178540786,1,0.922133526247695,1,0
SESS_REAL_01490,4.754527784783735,1,0.9807104254748782,1,0
SESS_REAL_00043,30.305074648716285,2,0.9362293024851704,1,0
SESS_REAL_06965,3.1224746121565023,2,0.9415662431279465,1,0
SESS_REAL_05324,2.1784163758348023,2,0.9542170865045247,1,0
SESS_REAL_06403,26.29698828444746,6,0.9452728219633088,1,0
SESS_REAL_08456,13.85463496411958,4,0.9088196270086679,1,0
SESS_REAL_04924,2.110542565089221,0,0.9588753516567144,1,0
SESS_REAL_06035,4.7252645455768345,2,0.9019702266597383,1,0
SESS_REAL_07908,7.5258661518943795,2,0.9684060853184967,1,0
SESS_REAL_04945,35.461052612220655,0,0.958382466038109,1,0
SESS_REAL_08023,7.841864852953694,0,0.9369701893791723,1,0
SESS_REAL_00955,7.297329591934421,0,0.9169430008103385,1,0
SESS_REAL_01737,4.097330184736963,0,0.9609587098237671,1,0
SESS_REAL_04992,6.516060898826135,1,0.9050848719252076,1,0
SESS_REAL_07674,10.248521625720478,2,0.9391754845359908,1,0
SESS_REAL_06473,43.16371249930215,1,0.9382520444416321,1,0
SESS_REAL_01628,2.7200938044283305,1,0.9419531019398064,1,0
SESS_FAKE_00777,63.540265342385545,8,0.2662035478734286,0,1
SESS_REAL_06900,4.631956431013037,1,0.9362358327041747,1,0
SESS_REAL_05033,12.512997458966996,1,0.9282093409423128,1,0
SESS_REAL_05339,1.574436259943276,2,0.9689623815059424,1,0
SESS_REAL_04822,7.179543966692143,3,0.9203067497639131,1,0
SESS_REAL_03377,3.994957587983202,1,0.9384413178916636,1,0
SESS_REAL_00240,35.35299776727964,0,0.9352901466697218,1,0
SESS_REAL_03597,11.153296998995383,0,0.9332271628368518,1,0
SESS_FAKE_01258,371.0544410561521,9,0.19579802236844676,0,1
SESS_REAL_01493,2.4121570590646466,0,0.9475815090555475,1,0
SESS_FAKE_00762,17.42569230239354,9,0.26572725815987336,0,1
SESS_REAL_02573,9.265174631874292,1,0.952537719012426,1,0
SESS_FAKE_00506,31.728491028353766,6,0.5943742272823449,0,1
SESS_REAL_03070,16.215842693400916,1,0.9109437844438164,1,0
SESS_FAKE_00622,12.598456533323013,4,0.5039442409127175,0,1
SESS_REAL_06952,8.603824235768494,1,0.9496605024984258,1,0
SESS_REAL_06215,21.005009595890254,1,0.9357097620295846,1,0
SESS_FAKE_01229,28.602450246755275,10,0.37979325663044955,0,1
SESS_REAL_02085,9.765380868586705,1,0.972173559583196,1,0
SESS_REAL_01002,26.257701531384704,2,0.9587991870805107,1,0
SESS_FAKE_00327,22.257535675512443,14,0.3305007101725308,0,1
SESS_REAL_04116,31.405795389414592,2,0.9221709454733746,1,0
SESS_FAKE_00087,140.14423144314995,6,0.2829686271547861,0,1
SESS_REAL_00206,2.7839628172313917,2,0.9399392878836201,1,0
SESS_REAL_02424,5.597126073952027,0,0.9091219916075161,1,0
SESS_REAL_07636,6.2453796342312025,1,0.9542008346667765,1,0
SESS_REAL_00386,5.476006347680863,2,0.9733679654156153,1,0
SESS_REAL_00788,8.93889007585396,1,0.9549391559434921,1,0
SESS_REAL_07368,4.014995761231064,0,0.9614482526118606,1,0
SESS_REAL_05447,13.118426890786768,1,0.9260149502463291,1,0
SESS_REAL_07041,7.526499971730177,1,0.9486486939700067,1,0
SESS_REAL_03211,14.937249746994683,3,0.951559151801465,1,0
SESS_REAL_04510,3.799873308202108,0,0.9289673149587165,1,0
SESS_REAL_00988,4.89475504510238,1,0.922699206603684,1,0
SESS_REAL_04449,17.250744354431912,2,0.9665815923394959,0,0
SESS_REAL_02436,7.343588678519522,1,0.9700639239759579,1,0
SESS_FAKE_01069,102.67899207835872,6,0.35822043448149893,0,1
SESS_REAL_02248,12.464883090524467,2,0.8833629949767462,1,0
SESS_REAL_07129,36.33181099856418,0,0.938488113641452,1,0
SESS_REAL_04922,12.41861283269972,1,0.9299586827645446,1,0
SESS_FAKE_00468,78.59760714385159,9,0.4999986802313081,0,1
SESS_REAL_00541,12.682172431063417,0,0.9319546545569042,1,0
SESS_REAL_06719,5.6301225394581,0,0.9789330693294416,1,0
SESS_REAL_01331,16.741427276747594,2,1.0,1,0
SESS_REAL_03593,11.890436113178747,1,0.9452535556754688,1,0
SESS_REAL_01859,17.14510562321708,1,0.933913871583795,1,0
SESS_FAKE_00066,54.156654552157526,10,0.33144451322296087,0,1
SESS_REAL_02100,31.093970551355586,2,0.9448585197717897,1,0
SESS_REAL_00177,7.367504411773221,1,0.964985023909067,0,0
SESS_REAL_01574,4.4314839202624725,3,0.9430424478542294,1,0
SESS_REAL_07313,6.903978480354697,2,0.9343164958100924,1,0
SESS_REAL_01049,1.7579863699231357,1,0.981048144894918,1,0
SESS_REAL_04565,28.82133779912457,0,0.9017479643920825,1,0
SESS_REAL_01590,15.648870903837775,0,0.9046211367761742,1,0
SESS_REAL_05790,5.197405292220915,2,0.9411917852300712,0,0
SESS_REAL_00286,9.019283378185316,1,0.9512955252865032,1,0
SESS_REAL_01170,13.014353932364862,0,0.9920294254907914,1,0
SESS_REAL_02583,8.659864942873222,0,0.9850469779705838,1,0
SESS_REAL_06631,3.2875362161127355,0,0.9341794026961935,1,0
SESS_REAL_03580,9.420747576089887,1,0.9235083463517492,1,0
SESS_REAL_01805,19.381394396779804,1,0.940348990641992,1,0
SESS_REAL_00687,5.44170036972781,0,0.9861322386839193,1,0
SESS_REAL_04103,3.8033319672736754,2,0.9416026828048855,1,0
SESS_FAKE_00837,59.14443153972233,17,0.09113229477394807,0,1
SESS_REAL_05975,38.003847594148105,0,0.8895800503524648,1,0
SESS_REAL_00105,4.94086587579958,1,0.912454316170864,1,0
SESS_REAL_02711,10.25675130686484,2,0.94008243984625,1,0
SESS_REAL_03074,12.425740358644306,0,0.9335487314109688,1,0
SESS_REAL_02926,21.22174042475245,0,0.9569278029211896,1,0
SESS_REAL_03994,9.63993943427553,2,0.9780032122450564,1,0
SESS_REAL_08034,20.480952265708453,0,0.8471727469473412,1,0
SESS_REAL_07101,4.198727530559129,1,0.9489863091325952,1,0
SESS_REAL_05914,10.239627391327401,1,0.8980605219256695,1,0
SESS_FAKE_00601,23.052213276615415,8,0.34584609829185975,0,1
SESS_REAL_00425,11.069535788344716,0,0.984997316167202,0,0
SESS_REAL_00028,12.270056655717127,1,0.9544564258313387,1,0
SESS_REAL_05667,23.082382408448446,1,0.999182616455192,1,0
SESS_REAL_01886,1.6125051859734738,0,0.9307845732693205,1,0
SESS_REAL_00264,26.683303654809535,0,0.9889829364521135,1,0
SESS_REAL_03902,31.089825336856308,3,0.9402626978064607,1,0
SESS_FAKE_01103,60.16952375324515,10,0.3756289798712623,0,1
SESS_REAL_00440,2.56384641333368,1,0.9092710266515327,1,0
SESS_REAL_06236,13.90107704088008,4,0.9802413587819855,1,0
SESS_REAL_03236,4.474675553664276,1,0.9499105580048389,1,0
SESS_REAL_03896,3.40002065795625,0,0.9321358583401514,1,0
SESS_FAKE_00560,27.607317199391034,11,0.29609030124700164,0,1
SESS_REAL_03044,17.567662588412496,0,0.9470794701712821,1,0
SESS_REAL_01700,42.01413398260927,1,1.0,1,0
SESS_REAL_02067,5.090917088980443,2,0.955730229028864,1,0
SESS_FAKE_01260,131.7101604789621,6,0.30069241053903784,0,1
SESS_REAL_01999,5.478555523138368,2,0.9382437041866232,1,0
SESS_REAL_08237,20.383256266943818,1,0.942431686117531,1,0
SESS_REAL_02195,8.609972680607246,1,0.9326072036982793,1,0
SESS_REAL_01275,2.8302426097145537,0,0.9318296836172846,1,0
SESS_REAL_02108,5.390567514845573,1,0.9700617351581743,1,0
SESS_REAL_02440,11.181475707498809,0,0.9298587944162034,1,0
SESS_REAL_07918,2.9492363392970886,4,0.9593355949011306,1,0
SESS_REAL_03498,4.127631084086531,1,0.9739855654722078,1,0
SESS_REAL_06162,4.9358264110365315,2,0.944595231000603,1,0
SESS_FAKE_00445,71.62942343522919,5,0.33532105783708466,0,1
SESS_FAKE_00732,34.00728270261622,17,0.40332608042565576,0,1
SESS_REAL_01666,4.306064206073183,0,0.8975251159442575,1,0
SESS_REAL_02510,2.2739194642510006,0,0.9388966518973244,1,0
SESS_REAL_06484,4.10057849016156,1,0.9589369152638142,1,0
SESS_REAL_00806,34.1841226291497,1,0.9093620101678207,1,0
SESS_REAL_02958,5.343646523145294,2,0.9911182514447031,1,0
SESS_REAL_00566,7.4757824107338084,1,0.954583471013007,1,0
SESS_REAL_01582,12.330912570471863,1,0.9011899423165536,1,0
SESS_REAL_07015,25.587239989295934,2,0.9571152500005896,1,0
SESS_FAKE_01476,24.140470899621135,10,0.0805901396050456,0,1
SESS_REAL_04766,24.883537123031328,4,0.927903553323776,1,0
SESS_REAL_06648,15.389375546829193,0,0.9772483867934896,1,0
SESS_REAL_05594,6.8565684453075555,2,0.9721859386005125,0,0
SESS_REAL_01556,12.829524776514365,2,0.9459032867239059,1,0
SESS_FAKE_00043,21.25758363979606,6,0.2565480972835235,0,1
SESS_REAL_04339,4.425249720056651,1,1.0,1,0
SESS_FAKE_00933,108.08290021023404,10,0.3214985092441699,0,1
SESS_REAL_08195,6.069580592482817,1,0.9578824865045262,1,0
SESS_REAL_00467,25.854030458042757,1,1.0,1,0
SESS_REAL_07995,5.3285806307918655,1,0.95549717287397,1,0
SESS_REAL_05899,10.63853307035373,0,0.9614864636778669,1,0
SESS_REAL_02009,9.52312190524484,0,0.9957183742748985,1,0
SESS_FAKE_01001,85.46243953500147,13,0.07851767801000445,0,1
SESS_FAKE_01293,35.14406741160347,11,0.22169523842283695,0,1
SESS_REAL_03998,10.558754177765575,0,0.9448253934747819,1,0
SESS_FAKE_00629,50.30372658176888,10,0.32633218049876955,0,1
SESS_REAL_03779,28.9389425975452,2,1.0,1,0
SESS_REAL_04391,10.851524629671129,4,0.9504957924240365,1,0
SESS_REAL_01972,5.32711447716042,1,0.9609983673288206,1,0
SESS_REAL_01082,7.986777288400678,1,0.9443717256606715,1,0
SESS_FAKE_00166,12.467920416830356,8,0.23300771519767807,0,1
SESS_REAL_06255,11.078810700871914,1,0.9974454535619542,1,0
SESS_REAL_04157,24.35785358701535,0,0.9157951658190231,1,0
SESS_FAKE_00215,12.37284962592137,9,0.25510503173183807,0,1
SESS_REAL_00390,57.38405868168277,2,0.9444348941289142,1,0
SESS_REAL_02002,29.906069690595714,0,0.941344505744133,1,0
SESS_REAL_02117,12.963436026575542,2,0.9570294196583465,1,0
SESS_FAKE_00680,131.9935150657002,12,0.3419647110956089,0,1
SESS_REAL_00403,22.51599069027996,0,0.9228423152067067,1,0
SESS_FAKE_00246,21.957635694404743,5,0.11948745160546351,0,1
SESS_REAL_07342,15.70468419629981,0,0.9483776645209852,1,0
SESS_REAL_00305,46.18268410439991,3,1.0,1,0
SESS_REAL_03978,2.122760923317748,1,0.9574541965399127,1,0
SESS_REAL_03319,19.283600747806528,0,0.9779246037511196,1,0
SESS_REAL_07136,25.69581742829994,0,0.951909259781395,1,0
SESS_REAL_01558,23.480579786027086,1,0.9220469987346128,1,0
SESS_REAL_07073,2.4281256755395573,3,0.9706500180152314,1,0
SESS_REAL_08485,18.917078715348556,0,0.9532394266734946,1,0
SESS_REAL_08053,15.67751214817305,3,0.9163116906999185,1,0
SESS_REAL_05581,6.8985254058158345,2,0.9155397724298671,1,0
SESS_FAKE_00847,44.199522296325306,10,0.4167391519494833,0,1
SESS_REAL_01414,10.590168514007326,0,0.9922163306443519,1,0
SESS_REAL_01363,13.481736002706521,0,0.9534048303867723,1,0
SESS_REAL_00460,3.0003147840894755,1,0.9282707730864835,1,0
SESS_FAKE_00013,26.85012887173361,6,0.30929862522145873,0,1
SESS_REAL_01862,3.8438423714873506,1,0.9270620638833376,1,0
SESS_REAL_03620,14.9049064012777,0,0.9531536328959131,1,0
SESS_REAL_02256,10.243958115738945,2,0.909221328457395,1,0
SESS_REAL_03008,14.951028010674431,0,0.89651374951186,1,0
SESS_REAL_03486,6.760657969988088,1,1.0,1,0
SESS_REAL_01293,15.533502757901207,1,0.957374669800259,1,0
SESS_REAL_03351,8.137510417397234,1,0.9391990602767489,1,0
SESS_REAL_02445,5.8201646979473605,0,0.9299301670268089,1,0
SESS_REAL_05251,42.32858740722584,1,0.9064183729240277,1,0
SESS_REAL_02048,10.911003607408606,2,0.9408477338269323,1,0
SESS_REAL_05153,18.64541632288137,0,0.9467995284652093,1,0
SESS_REAL_02947,10.033059299877786,4,0.9172778582682996,1,0
SESS_REAL_05024,33.43947440534731,0,0.9657560289804703,1,0
SESS_REAL_08434,40.58506447464525,2,0.9121637523315897,1,0
SESS_REAL_03945,1.7007801328513983,2,0.9015323390459576,1,0
SESS_REAL_01108,15.789544829056048,0,0.9666551530693598,1,0
SESS_REAL_00725,23.628925695857735,2,0.9679768289199316,1,0
SESS_REAL_08244,6.358687723056813,2,0.987902526198884,1,0
SESS_REAL_01349,1.991228904527144,1,0.9748945930247506,1,0
SESS_REAL_07285,9.91584782465913,1,0.9083910357328445,1,0
SESS_REAL_00475,60.981943295112394,2,0.9544226732426784,1,0
SESS_FAKE_00340,39.770820667813254,6,0.3373907539262793,0,1
SESS_REAL_07521,9.958003767140074,1,0.9637681686489373,1,0
SESS_REAL_01346,6.594582392273791,2,1.0,1,0
SESS_REAL_03876,3.7100117602754143,0,0.9760453781915965,1,0
SESS_REAL_03275,22.17049746397735,0,0.9405872916420311,1,0
SESS_FAKE_01022,100.75267627975678,13,0.42795604026736156,0,1
SESS_REAL_01593,2.8192470004878647,0,0.9913080119476598,1,0
SESS_REAL_04148,17.164945552925886,0,0.958634314907791,1,0
SESS_REAL_03372,5.188660092109188,1,0.9918048589114257,1,0
SESS_REAL_00958,3.6823404605912677,1,0.9408893543096948,1,0
SESS_REAL_04438,60.237642190013915,1,0.9019122826042703,1,0
SESS_REAL_08009,1.9862545717629747,0,0.9774586197647984,1,0
SESS_REAL_04437,19.80258472005535,0,0.9786925161977809,1,0
SESS_REAL_00464,40.796642509228526,2,0.9087133633878701,1,0
SESS_REAL_06508,24.632223440784855,0,0.9292207932469735,1,0
SESS_FAKE_00386,26.721537431540376,3,0.3538201239033363,0,1
SESS_REAL_04109,11.821227496826637,0,0.9929984651816058,1,0
SESS_REAL_01097,3.976001562654602,1,0.965116636141382,1,0
SESS_REAL_02254,26.841484449059298,0,0.9072884654388819,1,0
SESS_REAL_00393,19.475454040123044,0,0.9508755127416624,1,0
SESS_REAL_00724,11.753125730384037,3,0.9197962232202018,1,0
SESS_REAL_03548,5.82164851113347,0,1.0,1,0
SESS_REAL_07438,5.435407852348758,0,1.0,1,0
SESS_REAL_05485,53.95871271436788,0,0.8731169641441641,1,0
SESS_REAL_07481,3.2854191339596834,0,0.9441845259673238,1,0
SESS_REAL_04442,4.553403357034264,2,0.946408828008779,1,0
SESS_REAL_08334,19.990616768842067,1,0.942203847067317,1,0
SESS_REAL_04579,13.948035982645958,3,0.9304395762843026,1,0
SESS_REAL_02877,4.248130400592541,3,0.9545575659127042,1,0
SESS_REAL_07743,5.801225824144952,2,0.962497755995125,1,0
SESS_REAL_01570,12.100321248799258,2,1.0,1,0
SESS_REAL_04124,20.353641933441697,1,0.948820581845005,1,0
SESS_REAL_08354,4.137499661712248,1,0.974217662838061,1,0
SESS_REAL_06928,15.870742635091654,0,0.9144694304862876,1,0
SESS_REAL_00531,99.569347173817,2,0.9497283120913105,1,0
SESS_REAL_03733,9.85425262819187,1,1.0,1,0
SESS_REAL_00291,1.9567619913934726,2,0.9837749653703525,1,0
SESS_REAL_01031,12.384103683453683,1,0.9521459954612282,1,0
SESS_REAL_07598,73.03326836925562,0,0.9617189366135381,1,0
SESS_REAL_06630,7.872701997884542,0,0.917427730370992,1,0
SESS_REAL_07352,9.72917698669553,3,0.9673852794691103,1,0
SESS_REAL_03128,37.81199947960817,1,0.8602819565538639,1,0
SESS_REAL_06431,35.51947984985029,2,0.9474731671275924,1,0
SESS_REAL_05617,4.843557701461323,4,0.9222098759805905,1,0
SESS_REAL_03601,11.652151910850755,2,0.8798189804056049,1,0
SESS_REAL_03638,5.634600640846307,1,0.9109602414792546,1,0
SESS_REAL_02858,1.940202067335925,0,0.9329407306717962,1,0
SESS_REAL_06313,5.267317892811091,1,0.9566363758975174,1,0
SESS_REAL_06860,2.3954763733752724,1,0.9506156200872482,1,0
SESS_REAL_01637,3.4843841438688337,2,0.9320616360612759,1,0
SESS_REAL_07308,20.187307265563593,1,0.9466435970279246,1,0
SESS_REAL_05513,16.25643547505169,1,0.9516765691307616,1,0
SESS_REAL_05040,18.736512045700216,2,0.9510111143677252,1,0
SESS_REAL_03018,2.3496180769630657,3,0.9803410477157053,1,0
SESS_REAL_02622,8.326064070519557,1,0.9787178922853749,1,0
SESS_REAL_05038,17.107176239718356,0,0.9836135147453159,1,0
SESS_FAKE_01109,75.31360391111949,9,0.2672970312349396,0,1
SESS_REAL_01487,15.767718024373732,4,0.9173986431296897,1,0
SESS_REAL_05421,5.943542487670599,1,1.0,1,0
SESS_REAL_04244,7.8780500625919405,1,0.9314470649841639,1,0
SESS_REAL_00411,37.463668598259424,1,0.9212117806336447,1,0
SESS_FAKE_01399,22.47836670375934,5,0.40892774402811755,0,1
SESS_REAL_02288,9.394311631545012,2,0.9642475962138141,1,0
SESS_REAL_08374,11.931086453323264,1,0.9367539401248932,1,0
SESS_REAL_01662,31.717884558211757,1,0.9469747595736627,1,0
SESS_REAL_07890,3.457224460579737,0,0.9716995273666705,1,0
SESS_REAL_02480,5.371714797496112,2,0.9775868164058847,1,0
SESS_REAL_08460,40.80088177258715,2,0.9800164497710461,1,0
SESS_REAL_04762,18.35689082443662,0,0.9841392983781749,1,0
SESS_REAL_02904,10.370549291206476,1,0.9516417927533006,1,0
SESS_REAL_07932,12.397579004425955,0,0.9314751087300807,1,0
SESS_REAL_07586,7.984047773674737,1,0.9498071956346315,1,0
SESS_REAL_07176,58.9779758951852,2,0.9016177889284646,1,0
SESS_REAL_02483,3.433241102575315,2,0.9440425602982453,1,0
SESS_REAL_03250,10.624375542086748,1,0.9818248606095765,1,0
SESS_REAL_05047,10.526020464424349,4,0.964313695118887,1,0
SESS_REAL_04600,4.157214358212254,0,0.917455262871035,1,0
SESS_REAL_07672,27.230217650741295,0,0.947667780415061,1,0
SESS_REAL_03775,33.68068228768487,0,0.9569798027592326,1,0
SESS_REAL_00704,2.2856671052702984,4,0.918394321390519,1,0
SESS_REAL_06879,5.204214635784645,2,0.9614453735300323,1,0
SESS_REAL_02304,33.71558812303459,1,0.9405989410614477,1,0
SESS_REAL_06414,4.165082739001304,0,1.0,1,0
SESS_REAL_03261,10.006565153939627,1,0.9344550413051629,1,0
SESS_REAL_00353,3.634234425207688,1,0.9646285302570139,1,0
SESS_FAKE_00945,40.69676516848419,5,0.30851984586403,0,1
SESS_REAL_01610,26.9510737978769,3,0.9879009225485276,1,0
SESS_REAL_04489,11.458409662520669,2,0.9986279835599935,1,0
SESS_REAL_01567,2.7049442074935097,2,0.9112157213021551,1,0
SESS_REAL_01476,21.29349411565288,2,0.99210859005585,1,0
SESS_REAL_00559,13.120787604728156,1,0.921997361998692,1,0
SESS_REAL_01728,21.682185320120585,2,0.9589100388279418,1,0
SESS_REAL_04299,12.366578405317,2,0.919693222128436,1,0
SESS_REAL_04025,22.371173358319197,2,0.9425971238341974,1,0
SESS_REAL_02132,11.345105300566509,0,0.9778392061226012,1,0
SESS_REAL_03825,2.561887940744178,2,0.9216940365006216,1,0
SESS_REAL_02042,10.392703737425322,1,0.9752945111778947,1,0
SESS_REAL_02797,13.185235240739413,1,0.9310399818618705,1,0
SESS_REAL_07647,4.180036007487575,2,0.9238662930609857,1,0
SESS_REAL_07203,2.93363808636025,1,0.9362614099938993,1,0
SESS_REAL_00564,6.680247138180831,0,0.9499600976592103,1,0
SESS_REAL_07914,1.5282028020463339,1,0.9412988436833245,1,0
SESS_FAKE_00126,10.32277153122555,10,0.23704563327048728,0,1
SESS_FAKE_01123,45.799721467991006,11,0.21462061503803226,0,1
SESS_FAKE_01372,23.789374280641344,16,0.3683139445796187,0,1
SESS_REAL_03857,11.099795525043595,1,0.9478655431342689,1,0
SESS_REAL_04121,10.445173034281027,1,0.9379913455601273,1,0
SESS_REAL_07160,17.20707274939044,0,1.0,1,0
SESS_REAL_02765,39.522220119782666,1,0.9185136062155458,1,0
SESS_REAL_02434,40.47208399151586,0,0.9593418050323421,1,0
SESS_FAKE_00162,106.36670638082224,10,0.13850520269628755,0,1
SESS_REAL_08281,46.266500380789196,1,0.9306233583669796,1,0
SESS_REAL_05437,23.61324894914153,3,0.9267182783947154,1,0
SESS_FAKE_00677,26.172360544046743,6,0.19833693203982655,0,1
SESS_REAL_01413,2.2053732807595523,1,0.9833412826696777,1,0
SESS_REAL_00119,10.801198823594063,1,0.9883212211553967,1,0
SESS_REAL_00434,2.554266260023261,0,0.9414520754407046,1,0
SESS_REAL_02859,3.8116889214999223,1,0.9746131443249062,1,0
SESS_REAL_01753,4.812227542203592,0,0.9100969885160036,1,0
SESS_REAL_05221,9.216492645925873,0,0.985734301182441,1,0
SESS_REAL_06507,31.10086246584234,1,0.9722682569962104,1,0
SESS_FAKE_01232,150.57148077442693,5,0.17562145715044114,0,1
SESS_FAKE_00418,55.20073065777036,14,0.041847559408292545,0,1
SESS_REAL_05671,5.544737635518345,0,0.9588700740498428,1,0
SESS_REAL_06639,8.669768204480139,2,0.9482925750976947,1,0
SESS_REAL_01588,8.207583907820588,0,0.9135786838227982,1,0
SESS_REAL_03828,23.559325117351836,0,0.9084669318828098,1,0
SESS_REAL_02361,8.078888227724851,2,0.9648252886827126,1,0
SESS_FAKE_00968,27.686060769491608,8,0.49954619256460736,0,1
SESS_REAL_05087,2.2673797819317176,0,0.9643662491015735,1,0
SESS_REAL_00736,7.479752996369339,1,0.9285843751912095,1,0
SESS_REAL_07980,4.182821015133618,1,0.9719149649079124,1,0
SESS_REAL_01781,29.344345116484465,2,0.9471452194554315,1,0
SESS_REAL_02712,6.634288117120099,0,1.0,1,0
SESS_REAL_06906,4.651648865442922,1,0.9991112664296081,1,0
SESS_REAL_06791,5.840317180054813,1,0.9492689647251247,1,0
SESS_REAL_06917,30.50709628415286,1,0.952459076139915,1,0
SESS_FAKE_00723,15.398281343937759,8,0.034452228110100236,0,1
SESS_REAL_08233,12.211655226939879,1,0.954739513333185,1,0
SESS_REAL_04881,9.096839976083771,0,0.8899793636073943,1,0
SESS_REAL_05377,6.5238705242462895,1,0.9619523247245033,1,0
SESS_REAL_01792,10.11473678790514,2,0.9888652274635237,1,0
SESS_REAL_03157,2.293758997107589,2,0.8944592387603024,1,0
SESS_REAL_03590,37.80065414926257,1,0.97102487299475,1,0
SESS_REAL_02602,18.070679135016967,0,0.9643682056679789,1,0
SESS_REAL_06979,1.9750349481171472,2,0.9350880618011543,1,0
SESS_REAL_03147,14.676019412952783,2,0.9382807905434162,1,0
SESS_REAL_07498,4.372038729901698,2,0.9269149233044459,1,0
SESS_REAL_04407,3.345600666101413,0,0.9599219010529239,1,0
SESS_REAL_03364,35.076055912212645,1,0.9479745797741512,1,0
SESS_REAL_02432,51.13187515200339,1,0.9834265421083794,1,0
SESS_REAL_05076,12.928806290313801,2,0.997293740064669,1,0
SESS_REAL_00638,5.264095342542526,1,0.9209611148161461,1,0
SESS_REAL_01768,7.157110757059112,0,1.0,1,0
SESS_REAL_04555,11.477623565876003,0,0.9388622126481795,1,0
SESS_REAL_01921,1.5386814402268154,2,0.9708363665587455,1,0
SESS_REAL_04143,22.871140043544365,1,0.9365094763010804,1,0
SESS_REAL_06046,2.8418630849770996,1,0.934059203552694,1,0
SESS_REAL_04359,3.952426808034191,2,0.9478674160164405,1,0
SESS_REAL_02591,21.053147351945753,0,0.9913706972291387,1,0
SESS_REAL_01402,1.9483287361137929,1,0.941830261700157,1,0
SESS_REAL_02916,17.75272729536749,1,0.983801709103359,1,0
SESS_REAL_01962,23.476158142056367,2,0.9085895493879819,1,0
SESS_REAL_04161,2.5667140690911614,1,0.9359023100112737,1,0
SESS_REAL_05622,22.111462538816717,4,0.9253376991511498,1,0
SESS_FAKE_00453,37.86268943749549,5,0.3437434597074277,0,1
SESS_REAL_01165,21.942809065902868,4,0.8930413596293654,1,0
SESS_REAL_03185,10.702914995278128,1,0.9346461195904405,1,0
SESS_REAL_01287,6.680974693004192,1,0.9534630772220394,1,0
SESS_REAL_04867,3.429164919128466,0,0.9551863688280375,1,0
SESS_REAL_05212,6.238228599500025,0,0.938639639217496,1,0
SESS_REAL_02365,2.036693595070951,0,0.933865127946401,1,0
SESS_REAL_06151,10.824014641928919,0,0.9962128685506237,1,0
SESS_REAL_02341,2.3838574860868333,1,0.9714566980424525,1,0
SESS_REAL_08062,37.13003781687805,1,0.9807687883342481,1,0
SESS_REAL_00190,2.672713685699289,2,0.9441262489657983,1,0
SESS_FAKE_00180,18.008155985661492,4,0.20637349693040496,0,1
SESS_REAL_04492,11.55504998585932,2,0.9327574105037776,1,0
SESS_REAL_02168,15.030719334129063,2,0.9389335687110185,1,0
SESS_REAL_04821,5.5924629769437,1,0.91734448335398,1,0
SESS_FAKE_00235,42.66532385756325,9,0.390155432490342,0,1
SESS_REAL_05015,4.355216772404335,3,0.9728819913839598,1,0
SESS_REAL_07707,18.727465177436677,0,0.9292065371951115,1,0
SESS_REAL_01319,2.247000375828181,2,0.9336818069908521,1,0
SESS_REAL_07476,14.71033689171049,0,0.9509878510027084,1,0
SESS_REAL_04960,10.967863594238006,0,0.9399144258913414,1,0
SESS_REAL_06344,7.989410550581612,0,0.9543015878968946,1,0
SESS_REAL_03434,16.247262451874615,1,0.9657844647537003,1,0
SESS_REAL_04234,1.7538761200763124,1,0.9083317844281084,1,0
SESS_FAKE_01484,119.64504590095922,7,0.48990813511756487,0,1
SESS_REAL_06239,28.428744507420014,4,0.9043791083786858,1,0
SESS_REAL_08124,5.497117098779412,1,0.938135711587214,1,0
SESS_REAL_04482,11.17503203384613,1,0.9862530800291431,1,0
SESS_FAKE_00285,85.52707410078716,7,0.6481602766032297,0,1
SESS_REAL_01855,4.988094868975385,2,0.907305191685543,1,0
SESS_REAL_05426,50.637489199320825,0,0.9412662236392031,1,0
SESS_REAL_08360,21.600078343299344,1,0.9418874931961377,1,0
SESS_REAL_04347,11.207735147324689,0,0.9317939595186663,0,0
SESS_REAL_08473,3.751904980704291,0,0.9218549981468844,1,0
SESS_REAL_02410,15.487577262231897,0,0.9684813319103844,1,0
SESS_REAL_03009,2.138731008554673,1,0.9521719879827336,1,0
SESS_REAL_02252,14.774905328256613,1,0.9657444110902804,1,0
SESS_REAL_01617,14.510804723582773,1,0.9375335518567206,1,0
SESS_REAL_07875,10.912511584851122,2,0.9095005664893486,1,0
SESS_FAKE_01221,81.55742695937165,8,0.2228005881061363,0,1
SESS_REAL_01449,15.295634819815465,1,0.9441902515911862,1,0
SESS_REAL_07279,12.677273720846436,3,0.968105289084692,1,0
SESS_REAL_07268,9.459769489393583,1,0.9293831558657529,1,0
SESS_REAL_07194,21.602632343746556,1,0.9760731256462102,1,0
SESS_REAL_01262,5.959060766162326,2,0.9742032210713716,1,0
SESS_REAL_01316,10.468773767505235,4,0.9721196784702661,1,0
SESS_REAL_06742,11.632866608199496,2,0.9786504047033617,1,0
SESS_REAL_05164,3.4214381966532814,2,0.981962468906097,1,0
SESS_REAL_07233,10.919937462546608,3,0.9470086184781258,1,0
SESS_REAL_05215,12.744393732858658,1,0.9455548878573731,1,0
SESS_REAL_05441,4.444484954190373,1,0.9849210319174492,1,0
SESS_FAKE_00080,70.70316171985806,11,0.19274706855429247,0,1
SESS_REAL_05066,9.227005496025381,0,0.9326635448899143,1,0
SESS_REAL_07465,7.305035270207552,1,0.9438338700524849,1,0
SESS_FAKE_01045,18.645384392065147,13,0.5388499719027897,0,1
SESS_REAL_01784,14.422934828595146,0,0.9325623215007339,1,0
SESS_REAL_06402,4.230505153917332,1,0.9737641527908648,1,0
SESS_REAL_03929,3.039286787640074,0,0.9898776688874024,1,0
SESS_REAL_06584,14.77323286536991,3,0.9486331773027377,1,0
SESS_REAL_05416,6.733687384398481,2,0.9891829613829722,1,0
SESS_REAL_02819,6.799874301841281,1,0.9962006655777307,1,0
SESS_REAL_02408,54.61020371237436,1,0.9248304331181103,1,0
SESS_REAL_02360,1.6413080713737842,1,0.9863227321885277,1,0
SESS_REAL_04083,17.99610233227621,3,0.8981731688709099,1,0
SESS_REAL_07668,26.072300907606802,2,0.9226569758423635,1,0
SESS_REAL_04878,6.902449379340121,2,0.9404699175861604,1,0
SESS_FAKE_00592,56.092719681676435,10,0.30341152496422874,0,1
SESS_REAL_00871,5.288776388311993,0,0.9806495250517303,1,0
SESS_REAL_04617,26.500300869043045,0,0.9183323002216288,1,0
SESS_REAL_06790,22.476693709751018,1,0.9391599383992536,1,0
SESS_REAL_03823,6.273168739555818,2,0.9296413814738935,1,0
SESS_REAL_08193,4.287460696574907,0,0.9702103878933782,1,0
SESS_REAL_02609,2.2768896559059213,1,0.9334557826616154,1,0
SESS_REAL_08307,6.44530951075908,0,0.9238716934800577,1,0
SESS_REAL_00167,3.9771852792906786,0,0.9726508338055894,1,0
SESS_REAL_07734,2.59978691670959,0,0.9532984561499983,1,0
SESS_REAL_00505,3.6296838492058603,2,0.9804057840527295,1,0
SESS_REAL_00963,7.41770708310226,0,0.928801347321311,1,0
SESS_REAL_08311,5.287623478325213,1,0.8890917454595799,1,0
SESS_REAL_00836,31.059512823033756,0,0.9363497376283658,1,0
SESS_FAKE_00513,16.052958976138825,6,0.38210957448461974,0,1
SESS_REAL_05576,14.104284345693337,4,0.9696400467521579,1,0
SESS_REAL_01884,3.5932640458694856,2,1.0,1,0
SESS_REAL_04362,18.811444559059456,0,0.9274431911029003,1,0
SESS_REAL_08301,5.097624993006363,0,0.9630618274543973,1,0
SESS_REAL_01136,24.362383476530457,1,0.9114509376109413,1,0
SESS_REAL_00127,25.156139662557997,1,0.9661651611061128,1,0
SESS_REAL_06815,3.1833046020013116,0,0.9478187731179113,1,0
SESS_REAL_03560,5.891416355456564,2,0.9091071153925904,1,0
SESS_FAKE_00039,94.88034024284278,7,0.2844575031003874,0,1
SESS_REAL_07525,12.882183258909935,1,0.9358456843539094,1,0
SESS_REAL_02732,2.215018680749809,0,0.9666445614451675,1,0
SESS_REAL_07864,6.064156238857409,2,0.9282799483098988,1,0
SESS_REAL_05805,2.610607855919705,2,0.908303728015869,1,0
SESS_REAL_07434,1.7798019004440306,3,0.9096375897685001,1,0
SESS_REAL_05172,1.7547958788395674,0,0.9774546901251424,1,0
SESS_REAL_00432,13.05486815697642,0,0.9687873279818995,1,0
SESS_REAL_01718,50.88357693188344,1,1.0,1,0
SESS_REAL_04930,8.114983206747123,1,0.9442649441429829,1,0
SESS_FAKE_00861,20.789119877389773,10,0.33993532382431974,0,1
SESS_REAL_03574,27.934974406485367,1,0.9891380811004197,1,0
SESS_REAL_06197,23.656645716627033,3,0.9490978814888078,1,0
SESS_REAL_06865,5.8379117749085045,0,0.9085036781079993,1,0
SESS_REAL_07230,1.6122468290633796,2,0.846399377504367,1,0
SESS_REAL_00089,9.168793600515718,1,0.9513334375632652,1,0
SESS_FAKE_00002,32.17255021763173,9,0.0,0,1
SESS_REAL_00453,29.918852105737088,0,0.9780298624017799,1,0
SESS_REAL_01880,15.51112357316175,4,0.9841373052441375,1,0
SESS_REAL_01356,29.215541755444494,2,0.9619660437239342,1,0
SESS_FAKE_00082,61.5082277755431,11,0.31747352713842486,0,1
SESS_REAL_04770,1.5840810232166935,0,0.9454114781190137,1,0
SESS_REAL_02362,5.695382630284532,2,0.9553738344133686,1,0
SESS_REAL_05419,6.140902327798613,0,0.9230614384440018,1,0
SESS_REAL_04374,10.10208670963304,2,0.9753422333337025,1,0
SESS_REAL_01369,4.754515100245944,2,0.9651883541446276,1,0
SESS_REAL_08433,25.30382907679387,1,0.9130397463808047,1,0
SESS_REAL_01918,7.461607193471178,1,0.9347933795039832,1,0
SESS_REAL_05025,10.498844834431864,1,0.9453020430224941,1,0
SESS_REAL_06139,20.9233120929806,0,0.9494830980736725,1,0
SESS_FAKE_00098,43.08350132940654,4,0.3109800638243078,0,1
SESS_REAL_03215,3.000655468153954,0,0.9198467749748596,1,0
SESS_REAL_04590,11.769703752011177,5,0.9363630073237471,1,0
SESS_FAKE_00368,16.562536413762,10,0.43834334348866455,0,1
SESS_FAKE_00479,34.15865478610986,12,0.3799970333944462,0,1
SESS_REAL_07302,5.354122266822235,0,0.9613003486086372,1,0
SESS_REAL_03716,6.485673771048409,0,0.9196819987804683,1,0
SESS_REAL_06624,21.968785246713892,1,1.0,1,0
SESS_REAL_02558,2.459719496874865,2,0.9752955265773503,1,0
SESS_REAL_01415,34.600574464823595,0,0.9674693865657344,1,0
SESS_REAL_02975,1.8061944114526929,4,0.9303260806559062,1,0
SESS_REAL_06474,16.519397322396877,1,0.9444206495875008,1,0
SESS_REAL_01079,37.43947504487731,0,0.9897128618850587,1,0
SESS_REAL_07579,16.169578887744905,0,0.9051504170718386,1,0
SESS_REAL_05830,68.45064734984008,1,0.9736039577635173,1,0
SESS_REAL_00676,2.925928148368859,1,0.9530096886726843,1,0
SESS_REAL_03091,39.42191111400652,1,0.9572123364100596,1,0
SESS_REAL_04616,21.354875556103718,0,1.0,1,0
SESS_REAL_00164,2.6355499057394516,0,0.9843973718394611,1,0
SESS_REAL_03455,3.6978040658767015,0,0.9382825306205429,1,0
SESS_REAL_00009,16.275000740455084,1,0.8993329499430881,1,0
SESS_REAL_06020,7.995089845616565,2,0.9940984326857252,1,0
SESS_REAL_06608,34.59386137582296,1,1.0,1,0
SESS_REAL_03563,8.007945644340866,1,0.9340253871170061,1,0
SESS_REAL_02003,4.94492626276328,2,0.9379371168651041,1,0
SESS_REAL_02455,3.298671090025737,0,0.98713132088449,1,0
SESS_REAL_03055,43.00744283167579,1,0.9109263174802384,1,0
SESS_REAL_03458,15.833649338516622,0,0.9791575608146073,1,0
SESS_REAL_06057,9.587489584668363,2,0.9336034795443662,1,0
SESS_REAL_08214,7.226009245221045,3,0.9204224010274908,1,0
SESS_REAL_01054,75.68633293016791,1,0.880939634595944,1,0
SESS_REAL_03505,13.194366653490757,3,0.9174113247918934,1,0
SESS_FAKE_00553,117.53428985040054,8,0.26664930440177737,0,1
SESS_REAL_06234,7.211359473963308,1,0.9507137853745808,1,0
SESS_REAL_00502,5.94455161865232,0,0.9243016206934996,1,0
SESS_FAKE_00736,54.08753248051199,7,0.038376327952181266,1,1
SESS_REAL_07731,3.325598252196698,0,0.9302793397501605,1,0
SESS_REAL_00400,2.8060502256806164,1,0.9447432510010836,1,0
SESS_REAL_05499,13.487019925528791,0,0.9390671944516681,1,0
SESS_FAKE_00883,49.14373375669993,13,0.545002351375205,0,1
SESS_FAKE_00077,83.65463928810112,9,0.37682450093612785,0,1
SESS_REAL_02215,5.861824336772676,1,0.9817520872428552,1,0
SESS_REAL_07978,17.28803008901876,6,0.8928327926340867,1,0
SESS_REAL_00964,5.587826303449752,2,0.941093420519231,1,0
SESS_REAL_02554,2.4007756047894695,4,0.9978831954593876,1,0
SESS_REAL_07632,6.226846751927693,0,0.9540172360713485,1,0
SESS_REAL_07910,27.00839717546266,2,0.954947643137752,1,0
SESS_REAL_04796,3.6536380648405333,2,0.9862233813188881,1,0
SESS_REAL_07610,6.00823218747634,1,0.9199166733008756,1,0
SESS_REAL_07191,9.495843972567833,3,0.9476089662068199,1,0
SESS_REAL_01813,1.7540090214193815,0,0.9382732573936878,1,0
SESS_REAL_01810,14.456404920402154,0,0.9900710418486414,1,0
SESS_FAKE_00205,79.59547839035437,7,0.4252164377015033,0,1
SESS_REAL_03795,14.400541264920369,5,0.9029734888492688,1,0
SESS_REAL_00847,70.71697938180911,1,0.9289166850202398,1,0
SESS_REAL_01384,14.331088614205232,0,0.9720682571094664,1,0
SESS_REAL_04150,3.0097334973454872,2,0.921204211845402,1,0
SESS_FAKE_00297,32.759881811621355,6,0.3585597006516842,0,1
SESS_FAKE_00267,54.118445840444586,8,0.29106498915540985,0,1
SESS_REAL_06709,29.530429612700395,1,0.9604279631292435,1,0
SESS_REAL_02153,22.482897279418776,0,0.9478749827742423,1,0
SESS_REAL_08454,36.301746068955076,1,0.8572032297516451,1,0
SESS_REAL_05775,7.14621497645588,0,0.9294782707825582,1,0
SESS_REAL_06548,3.3719393314264856,1,0.9664706626136574,0,0
SESS_REAL_05691,3.5460500679479363,0,0.9498339092250119,1,0
SESS_REAL_06085,8.844660935003777,4,0.9670286592534765,1,0
SESS_REAL_07614,4.876890462495958,0,1.0,1,0
SESS_FAKE_00085,11.331053001623316,7,0.17148065825258055,0,1
SESS_REAL_06751,11.29406512720287,0,0.9018012284386155,1,0
SESS_REAL_05658,40.97563075284963,0,0.9728280373224086,1,0
SESS_REAL_02144,9.145011441473539,0,0.9700619519256585,1,0
SESS_REAL_05354,10.645429000733586,1,1.0,1,0
SESS_REAL_06446,43.11369776285939,2,0.9246922993131329,1,0
SESS_REAL_02581,27.841901227995677,3,0.9733292131392782,1,0
SESS_REAL_08056,6.419330587288853,2,0.9613977253487511,1,0
SESS_FAKE_00846,17.914828831965487,8,0.3733183626480504,0,1
SESS_REAL_00468,4.53698481278224,0,0.9098152351108989,1,0
SESS_REAL_04314,43.960814521941195,3,0.9167221256627814,1,0
SESS_REAL_06432,27.10782190000878,3,0.9556304940510391,1,0
SESS_REAL_06756,23.25801034281163,1,0.9437090253736035,1,0
SESS_REAL_02937,12.018287605763314,1,0.9862332947532678,1,0
SESS_REAL_04738,7.136682569187661,0,0.9363058545214846,1,0
SESS_REAL_07389,8.115775942451421,2,0.9940548021308638,1,0
SESS_REAL_01794,2.0107934329962522,0,0.9970093654210997,1,0
SESS_FAKE_00690,48.28392704181248,9,0.24740638636499832,0,1
SESS_REAL_01612,10.63602759089678,1,0.9665114141045906,1,0
SESS_FAKE_00255,25.656225553482486,8,0.3452674229983644,0,1
SESS_REAL_07777,21.013185661115905,1,0.9978792572044777,1,0
SESS_REAL_07879,2.0496173156676334,0,0.9722324499647071,1,0
SESS_REAL_05463,6.073440894383147,2,0.976769889601915,1,0
SESS_REAL_03637,1.9906029451319878,1,0.9475033526179091,1,0
SESS_REAL_01378,6.841079510133694,0,0.9415808756205962,1,0
SESS_REAL_00188,10.551352922327354,0,0.9887048007129797,1,0
SESS_REAL_05935,17.328685283901446,1,0.9063210487269613,1,0
SESS_REAL_05238,1.9698915307514082,1,0.8986638791296403,1,0
SESS_FAKE_00337,23.168853255210202,4,0.5686931180526283,0,1
SESS_REAL_05062,9.8748252872618,1,0.9511180282876804,1,0
SESS_FAKE_01075,17.2515543016851,8,0.3500114613286666,0,1
SESS_REAL_00620,3.9477555847416057,2,0.9113566780979742,1,0
SESS_REAL_03400,2.335492887087613,1,0.9486146236202219,1,0
SESS_REAL_00134,35.8574534722938,0,0.9725249632804044,1,0
SESS_REAL_03325,18.219682330884517,1,0.9493164309548666,1,0
SESS_REAL_07550,36.452925883519455,0,0.910070362352927,1,0
SESS_REAL_05820,23.713947460891994,2,0.9600440087341832,1,0
SESS_REAL_02174,4.592502519681418,0,0.9819186753513753,1,0
SESS_REAL_06314,5.400833080469322,2,0.8978223306224743,1,0
SESS_REAL_05394,16.690781836248735,3,0.9110579074622861,1,0
SESS_REAL_05330,5.093694507189048,2,0.9483587458623808,1,0
SESS_REAL_02029,14.24185511796038,0,0.9270511894067409,1,0
SESS_FAKE_00232,45.13033294912607,10,0.33920240843347926,0,1
SESS_REAL_02274,37.57692157478331,2,0.9571112367158907,1,0
SESS_REAL_02897,5.483326823285324,3,0.9391455803574642,1,0
SESS_REAL_07996,4.321367301711183,1,0.9685911854053733,1,0
SESS_FAKE_00070,82.19800256103822,13,0.5281764436132769,0,1
SESS_FAKE_00913,13.076103191692182,10,0.17649999829560964,0,1
SESS_REAL_02671,7.532918646976409,2,0.9779683506447912,1,0
SESS_REAL_07769,16.733781893444416,2,0.9387837776112863,1,0
SESS_REAL_01488,7.403224112536877,0,0.953486981518777,1,0
SESS_REAL_00016,5.853044753525726,3,0.9016791711524826,1,0
SESS_REAL_05886,11.512431594225466,2,0.9436198142993144,1,0
SESS_REAL_06231,30.57560322070801,1,0.9638928909722707,1,0
SESS_REAL_04478,12.31034339865601,2,1.0,1,0
SESS_REAL_01134,15.296041531166988,0,0.950861860774139,1,0
SESS_REAL_07596,4.319659444519499,1,0.9043398710598207,1,0
SESS_REAL_07240,22.039498540941263,0,0.9137603353156648,1,0
SESS_REAL_01131,9.719189807011844,2,0.9598597849451694,1,0
SESS_REAL_07471,1.969429609470419,5,0.981086843805592,1,0
SESS_FAKE_01079,25.257931425626474,13,0.5204019076228013,0,1
SESS_REAL_08099,12.04669111653892,3,0.9500602679043717,1,0
SESS_REAL_05457,7.449617188244724,2,0.9016834039626187,1,0
SESS_REAL_08274,10.324025139102794,2,0.9878375174419864,1,0
SESS_FAKE_00343,30.902967232395724,7,0.3111937916349344,0,1
SESS_REAL_04329,21.709082745345647,2,0.9093712122101918,1,0
SESS_FAKE_00367,19.98707949833033,11,0.2708986316645194,0,1
SESS_REAL_07730,10.495504752258327,1,0.94134958196727,1,0
SESS_FAKE_00439,11.937280838538717,4,0.27402599501870967,0,1
SESS_REAL_06396,9.774387844736669,1,0.9892675492806855,1,0
SESS_FAKE_00981,77.72246712465953,9,0.2849805138962651,0,1
SESS_REAL_07466,23.240133487999337,1,0.9426937324888804,1,0
SESS_REAL_04306,9.274389470327836,2,0.9559312232212638,1,0
SESS_REAL_04255,14.378921637601636,0,0.998369364200711,1,0
SESS_REAL_06818,25.050827631090094,1,0.9518581106455295,1,0
SESS_REAL_07066,1.9187985452741751,0,0.9048330444471618,1,0
SESS_FAKE_00293,83.57573282692492,3,0.3453076762608025,0,1
SESS_REAL_05299,1.8297697759236626,0,0.9702026422127573,1,0
SESS_REAL_03659,30.476382597503182,3,0.9399636191322913,1,0
SESS_REAL_02828,8.218132209362143,1,0.9754399260188854,1,0
SESS_REAL_06161,5.8002691886975715,1,0.9558432641567274,1,0
SESS_REAL_07378,12.164406494567313,2,0.9783105490941166,1,0
SESS_REAL_00885,3.860132513421424,0,0.9348694743817922,1,0
SESS_REAL_00480,13.411539484574249,1,0.9435713807791,0,0
SESS_REAL_06353,11.606177596345571,0,0.9508754198203302,1,0
SESS_FAKE_00397,17.416536478565835,14,0.31421767056999295,0,1
SESS_REAL_05281,9.468431584722897,1,0.9481368980057213,1,0
SESS_REAL_05064,17.53325818452995,1,0.9610998352168255,1,0
SESS_FAKE_01219,19.341217851598586,5,0.4515560813239812,0,1
SESS_REAL_05143,18.947028987085872,0,0.9884402007258292,1,0
SESS_REAL_04790,2.8553465663571718,1,0.9718877126295336,1,0
SESS_REAL_07469,6.38016455793106,1,0.9237635442755284,1,0
SESS_REAL_05766,4.997669373327547,2,0.9838441024136579,1,0
SESS_REAL_07151,2.817234331818139,1,0.9430786731757469,1,0
SESS_REAL_06376,17.725438227880097,3,0.9746422496930082,1,0
SESS_REAL_01833,18.043399538460175,3,0.9472333652561775,1,0
SESS_REAL_03748,7.6781294313617945,2,0.9445499129114933,1,0
SESS_REAL_06192,19.820239243786112,3,0.9461363142843925,1,0
SESS_REAL_02323,5.941859877952787,0,0.9197519672640097,1,0
SESS_REAL_02996,3.553349566515732,0,0.9489976723970621,1,0
SESS_REAL_07658,9.277900282425179,0,0.9069786241804069,1,0
SESS_REAL_05602,3.105822661254363,1,0.9178750921935573,1,0
SESS_REAL_02955,15.733414960010508,0,0.9467748733862584,1,0
SESS_REAL_06008,13.328747786529114,3,0.8655256851656812,1,0
SESS_REAL_07332,35.70617859041481,1,0.9489919160821638,1,0
SESS_REAL_08428,5.929007682005146,1,0.9813287539384984,1,0
SESS_REAL_01196,45.062332501732094,1,0.8946381702433128,1,0
SESS_REAL_03557,9.529285316339868,2,0.9651545321136396,1,0
SESS_REAL_08498,3.738018829177671,0,0.9334412895564711,1,0
SESS_REAL_03299,21.044338429465775,0,0.978580602647245,1,0
SESS_REAL_02462,13.219049805681694,1,0.989979365560878,1,0
SESS_REAL_01997,2.357410890102387,2,0.9497912035126292,1,0
SESS_REAL_05619,4.065644900838777,1,0.9483817867119175,1,0
SESS_REAL_03383,5.10639468813897,0,0.9630191624103905,1,0
SESS_REAL_00660,6.782481115821674,1,0.8936342925877054,1,0
SESS_REAL_03923,5.209785316986313,3,0.9402181903264394,1,0
SESS_REAL_02180,5.871486602267785,0,0.8997830621495363,1,0
SESS_REAL_00546,2.946469456781631,2,0.9644329299628472,1,0
SESS_REAL_07096,23.16336841218127,1,0.9216985794411269,1,0
SESS_REAL_02812,14.680964946227554,3,0.966039095979124,1,0
SESS_REAL_03625,5.1660366691978865,1,0.9444565750207161,1,0
SESS_REAL_01609,10.818656293783135,1,0.9534279569018995,1,0
SESS_REAL_05059,6.614180713767881,0,0.9549252746839242,1,0
SESS_REAL_02374,14.91231649326738,0,0.9355502764683628,1,0
SESS_REAL_05650,17.742865640147986,0,0.9615271230881407,1,0
SESS_REAL_02089,7.244561543606211,3,0.9340838504512194,1,0
SESS_REAL_01066,4.773949440715132,1,0.9408787670254004,1,0
SESS_REAL_06118,5.195389421403104,1,1.0,1,0
SESS_REAL_04015,5.110474484666794,0,1.0,1,0
SESS_REAL_01055,6.682543402179404,2,0.9753803581526229,1,0
SESS_REAL_06328,9.043674924998285,1,0.9623865993014404,1,0
SESS_REAL_06763,5.528804925458999,0,0.9522610172012078,0,0
SESS_REAL_05611,14.831802897148403,0,0.9370847213122292,1,0
SESS_REAL_04144,31.57075075099423,2,0.9092096273694172,1,0
SESS_REAL_05178,10.775719586316605,2,0.9841888626384728,1,0
SESS_REAL_01686,32.229617383393595,1,0.9466666185778184,1,0
SESS_REAL_07938,6.843057699702081,0,0.9832694256593965,1,0
SESS_REAL_00098,1.8089732878813647,0,0.9495177834151377,1,0
SESS_FAKE_00366,56.99602595134703,8,0.14801678418415304,0,1
SESS_FAKE_00096,13.801804665995226,8,0.23274606043554924,0,1
SESS_FAKE_00394,39.256577462912816,5,0.4996360072517858,0,1
SESS_REAL_04024,14.916922724262964,1,0.9398180955390014,1,0
SESS_REAL_04608,39.06265699690622,1,0.954724077270036,1,0
SESS_REAL_06713,22.329844992110715,2,0.9605545876963808,1,0
SESS_REAL_00085,6.219770558209576,1,0.9607672994423805,1,0
SESS_REAL_00371,1.7206786541668044,1,1.0,1,0
SESS_REAL_08010,23.446662313225936,0,1.0,1,0
SESS_FAKE_00512,19.635718328222676,6,0.529278902936834,0,1
SESS_REAL_03140,7.065643089075533,2,0.96801299230193,1,0
SESS_REAL_01115,11.91247014635361,0,0.9693276854243237,1,0
SESS_FAKE_01337,24.49550442604746,10,0.5002568894707261,0,1
SESS_FAKE_00809,25.537563672253523,8,0.4101908494063093,0,1
SESS_FAKE_01101,41.127673987571185,9,0.33638620340354936,0,1
SESS_REAL_02985,42.447806836836996,1,0.9625276514492836,1,0
SESS_REAL_00831,8.727388206913862,1,0.8983233551635915,1,0
SESS_REAL_03324,19.77691970430337,1,0.9377468719618202,1,0
SESS_FAKE_00104,135.88431283396793,11,0.7322396712673064,0,1
SESS_REAL_05104,6.049381316826503,3,0.9130201236969873,1,0
SESS_REAL_07606,3.9976345543414613,4,0.923869904644327,1,0
SESS_FAKE_00084,11.479466184402074,13,0.3978578999336619,0,1
SESS_REAL_03934,5.904451423667009,0,0.9342208382178804,1,0
SESS_REAL_06350,1.5886203836331072,1,0.9328717880152202,1,0
SESS_REAL_00217,17.96829061998949,0,0.9349702619080874,1,0
SESS_REAL_01091,14.085756713622722,4,0.928442047929574,1,0
SESS_REAL_06572,2.4811585325891032,0,0.9875843283615094,1,0
SESS_REAL_07792,8.222027349142513,2,0.9851859056902614,1,0
SESS_REAL_04038,14.425367155092317,3,0.9118308496021404,1,0
SESS_REAL_07617,17.870602646690493,1,0.9130484089199356,1,0
SESS_REAL_01347,7.0642278065675645,2,0.9371160803141717,1,0
SESS_REAL_08375,7.394885672809368,1,0.9607855664459971,1,0
SESS_REAL_04272,3.4704651187701816,3,0.9563305109066684,1,0
SESS_REAL_05799,3.6456300645592914,1,0.9399473510232996,1,0
SESS_REAL_02735,19.95599082873501,2,0.9686642292110191,1,0
SESS_REAL_04892,12.79354267769196,2,0.969468212486239,1,0
SESS_REAL_00287,10.887535028245512,1,0.9515212176159101,1,0
SESS_FAKE_00996,60.881281070657984,7,0.2576156298268546,0,1
SESS_REAL_04758,8.910546984160462,1,0.9395027650857736,1,0
SESS_FAKE_00081,44.22916472726522,9,0.33655049371119306,0,1
SESS_REAL_08045,2.7743683080237798,2,0.9648604323555111,0,0
SESS_REAL_07040,19.888158696668754,0,0.9557069460277009,1,0
SESS_REAL_02183,5.847943342814512,1,0.9963185181428343,1,0
SESS_REAL_07839,25.899773900270525,1,0.8552273595936427,1,0
SESS_REAL_07712,4.747074093022878,2,0.9168333741680658,1,0
SESS_REAL_04174,26.321404753504176,1,0.9524900315615854,1,0
SESS_REAL_05478,18.941804917570305,1,0.9428340682646108,1,0
SESS_REAL_00929,5.0790561591472665,0,0.9828490870908824,1,0
SESS_REAL_06117,55.75581654923659,2,0.9707246694406211,1,0
SESS_REAL_00663,4.749534345081599,1,0.9881243668897073,1,0
SESS_REAL_05823,17.2955226037291,1,0.9534546441151333,1,0
SESS_REAL_02273,14.17436917103146,1,0.9754426147640277,1,0
SESS_REAL_07548,22.73836525564129,0,1.0,1,0
SESS_REAL_04349,13.478432986366569,0,0.9180700786218878,1,0
SESS_FAKE_01454,21.32678247655955,9,0.10654210415358328,0,1
SESS_REAL_01036,6.483912156822805,3,0.9676785029887278,1,0
SESS_REAL_07016,4.814572207560277,0,0.9662415611177082,1,0
SESS_REAL_03373,14.515410100940187,2,0.9541262548841658,1,0
SESS_REAL_03863,5.037872051642752,3,0.9178855129737978,1,0
SESS_REAL_01334,45.66767973468114,2,0.9268631211664694,1,0
SESS_REAL_00901,1.8226864226918025,1,0.9304321044876873,1,0
SESS_REAL_06448,2.288568927632321,1,0.9876396813478006,1,0
SESS_REAL_04162,11.052071313040365,2,0.9130589922171849,1,0
SESS_REAL_00774,20.65206435991788,0,0.9571223584703281,1,0
SESS_REAL_06911,47.22101455093614,1,0.991272211606285,1,0
SESS_REAL_06513,20.75830967868387,1,0.9334394754703456,1,0
SESS_REAL_06604,10.39006885899246,1,0.9448636636446286,1,0
SESS_REAL_00325,17.568208858502715,3,0.9663683199014248,1,0
SESS_REAL_06563,11.822785232345703,0,0.950726775831814,1,0
SESS_REAL_03287,21.02741420699326,1,0.9786852030668193,1,0
SESS_REAL_00501,10.716941212945079,1,0.9759152628091634,1,0
SESS_REAL_03410,7.855851673096593,0,0.934353704656173,1,0
SESS_REAL_01928,13.837583957695736,2,0.9281106079381526,1,0
SESS_REAL_01422,2.0095407960126206,1,0.9240436819893879,1,0
SESS_REAL_07685,19.03683880018759,3,0.9402191205032759,1,0
SESS_REAL_00282,7.151241464730676,0,0.9182808623740606,1,0
SESS_REAL_08158,7.67588903024098,0,0.9517752258378268,1,0
SESS_FAKE_00276,67.97188413928899,9,0.3430134544464358,0,1
SESS_FAKE_01061,151.91597967260557,5,0.1334236375189039,0,1
SESS_FAKE_00328,27.09042565144064,6,0.19722613893989355,0,1
SESS_REAL_01724,15.6381536391382,0,0.9958799196107511,1,0
SESS_FAKE_00402,106.38899500066286,8,0.15148878618049597,0,1
SESS_FAKE_01294,26.284917262019352,11,0.20927939995008882,0,1
SESS_REAL_04216,2.0096171813572106,0,0.9324225105176825,1,0
SESS_REAL_07759,4.124460720413942,1,0.9052123272105467,1,0
SESS_REAL_04043,13.09175963611506,1,0.9829661236353195,1,0
SESS_FAKE_00111,46.901256280863564,10,0.530542472630803,0,1
SESS_REAL_05138,15.29056911473347,1,0.9669377570362421,1,0
SESS_REAL_07293,9.645757174536207,2,0.9511050742660362,1,0
SESS_REAL_06802,4.47214597427655,2,0.9475353242152893,1,0
SESS_REAL_07245,2.0784551210429703,1,0.919912734776593,1,0
SESS_REAL_02474,10.64705115679119,3,0.9525521025616218,1,0
SESS_REAL_05536,3.387082748518175,2,1.0,1,0
SESS_REAL_01993,3.2452223943344967,2,0.9517449169691679,1,0
SESS_REAL_05440,8.901548138363927,4,0.9264871949188949,1,0
SESS_REAL_07417,3.907905842840539,0,0.973197986442908,1,0
SESS_REAL_03402,83.16901463867138,1,0.9066976081094428,1,0
SESS_REAL_01020,15.844925482714626,1,0.9302938015311981,1,0
SESS_REAL_08164,7.165256905996088,0,0.9380623096757772,1,0
SESS_REAL_03000,14.902646948713553,2,0.9643559249272519,1,0
SESS_REAL_00990,20.77825876752228,1,0.9419836392891606,1,0
SESS_REAL_00144,5.522996116572981,3,1.0,1,0
SESS_FAKE_00348,41.90565243341677,9,0.5147681287463861,0,1
SESS_REAL_07331,25.233450326680135,1,0.8988351966846532,1,0
SESS_REAL_01411,2.924316256683415,1,0.9822572392088396,1,0
SESS_REAL_03150,13.439047888260262,2,0.9034088921146265,1,0
SESS_REAL_04431,11.000473910025377,0,0.9287242618245883,1,0
SESS_REAL_00834,9.778656513633813,1,0.9692720126764134,1,0
SESS_REAL_04899,30.506024758922987,2,0.954179252277078,1,0
SESS_REAL_01284,6.242518031974321,2,0.9981904111859092,1,0
SESS_REAL_07242,3.030727719427806,1,0.9613736571340812,1,0
SESS_REAL_06336,3.7104867418324563,0,0.9355922513742749,1,0
SESS_REAL_07549,16.106182617883242,2,0.8951700761325233,1,0
SESS_REAL_02402,7.824047377340955,3,0.9231923562530475,1,0
SESS_FAKE_01471,44.87193769649615,7,0.24377962472116824,0,1
SESS_REAL_06303,19.556038831699528,0,0.941411862983969,1,0
SESS_REAL_05202,13.85275439807761,1,0.9800657796140976,1,0
SESS_REAL_00623,9.451950776023374,1,0.9595318010362879,1,0
SESS_REAL_02874,19.689485898618326,1,0.9614247408751373,1,0
SESS_REAL_00985,9.710042719956823,0,0.9358446613653348,0,0
SESS_FAKE_01376,63.85433287836361,8,0.22847839698820227,0,1
SESS_REAL_06535,4.957925915653237,0,0.9590696824229381,1,0
SESS_FAKE_01034,95.44509116602055,6,0.22489309383170017,0,1
SESS_REAL_06009,5.003476845058338,1,0.9485869487631936,1,0
SESS_REAL_07085,1.7223478847437679,0,0.9629121026819506,1,0
SESS_REAL_03040,3.872117528106136,1,0.9396377914450239,1,0
SESS_REAL_04609,7.172274453094879,1,0.9235714224957022,1,0
SESS_REAL_00649,9.780437062186621,3,0.9679238857364405,1,0
SESS_REAL_00117,3.977945716303669,0,0.9141922530789794,1,0
SESS_REAL_05795,20.52340089771639,5,0.949521241104065,1,0
SESS_REAL_07618,44.07685819044008,1,0.9620422587795369,1,0
SESS_REAL_00750,2.9917753902933573,1,0.9776225140449161,1,0
SESS_REAL_01837,6.454726707786099,2,0.9645345271738922,1,0
SESS_REAL_08144,37.67686555066626,3,0.9567684040237566,1,0
SESS_REAL_04946,13.212819192390729,0,0.9781432807691179,1,0
SESS_REAL_02238,2.487141123889229,1,0.9023574765486687,1,0
SESS_REAL_02392,8.256576163174334,1,0.9600666756391879,1,0
SESS_REAL_02516,1.7316140323870302,0,0.9433393954885992,1,0
SESS_REAL_00367,29.79091420523903,2,0.9251159679625913,1,0
SESS_REAL_01651,5.833848480618602,2,0.9438371201152038,1,0
SESS_REAL_01966,3.947096855404211,3,0.9907741304990605,1,0
SESS_REAL_07751,15.481551301661405,0,0.9478045489237699,1,0
SESS_REAL_01237,9.191437376433765,0,0.9102921682395968,1,0
SESS_REAL_03561,22.237387933733782,0,0.9529944100646492,1,0
SESS_FAKE_00720,61.505340898989786,12,0.31553451920356124,0,1
SESS_FAKE_00717,166.84234974792395,5,0.46860113508049656,0,1
SESS_REAL_06991,4.8044987790078375,3,0.8686830013526219,1,0
SESS_REAL_06792,7.599521231719397,3,1.0,1,0
SESS_REAL_03264,20.38642361347109,1,0.9798196147071598,1,0
SESS_FAKE_01385,11.284043616129079,12,0.40611913315327436,0,1
SESS_REAL_05526,13.725298724257302,1,0.9253154220342683,1,0
SESS_FAKE_01320,32.116332043416364,7,0.15796861926411535,0,1
SESS_REAL_07474,7.594963111436117,2,0.9771426772419647,1,0
SESS_REAL_08218,5.696542796417802,0,0.9495393278745272,1,0
SESS_REAL_00499,52.90638690663046,0,0.9641543521851843,1,0
SESS_REAL_02051,9.45598582097922,1,0.9184272211927198,1,0
SESS_REAL_07772,4.935293160494601,2,0.9977893509464557,1,0
SESS_REAL_02572,6.154373568686995,1,0.9450580931372311,1,0
SESS_REAL_00732,14.630563668191627,3,0.906195492138008,1,0
SESS_REAL_00980,6.381982535257205,0,0.9790406812002878,1,0
SESS_REAL_05498,11.608260717670227,1,0.9858958036004865,1,0
SESS_REAL_05091,2.1502301337235155,1,0.9308832290586229,0,0
SESS_REAL_00644,3.030757239417375,1,0.9247437994724873,1,0
SESS_FAKE_00379,119.99308956204548,9,0.2777871551757817,0,1
SESS_REAL_01089,4.662457980212199,3,0.9912772525789691,1,0
SESS_REAL_01456,15.535890432133804,3,0.9506000965948239,1,0
SESS_REAL_01229,7.8180549101450785,0,0.955893601387044,1,0
SESS_FAKE_01325,52.637287927791235,10,0.013608312754301244,0,1
SESS_REAL_06662,6.608970662284713,1,0.9243905586015738,1,0
SESS_REAL_06801,2.905731621449436,1,0.9522840066151933,1,0
SESS_REAL_06269,13.700774285333836,0,0.9827036186353253,1,0
SESS_REAL_05053,2.5655324728127558,1,0.9836056838122054,1,0
SESS_REAL_04049,4.200670213228631,0,0.962255481949633,1,0
SESS_REAL_07256,2.121931403230521,0,0.9737126050928906,1,0
SESS_REAL_04799,13.591226756940799,4,0.9744422007745581,1,0
SESS_REAL_07322,9.40161521552208,3,0.9546671107040073,1,0
SESS_REAL_08282,26.31542886138265,0,0.8825560740181003,1,0
SESS_REAL_06048,21.72449736905104,1,0.9623500198464771,1,0
SESS_REAL_01797,2.397773155615516,2,0.9777700084372358,1,0
SESS_FAKE_01114,48.222326622924065,13,0.14794173176544465,0,1
SESS_REAL_08392,39.8993050534391,1,0.9837586932289566,1,0
SESS_REAL_05699,5.647954571265332,0,0.9393251261778945,1,0
SESS_REAL_01887,4.899164008294402,4,0.962596238683753,1,0
SESS_REAL_02525,5.421397790119584,1,0.9518899335673563,1,0
SESS_REAL_02662,4.416186563595566,2,0.9472463045956162,1,0
SESS_REAL_05849,9.96372283627463,1,0.9312771484883315,1,0
SESS_FAKE_01324,13.293086187106663,7,0.0,0,1
SESS_REAL_03573,56.12083950342871,3,0.9268178359114992,1,0
SESS_REAL_06748,60.757763691474594,1,0.8981052356020968,1,0
SESS_REAL_05248,8.82527821071178,3,0.8913524453131063,1,0
SESS_FAKE_00668,69.7673127813471,10,0.23930531114008768,0,1
SESS_REAL_06693,21.007546777338277,0,0.9632265440432494,1,0
SESS_REAL_08443,7.958711924458525,2,0.9544900673277407,1,0
SESS_REAL_01516,14.01159511689302,0,0.9077192942949043,1,0
SESS_FAKE_01367,157.0243924510733,8,0.38103993874176784,0,1
SESS_FAKE_00495,191.71374867582745,9,0.23258202442174777,0,1
SESS_REAL_07337,5.251897952256651,2,0.9373915377581034,1,0
SESS_REAL_07947,17.161904969508097,1,0.9893636962752699,1,0
SESS_REAL_06442,16.897889398556945,1,0.970228977381113,1,0
SESS_REAL_00731,21.721239390768105,0,0.925665679557486,1,0
SESS_FAKE_00850,20.631675373875446,6,0.31099315231474967,0,1
SESS_FAKE_01323,29.58551021986258,11,0.1936662071462626,0,1
SESS_REAL_03231,12.730352731940878,0,0.9686025976849836,1,0
SESS_REAL_04958,3.9757293215195464,0,0.9638119231887622,1,0
SESS_REAL_03432,18.463008337436396,1,0.9443063976228556,1,0
SESS_REAL_01501,9.328252698182993,2,0.9294595732246204,1,0
SESS_REAL_07703,6.767449467581095,1,0.9210898912265733,1,0
SESS_FAKE_01031,10.187689417537207,9,0.26113035096174186,0,1
SESS_REAL_07187,7.234964364556735,1,0.9482538184060075,1,0
SESS_REAL_04277,6.451406853244162,0,1.0,1,0
SESS_REAL_00614,26.317616381857086,1,0.9129223347947242,1,0
SESS_REAL_03570,6.0203541127879685,2,1.0,1,0
SESS_REAL_02944,18.575763178918173,0,1.0,1,0
SESS_REAL_00760,3.4738958415160903,2,0.8967993789617758,1,0
SESS_REAL_07336,2.1127535549004457,0,0.9028895260536558,1,0
SESS_FAKE_00845,81.5261256412078,12,0.19665297947904642,1,1
SESS_REAL_06069,4.775021678737939,3,0.9520429246160927,1,0
SESS_REAL_07087,13.066411783683058,2,0.9035001012194398,1,0
SESS_REAL_02020,41.1906597536204,1,1.0,1,0
SESS_REAL_03081,27.246342796133362,0,0.9603592866849431,1,0
SESS_REAL_01324,46.18923371320912,0,0.9422355898852123,1,0
SESS_REAL_01044,27.55633990469124,0,0.9624462469726731,1,0
SESS_REAL_07641,6.354010112406286,2,0.9816690127051947,1,0
SESS_REAL_00673,10.420948201352433,0,0.9284709322408501,1,0
SESS_REAL_03207,18.056871686037013,1,0.9496101896394923,1,0
SESS_REAL_06389,11.48760367082998,2,1.0,1,0
SESS_REAL_00888,2.7568804018184556,0,0.9359444021221984,1,0
SESS_REAL_00388,18.165076752065097,2,0.9514273825145836,1,0
SESS_FAKE_01247,42.56243962244358,7,0.2936787821134547,0,1
SESS_REAL_04375,9.423381397299082,0,0.9905612710599541,1,0
SESS_REAL_07649,12.252208809908382,0,0.9704030205002878,1,0
SESS_REAL_05468,23.861444135616264,2,0.9473584962405517,1,0
SESS_FAKE_01392,153.90293203214864,7,0.2389641276247257,0,1
SESS_FAKE_00826,132.46939155409422,8,0.3520228407868887,0,1
SESS_REAL_04774,6.437748828509147,1,0.9598466099594296,1,0
SESS_REAL_03694,6.578974887198273,1,0.966436257109841,1,0
SESS_REAL_05058,11.30199318950226,1,0.942596806055873,1,0
SESS_REAL_02368,6.5439121942926946,1,0.9735228678911749,1,0
SESS_REAL_01896,12.98489804597719,1,0.9569317736324886,1,0
SESS_FAKE_01128,144.11747196078835,8,0.4070343320886264,0,1
SESS_REAL_00763,17.848416742420937,1,0.9966452072127877,1,0
SESS_FAKE_01264,11.248541697556435,10,0.14057332509778322,0,1
SESS_REAL_07216,11.50954405619633,2,0.9628992269067982,1,0
SESS_REAL_02687,7.905910865708946,0,0.9613008454602915,1,0
SESS_REAL_06864,10.620684144844676,2,0.9666034105175245,1,0
SESS_FAKE_00474,29.141820420866505,10,0.48116056792833783,0,1
SESS_FAKE_00142,73.99139188661744,10,0.05680082342109932,0,1
SESS_REAL_04659,16.7920564871739,1,0.9355369244609323,1,0
SESS_REAL_00199,19.662746303170838,0,0.9559932866550528,1,0
SESS_REAL_05939,5.463477317381697,1,0.924819441251221,1,0
SESS_REAL_03890,18.25118622378785,3,0.9147694111304805,1,0
SESS_REAL_02058,14.131288011768703,2,0.9100943145333948,1,0
SESS_REAL_03513,21.877518637088755,1,0.9429263504521789,1,0
SESS_REAL_04575,5.998032495503348,1,0.9232753199599927,1,0
SESS_REAL_01734,3.1809471103241416,1,0.9449597958065129,1,0
SESS_REAL_08481,4.919149580167687,1,0.9478486545087377,1,0
SESS_REAL_05137,2.496863445958134,1,1.0,1,0
SESS_REAL_07323,16.062882695084333,5,0.9526385028582544,1,0
SESS_REAL_08217,6.011476171085405,0,0.9471068533652188,1,0
SESS_FAKE_01287,48.3420695900827,4,0.3419158636070505,0,1
SESS_REAL_00804,8.122494047073854,0,0.9296019216572475,0,0
SESS_REAL_05552,35.8728242749308,2,0.9454333023596052,1,0
SESS_REAL_03026,36.185354990016386,0,0.9470878453955434,1,0
SESS_REAL_07811,2.198106536724434,0,0.9179878035178753,1,0
SESS_REAL_05511,33.030766751443295,1,0.9517845481999149,1,0
SESS_REAL_08058,9.36208143435662,1,0.952105933745735,1,0
SESS_REAL_08310,9.272439891513358,2,0.9612746097721532,1,0
SESS_REAL_04859,27.71431210135275,2,0.9352006885113227,1,0
SESS_REAL_02698,19.346185568051972,3,0.9681359883230286,1,0
SESS_REAL_02629,7.385391765150157,1,0.9357132835788511,1,0
SESS_REAL_08137,41.3302098879384,0,0.9738100563687714,1,0
SESS_REAL_03713,13.19624317939594,0,0.9661395281762605,1,0
SESS_REAL_01883,18.68160455502631,0,0.9487633776989565,1,0
SESS_REAL_02088,22.218617407562395,2,0.9831589475862459,1,0
SESS_REAL_03949,4.695945550415348,0,0.931497459675442,1,0
SESS_REAL_02836,61.48747291082821,2,0.990096655152567,1,0
SESS_FAKE_00710,24.095474391415628,10,0.19528570812563,0,1
SESS_FAKE_00021,30.605207987540133,5,0.2572654981725287,0,1
SESS_FAKE_01172,46.74358635725878,12,0.07561419709956166,0,1
SESS_REAL_02749,13.625723858608763,1,0.9104403227234639,1,0
SESS_REAL_04080,15.64567803384023,1,0.9465851655661279,0,0
SESS_REAL_01970,1.7938702952463639,1,0.9098360236526166,1,0
SESS_REAL_01072,2.0160573712481678,0,0.9618914516752801,1,0
SESS_REAL_01239,3.962546139130061,0,0.9204815580235233,1,0
SESS_REAL_02280,5.022656686621669,0,0.9334893923654053,1,0
SESS_REAL_00548,10.315325090232452,0,0.9220351683540391,1,0
SESS_FAKE_00061,11.123542744822437,8,0.4235049857395945,0,1
SESS_REAL_03899,23.846124677219205,2,0.9427327952281548,1,0
SESS_REAL_07650,2.3996486313081977,2,0.987434623194507,1,0
SESS_REAL_06491,5.761704577631562,3,0.9785094697345593,1,0
SESS_REAL_03762,10.597475370552836,1,0.9759510344189627,1,0
SESS_REAL_05687,30.635754436272055,0,0.9343138155987817,1,0
SESS_FAKE_01049,109.00915247994826,13,0.565874242735199,0,1
SESS_REAL_01111,4.550048006887035,1,0.9008951647354141,1,0
SESS_FAKE_01317,29.589356522219372,8,0.2769103214873657,0,1
SESS_REAL_08070,8.363674193162439,1,0.9303082283719237,1,0
SESS_FAKE_00755,130.94012977461318,14,0.10103085657140637,0,1
SESS_REAL_01986,17.120761217417268,0,0.9290329135392709,1,0
SESS_REAL_05531,3.218359439815531,1,0.97864349290085,1,0
SESS_REAL_04961,4.238843838521492,2,0.9557324130989675,1,0
SESS_REAL_06155,1.896115732761472,1,1.0,1,0
SESS_REAL_02521,3.232475467143712,0,0.8987069657801101,1,0
SESS_REAL_07239,8.330970534887152,1,0.9672093137940975,1,0
SESS_FAKE_01480,28.98194536636993,9,0.45950738353620324,0,1
SESS_REAL_03127,2.5155779619383396,2,0.9520962915078944,1,0
SESS_REAL_07112,7.791803924831637,1,0.938351643239057,1,0
SESS_REAL_05674,39.532764055222984,1,0.9204349944925898,0,0
SESS_REAL_04079,4.578425329188806,2,0.9741923528678528,1,0
SESS_REAL_05645,5.345982514410353,0,0.9256897614107218,1,0
SESS_REAL_05389,25.391154339966345,2,0.9461031616714637,1,0
SESS_FAKE_00248,13.902461746659672,6,0.4719732991258859,0,1
SESS_FAKE_00230,10.963526376353162,5,0.22422542587021632,0,1
SESS_FAKE_01451,126.99234200612001,6,0.11403291880604682,0,1
SESS_REAL_04203,41.218725419819734,0,0.9553902205538133,1,0
SESS_FAKE_00659,32.301608394269664,7,0.39441092375640685,0,1
SESS_FAKE_01329,66.87943359368738,8,0.4133963041245943,0,1
SESS_REAL_08118,3.7607031727091664,1,0.902819627942553,1,0
SESS_REAL_02286,44.20798679077909,2,0.9236217661375796,1,0
SESS_FAKE_01048,242.87820293143398,8,0.17621353835696488,0,1
SESS_REAL_06030,13.210509818550372,1,0.926977901834966,1,0
SESS_REAL_00682,3.7487943934378505,2,0.9018800715573512,1,0
SESS_REAL_05949,22.44583391608611,3,0.9600726198155382,1,0
SESS_REAL_05010,3.6710671902564758,0,0.9655341976093142,1,0
SESS_FAKE_00761,19.448652594374643,7,0.2407969276047078,0,1
SESS_REAL_00181,2.945331420443957,1,0.9651923102413741,1,0
SESS_REAL_07488,12.47383386792797,1,0.9702814213450844,1,0
SESS_FAKE_00454,23.370617069363455,10,0.2814758437309456,0,1
SESS_REAL_07036,5.194079598757746,0,0.9033159445857817,1,0
SESS_REAL_03787,8.983043679398863,1,0.9509012409356385,1,0
SESS_REAL_07031,5.513733978042923,1,0.9399077039211843,1,0
SESS_REAL_06884,35.91775064576578,0,0.9431215585382776,1,0
SESS_REAL_06354,31.924931852744578,1,0.9352384096396941,1,0
SESS_REAL_05703,4.989406444905215,3,0.9158826641335611,1,0
SESS_REAL_03092,7.610629331636546,1,0.9252149013683246,1,0
SESS_REAL_04066,3.1154837029997244,2,0.9656743946928238,1,0
SESS_REAL_02888,21.484392499941997,1,0.9849901913468375,1,0
SESS_REAL_00048,10.99468557578157,0,0.9551496130990669,1,0
SESS_FAKE_00519,15.025159506383094,4,0.2370191436852829,0,1
SESS_REAL_00427,27.739423970649614,0,0.9728530917879131,1,0
SESS_REAL_07669,6.52869840836636,3,0.9746903407077281,1,0
SESS_REAL_08452,15.742270849584003,2,0.9154179754658107,1,0
SESS_REAL_05170,8.151180390235682,2,0.957941536043404,1,0
SESS_REAL_02311,26.378892027587,1,1.0,1,0
SESS_REAL_02777,3.6746627691023237,1,0.9594551511167747,1,0
SESS_REAL_07749,14.529721996740374,0,0.9189954359823177,1,0
SESS_REAL_06933,3.1539769203089456,0,0.9116389558768698,1,0
SESS_FAKE_00470,23.989833232669373,13,0.2685252672609189,0,1
SESS_REAL_01017,11.570435011750828,1,0.9423829711177737,1,0
SESS_REAL_06113,10.944871272729221,0,0.9309115895082438,1,0
SESS_REAL_00896,5.663203063350202,0,0.9432999689169769,1,0
SESS_REAL_08276,10.053723096020288,1,0.970325834807011,1,0
SESS_FAKE_01212,25.007636466440086,6,0.4464612999760693,0,1
SESS_REAL_03517,7.345262144652263,0,0.9522649402699821,1,0
SESS_REAL_04846,36.927407182965844,1,0.9748050415361872,1,0
SESS_REAL_07909,9.632393755578052,1,0.9157285392488167,1,0
SESS_REAL_01434,3.305009450513486,0,0.9974526247273244,1,0
SESS_FAKE_00475,46.957641365766136,7,0.33841979149222756,0,1
SESS_REAL_03940,18.49030840648475,1,0.9539946358451484,1,0
SESS_REAL_01312,11.018060194547154,2,0.9646102690342446,1,0
SESS_REAL_02547,7.781724417904023,0,0.9737158869027607,1,0
SESS_REAL_04200,24.26218669987609,0,0.9516485568088444,1,0
SESS_REAL_03461,3.5381707676514873,1,0.9216106626282539,1,0
SESS_REAL_06781,9.39104793246376,2,0.8763772924680759,1,0
SESS_REAL_08234,2.723294113443184,1,0.9995220592999955,1,0
SESS_FAKE_00291,30.29038543188108,9,0.46844615900420405,0,1
SESS_REAL_06488,8.127524466251991,0,0.9539955731748502,0,0
SESS_REAL_04337,29.422936234010372,1,0.9540866948712998,1,0
SESS_REAL_00149,5.419511052124433,2,0.9291131485888345,1,0
SESS_REAL_04018,5.733684139053348,0,0.9651927349084204,1,0
SESS_REAL_05817,11.931986461386643,2,0.9560972562163532,1,0
SESS_FAKE_00019,21.202457899331897,7,0.544682822860487,0,1
SESS_REAL_07371,13.537517331660483,3,0.9534943632509275,1,0
SESS_REAL_02078,51.888188699159414,3,0.9380626227914589,1,0
SESS_REAL_07133,3.6234722872089966,6,0.909466813873586,1,0
SESS_REAL_03737,18.1921683488101,0,0.9579206734698905,1,0
SESS_REAL_04564,4.653233463396581,0,0.9304910314259853,1,0
SESS_REAL_01795,2.5632472160217423,2,1.0,1,0
SESS_REAL_04554,8.861357907948417,4,0.9363025983653425,1,0
SESS_FAKE_01363,52.850900004556514,4,0.4470003883959269,0,1
SESS_FAKE_00604,14.672177185078937,10,0.17595229558396647,0,1
SESS_REAL_05406,42.298378760374916,1,1.0,1,0
SESS_FAKE_00885,44.27725966995308,13,0.24788877003386903,0,1
SESS_REAL_00064,5.4576340816109905,1,0.9312450263513288,1,0
SESS_REAL_05293,1.7650666202247436,2,1.0,1,0
SESS_REAL_05810,3.6860134177703463,2,0.9299283819585191,1,0
SESS_REAL_00226,44.84771287395511,3,0.931780192687469,1,0
SESS_FAKE_00689,59.96772851747862,11,0.29924815214198136,0,1
SESS_FAKE_00432,13.93386826322131,8,0.21028098822152003,0,1
SESS_REAL_00017,10.427133970330253,3,0.9615863466398751,1,0
SESS_REAL_00734,6.833536820136818,1,0.9464274247271804,1,0
SESS_REAL_07608,6.421819203647914,0,0.9528793748970928,1,0
SESS_REAL_06246,3.6895964339906078,1,0.9589892356233141,1,0
SESS_REAL_04851,7.267757548603598,2,1.0,1,0
SESS_REAL_05689,13.959056334785446,1,0.9731866453481597,1,0
SESS_REAL_02864,8.385487317781052,2,0.8750951002633722,1,0
SESS_REAL_07144,34.043459643830005,3,0.928983595525025,1,0
SESS_REAL_05507,6.177637086060029,1,0.9292873689390962,1,0
SESS_REAL_04823,7.497058977669557,1,0.896110509055235,1,0
SESS_REAL_01310,2.5020773970979517,2,0.9688724785772371,1,0
SESS_FAKE_00024,23.31833886890383,7,0.03483418027429275,0,1
SESS_REAL_00186,21.893808871670657,0,0.934850652949781,1,0
SESS_REAL_00227,7.492649964480285,0,0.9322176881176415,1,0
SESS_FAKE_00848,52.748401042116946,6,0.4725057083916023,0,1
SESS_REAL_02264,12.710083545183466,2,0.9754060920405275,0,0
SESS_REAL_07359,26.48822029519866,1,0.9620703544527364,1,0
SESS_REAL_04052,22.297803760921877,1,0.9607708331721794,1,0
SESS_REAL_06447,9.44473991501891,0,0.9357571027455537,1,0
SESS_REAL_01956,13.84562771763447,1,0.9859861351594372,1,0
SESS_REAL_01463,14.369907821590278,2,0.9575163388497009,1,0
SESS_REAL_01078,4.4547030712912,4,0.9248913188090351,1,0
SESS_REAL_00324,38.67724198267568,2,0.9777192300250278,1,0
SESS_REAL_03349,4.816959697612148,3,0.8877015196340424,1,0
SESS_REAL_06360,2.305212396915357,0,1.0,1,0
SESS_REAL_05850,3.628166731988027,2,0.9384942015096144,1,0
SESS_REAL_07827,6.412704461818012,1,0.9190074484863352,1,0
SESS_REAL_05726,4.1355415672671425,0,0.9824812932062874,1,0
SESS_REAL_04322,14.886075040175827,3,0.9528592709952696,1,0
SESS_REAL_07621,11.512743551165165,3,0.997713928168692,1,0
SESS_REAL_05228,3.4748582453896346,2,0.9351253328950564,1,0
SESS_FAKE_00370,32.18462151623709,10,0.08408373666757119,0,1
SESS_REAL_02523,6.831385468912016,2,0.9571787034434106,1,0
SESS_REAL_04205,9.31234657454121,0,0.9585444864601942,1,0
SESS_REAL_02050,8.85652944728043,0,0.9354099836827093,1,0
SESS_REAL_00572,7.560961575590157,0,0.9777289079692433,1,0
SESS_REAL_00680,21.883956408434152,0,0.930756520445064,1,0
SESS_REAL_03322,18.955651870919752,1,1.0,1,0
SESS_REAL_02584,12.078753126479524,1,0.9665329094992952,1,0
SESS_REAL_03339,14.240402526707106,3,0.9351091061151199,1,0
SESS_REAL_06145,3.7087775095679856,0,0.915758990801544,1,0
SESS_REAL_08484,16.800746723234692,2,0.9243145592145983,1,0
SESS_REAL_02171,2.3662188608345316,0,0.9296956779336105,1,0
SESS_FAKE_00146,168.90811582091615,5,0.4373388220932577,0,1
SESS_REAL_01971,22.883875345669672,2,0.9311654376214004,1,0
SESS_REAL_04229,4.027706286529362,0,0.9610296664036632,1,0
SESS_REAL_06516,23.89753568100638,2,0.8988515473173307,1,0
SESS_REAL_06670,6.5889337237370516,1,0.9838365659794235,1,0
SESS_REAL_05338,30.34152035517115,1,0.9682805268673412,1,0
SESS_REAL_03797,2.80793879612026,1,0.9328996550427723,1,0
SESS_REAL_01891,7.659831080657032,0,1.0,1,0
SESS_REAL_03446,21.081064844478917,4,0.9625930289069081,1,0
SESS_FAKE_00496,154.15715921376474,5,0.20286210635824722,0,1
SESS_REAL_03470,1.7319660494476925,1,0.9027581187997371,1,0
SESS_REAL_00741,5.803743305167705,0,0.9703064846045965,1,0
SESS_REAL_00520,12.320689562588829,1,0.9427045715576869,1,0
SESS_REAL_06387,17.7871657637884,0,0.9960310104259485,1,0
SESS_REAL_03397,23.86200590222436,1,0.9110355542520662,1,0
SESS_REAL_06943,2.0772365258249876,1,0.9467454331448255,1,0
SESS_REAL_08285,24.051105050220215,2,0.9290589677395428,1,0
SESS_FAKE_00876,16.7456635603453,7,0.42905814471428905,0,1
SESS_REAL_05192,18.89419952252108,1,0.9781104181045844,1,0
SESS_REAL_05559,13.73011332504198,1,0.928973011363758,1,0
SESS_REAL_01677,7.689659576907596,3,0.9235196353351821,1,0
SESS_REAL_03023,6.349802504285973,3,0.9645173582713841,1,0
SESS_REAL_05794,9.8869778592161,1,0.9202751705042036,1,0
SESS_REAL_05947,1.5854049504718144,2,0.9261958079270419,0,0
SESS_REAL_02758,16.26057182212479,4,0.9791074554400446,1,0
SESS_REAL_07448,14.126285996557229,1,0.978725344649695,1,0
SESS_REAL_01164,3.6031012167547583,3,0.9347021226390277,1,0
SESS_REAL_01578,12.710219679887016,5,0.9501961054320558,1,0
SESS_REAL_08341,11.202403171499398,3,0.9392769847250796,1,0
SESS_REAL_01936,5.273582233514992,0,0.9048287101286208,1,0
SESS_REAL_07897,9.590831370422817,2,0.9317911332800759,1,0
SESS_REAL_03504,28.81901651374838,1,0.9193263229775194,1,0
SESS_REAL_00035,21.32797887375452,2,0.9929187319099517,1,0
SESS_REAL_08448,2.999630165911589,2,0.952291267661077,1,0
SESS_REAL_05757,8.248432280376843,1,0.9065075464743364,1,0
SESS_REAL_08145,1.7694360683488721,3,0.9111096504758982,1,0
SESS_REAL_02182,1.9050314305267286,0,0.939129966251754,1,0
SESS_REAL_08350,22.76578940461542,1,0.9379090110609627,1,0
SESS_REAL_02068,3.6596633210088196,4,0.9279526954810121,1,0
SESS_REAL_05769,30.69345114891854,3,0.9513272532618154,1,0
SESS_REAL_07347,9.136325961924902,2,0.9872976516064124,1,0
SESS_REAL_03753,15.595135705805784,4,0.9292841592253548,1,0
SESS_REAL_08163,9.368866723641244,2,0.9526180501639042,1,0
SESS_REAL_07470,21.93866675445191,1,0.985513309594523,1,0
SESS_REAL_08316,25.703555543932858,1,0.9903060396082538,1,0
SESS_FAKE_00245,110.5865552612337,8,0.5602689900382054,0,1
SESS_REAL_07660,1.9694008264636136,2,0.9774483578758493,1,0
SESS_REAL_04722,4.241523517572753,0,0.9631551846712656,1,0
SESS_REAL_04257,8.71205635454511,3,0.9286776806033574,1,0
SESS_REAL_00438,16.19999703756006,2,0.9447077883911501,1,0
SESS_REAL_06551,10.35348950059344,0,0.9960286092591097,1,0
SESS_REAL_05455,4.442414494268335,0,0.9384629069907703,1,0
SESS_REAL_00892,22.77901199970677,2,0.9459014392556728,1,0
SESS_REAL_07502,3.103596108346783,0,0.9588104356987884,1,0
SESS_REAL_05548,5.0724530092931595,3,0.9555427594056101,1,0
SESS_REAL_07841,8.447279013943515,0,0.9456017883433302,1,0
SESS_REAL_03880,9.876162919365699,2,0.9778314775625025,1,0
SESS_REAL_04127,36.50852069170966,3,0.9573401104721286,1,0
SESS_REAL_07042,13.963091821011195,4,1.0,1,0
SESS_REAL_00278,16.026607782138203,0,0.9704594350796794,1,0
SESS_REAL_04710,8.015429988091082,3,0.9796785822918227,1,0
SESS_REAL_07047,1.7466097276243882,1,0.948511148318676,1,0
SESS_REAL_02426,2.9814650819743838,1,0.967742977979632,1,0
SESS_REAL_00435,15.986501659837197,0,0.9830117547216639,1,0
SESS_REAL_03883,4.488399877839404,0,0.9330707031757949,1,0
SESS_REAL_04195,3.978976667981019,0,0.9058098062387135,1,0
SESS_REAL_00583,6.283392385205998,0,0.9838243357619578,1,0
SESS_REAL_00080,25.362354859898673,1,0.9839503561100365,1,0
SESS_REAL_05213,18.436502506819103,0,0.9553686923385932,1,0
SESS_REAL_00547,14.861295402229224,1,0.9044868989845067,1,0
SESS_REAL_05287,2.1177346885030346,0,0.9720608247992607,1,0
SESS_REAL_00342,3.7823365536026996,1,0.997627427385271,1,0
SESS_REAL_08206,3.1302982119911302,1,0.9898048020431085,1,0
SESS_REAL_05866,17.311038805951682,1,1.0,1,0
SESS_REAL_02393,3.346126739833206,0,0.8842404410442676,1,0
SESS_REAL_06493,4.446200678087498,2,0.9507214330735719,1,0
SESS_FAKE_00310,29.2876169189132,8,0.2621926469273641,0,1
SESS_REAL_04419,3.838788349256501,0,0.9467905168413655,1,0
SESS_FAKE_00284,82.59784797440601,21,0.24501307294396085,0,1
SESS_REAL_03715,5.985494612229455,1,0.9345080754601769,1,0
SESS_REAL_03114,4.166782651072781,0,0.9256352490934528,1,0
SESS_REAL_02033,44.40889357089738,1,0.9832056087341771,1,0
SESS_REAL_05783,2.8640803637536174,1,0.9828964179885866,1,0
SESS_REAL_00915,8.375104741093345,1,0.9268689105757693,1,0
SESS_REAL_05288,2.7203343869622234,1,0.9257446342175099,1,0
SESS_REAL_06026,26.430861494222164,2,0.9596718528538082,1,0
SESS_REAL_05512,25.772388783302787,1,0.9485493903428898,1,0
SESS_REAL_08114,7.795799276621284,1,1.0,1,0
SESS_REAL_07490,2.889724483587724,3,0.9573401610304081,1,0
SESS_REAL_06367,3.653402668440854,1,0.8995766217182215,1,0
SESS_REAL_01441,2.6832767246614435,0,0.960300660451589,1,0
SESS_REAL_00618,21.19122219871971,2,0.9483622020166186,1,0
SESS_FAKE_01322,67.52344149468787,7,0.41589786352899266,0,1
SESS_REAL_00490,8.79810314351544,1,0.9875682643259184,1,0
SESS_REAL_07657,14.781624048412933,1,0.9183755073090887,1,0
SESS_REAL_01137,9.70184453174494,1,0.9324074816453433,1,0
SESS_FAKE_00683,13.926032738849809,7,0.39642941427142275,0,1
SESS_REAL_05779,4.715044313666552,0,0.9501229531235157,1,0
SESS_REAL_00415,8.640175963474292,0,0.9410241454949203,1,0
SESS_REAL_08331,13.093497113425467,1,1.0,1,0
SESS_REAL_01060,26.32696876838868,4,0.9942163787152023,1,0
SESS_REAL_07215,12.850354787921944,2,0.9408144459125669,1,0
SESS_REAL_06811,2.1417258901750924,0,0.9547189721648057,1,0
SESS_REAL_07163,15.920221921975863,0,0.9353287950517848,1,0
SESS_REAL_00754,3.2997218473971097,2,0.9385790772315012,1,0
SESS_REAL_07920,14.023935024202867,0,0.8914261024012008,1,0
SESS_REAL_05881,13.327774288406783,1,0.970135759751816,1,0
SESS_REAL_03938,3.749500929253059,1,0.9560251951604332,1,0
SESS_REAL_02974,7.321018114189011,0,0.9664966304570605,1,0
SESS_REAL_01189,16.27909194145575,2,0.9360781240961403,1,0
SESS_REAL_07222,3.1927546905248327,1,0.9863980157602549,1,0
SESS_REAL_05096,23.794289112991912,1,0.9826411650728514,1,0
SESS_REAL_07287,5.500644804410909,1,0.9868221205204376,1,0
SESS_REAL_06390,2.6072552364291823,2,0.9413808345932937,1,0
SESS_FAKE_00713,228.2739932496347,8,0.36784270261874596,0,1
SESS_REAL_04781,3.9861244230140227,3,0.9561856011105351,1,0
SESS_REAL_04900,1.572784807108648,0,0.9087942013526739,1,0
SESS_REAL_03800,5.717820307523164,2,0.9838690760420625,1,0
SESS_REAL_08196,15.072533391409092,3,0.9700248649614006,1,0
SESS_REAL_00506,30.519613103989528,1,0.9396743284451068,1,0
SESS_REAL_01698,41.09944007972529,1,0.9266896930938529,1,0
SESS_REAL_06883,9.016790105462658,1,0.934030455756129,1,0
SESS_REAL_04443,7.616566507828518,0,0.9544398682862008,1,0
SESS_REAL_06476,10.236140771574238,1,0.9601171673750293,1,0
SESS_REAL_02196,8.902197897635947,1,0.9259042311461883,1,0
SESS_REAL_02596,5.299719229303278,0,0.9760298042316684,1,0
SESS_REAL_01897,3.9994248076014007,0,0.9584363158986763,1,0
SESS_REAL_02869,6.725842470271519,5,0.944586843939479,0,0
SESS_REAL_06135,2.795462274095325,2,0.9451724982003553,1,0
SESS_REAL_07060,35.94191308901977,4,0.9544919820352414,1,0
SESS_REAL_02396,3.513354042302399,0,0.9701596322040948,1,0
SESS_REAL_05961,36.784237461389495,1,0.9605880962553404,1,0
SESS_REAL_00730,3.6533358787194086,1,0.959397537794051,1,0
SESS_FAKE_01227,78.22449698078553,7,0.3284198732689329,0,1
SESS_REAL_04186,3.1480754410223923,0,0.9584991553814145,1,0
SESS_REAL_04708,22.094480961347138,1,0.9772003709510841,1,0
SESS_REAL_03565,16.99207532631404,6,0.9238192419225797,1,0
SESS_REAL_00544,13.05204521691686,0,0.94533881035346,1,0
SESS_REAL_03999,3.61179025281982,1,0.9410201908011234,1,0
SESS_REAL_07065,12.524239045660924,1,0.9651479286383543,1,0
SESS_REAL_01892,20.817513826820978,2,0.9466578759379318,1,0
SESS_REAL_00363,10.965772326915841,1,0.961545516940466,0,0
SESS_REAL_04128,5.708725110284171,2,0.9559406840173421,1,0
SESS_REAL_04906,42.017701232775906,1,0.9590140046691757,1,0
SESS_REAL_00262,3.31104703970717,3,0.9356720014587904,1,0
SESS_REAL_01751,4.407945072922725,4,0.9736766749718141,1,0
SESS_REAL_02612,4.901474077097946,1,0.9164016418826836,1,0
SESS_REAL_07692,5.059248096134461,1,0.9497428132283869,1,0
SESS_REAL_04779,4.692101590801354,0,0.911682269946802,1,0
SESS_REAL_04574,18.625673518989494,3,0.960688596449309,1,0
SESS_REAL_07170,9.416876429001565,0,0.9395096268564082,1,0
SESS_REAL_06172,2.1726144373098215,0,0.9561620231780572,1,0
SESS_FAKE_00806,70.68211533076474,10,0.23349611664564862,0,1
SESS_REAL_08014,15.063974332425417,3,1.0,1,0
SESS_REAL_04938,18.734621209006672,0,0.9233631094492478,1,0
SESS_REAL_00876,16.604199118236547,2,0.9626674249627506,1,0
SESS_REAL_07396,3.6279854797666697,3,1.0,1,0
SESS_REAL_04345,6.726816261135483,0,0.9065717992317458,1,0
SESS_REAL_06183,43.62554065539056,1,0.9450902866829037,1,0
SESS_REAL_03428,25.47949340319864,1,0.9263424286421602,1,0
SESS_REAL_04027,3.5397409516507143,4,0.9756605362100326,1,0
SESS_REAL_00474,10.501719004192683,3,0.9942293881787517,1,0
SESS_REAL_06170,2.151268230541384,1,0.9602712526888252,1,0
SESS_FAKE_00251,33.42680658906297,8,0.11391594571621591,0,1
SESS_REAL_02377,20.16992179020381,2,0.9163390048813125,1,0
SESS_FAKE_00588,54.08538857127803,9,0.3598292415969219,0,1
SESS_REAL_07078,11.26235302154003,3,0.9316632118956383,1,0
SESS_FAKE_01455,68.8660945670117,10,0.3310884347702984,0,1
SESS_REAL_03855,2.458952221609478,0,0.9981937510393591,1,0
SESS_REAL_04082,13.280521128602295,1,0.9243647156681019,1,0
SESS_REAL_06133,2.4678018508034354,3,0.9764496938153737,1,0
SESS_REAL_00710,18.636794673938503,0,0.9125843002366121,1,0
SESS_REAL_05573,13.972011217739595,1,0.870970452559732,1,0
SESS_FAKE_01196,36.01052243953529,9,0.5370881185569276,0,1
SESS_REAL_08339,19.949418558664174,1,0.943241860756466,1,0
SESS_REAL_04241,7.5489258757023485,2,0.9728022833716524,1,0
SESS_REAL_04857,34.8798712628927,1,0.9139890738307221,1,0
SESS_REAL_08141,16.089643770148932,2,0.9491158712984666,1,0
SESS_FAKE_00290,176.74352576669128,10,0.3546236015363114,0,1
SESS_REAL_06510,2.145023444142974,0,0.9136895404700868,1,0
SESS_REAL_06019,2.6247823331552462,0,1.0,1,0
SESS_REAL_07398,15.401273308109502,2,0.9278774077995375,1,0
SESS_FAKE_00240,79.39074182359167,7,0.32571016609378123,0,1
SESS_REAL_05328,8.448460062414313,0,0.9813198557399205,1,0
SESS_REAL_00850,2.33318460993905,2,0.9644522309776288,1,0
SESS_REAL_07473,10.127732819257314,0,0.96468507812122,1,0
SESS_REAL_01548,2.032596591358393,1,0.9352219138669303,1,0
SESS_REAL_07199,36.81924896780822,0,0.901952224564251,1,0
SESS_REAL_06291,7.4204399641809236,3,0.8937729800390861,1,0
SESS_REAL_06312,14.830428881200913,2,0.9528332997649596,1,0
SESS_REAL_07587,17.242216140746862,0,0.9647405568249063,1,0
SESS_REAL_03832,22.32161990581388,0,1.0,1,0
SESS_REAL_05401,42.338715174083575,1,0.9213255745222534,1,0
SESS_REAL_01566,14.715186038464442,1,0.9700876307269453,1,0
SESS_FAKE_01140,127.9146247406812,10,0.330108412356278,0,1
SESS_REAL_06511,19.825926668349375,4,0.9844825422881606,1,0
SESS_FAKE_01470,16.412956662634755,3,0.6338656758623024,0,1
SESS_REAL_05977,3.448946091727136,1,0.9220487421740113,1,0
SESS_REAL_05893,4.063009256973306,2,1.0,1,0
SESS_FAKE_01213,56.69912378594363,8,0.21196333807001638,0,1
SESS_REAL_00150,30.166331413072086,1,1.0,1,0
SESS_FAKE_00581,158.92833741219715,3,0.0,0,1
SESS_FAKE_00540,33.441580526269604,7,0.3197338444537126,0,1
SESS_FAKE_00032,51.89103037443674,11,0.28006052323685343,0,1
SESS_REAL_03595,13.919041646671701,1,0.9519106986628066,1,0
SESS_REAL_03323,12.016581175100617,1,0.9140918621999569,0,0
SESS_REAL_05586,8.180230296789443,4,0.891494876464268,1,0
SESS_REAL_06343,22.382562055486908,0,0.9195704885980763,1,0
SESS_REAL_04971,28.888122060546905,0,0.935552879516968,1,0
SESS_REAL_01996,39.15159343152389,1,0.9290701146196082,1,0
SESS_FAKE_00953,41.023767536649444,14,0.5299246712139332,0,1
SESS_FAKE_00288,25.758896677288284,4,0.3837173801011786,0,1
SESS_REAL_08238,13.402442281776947,2,0.991451591723934,1,0
SESS_REAL_03135,13.00986548157094,0,0.9535527363797418,1,0
SESS_REAL_06164,5.027038097570096,1,0.900256602362651,1,0
SESS_REAL_02163,23.600038140411698,1,0.9519447169626631,1,0
SESS_REAL_01050,26.424693199250044,1,0.9500171499693733,1,0
SESS_REAL_00051,19.40694452565769,0,1.0,1,0
SESS_REAL_00410,6.115843600620467,0,0.9079926431374646,1,0
SESS_REAL_01121,38.88811623303935,1,0.9132507797891057,1,0
SESS_REAL_00328,8.028454386384617,2,0.9655108293447426,1,0
SESS_REAL_00309,5.2902175852336475,1,0.9524492820326347,1,0
SESS_FAKE_01182,43.4908437523886,9,0.4147752935059195,0,1
SESS_REAL_05677,3.6855099889036795,0,0.9797151627326757,1,0
SESS_REAL_08353,11.039526251787354,1,0.9654824833590657,1,0
SESS_REAL_07651,3.4143234029782366,2,0.993480192693825,1,0
SESS_FAKE_00623,30.507595283560256,13,0.29556449467878554,0,1
SESS_REAL_02919,5.83044890471219,0,0.9180644608075088,1,0
SESS_REAL_01631,6.62464513782545,1,0.9215216147988279,1,0
SESS_REAL_03481,11.700622310653822,2,0.9319082051180613,1,0
SESS_REAL_05114,5.529127363650008,2,0.9615429506531307,1,0
SESS_REAL_02347,6.891499167477667,1,0.9004284783063723,1,0
SESS_REAL_07494,25.189180447376287,1,0.9827544060096336,1,0
SESS_REAL_00012,22.9371545202561,2,0.9121707572327419,1,0
SESS_REAL_01811,18.84604559068459,3,0.939455367043889,1,0
SESS_REAL_08091,8.529183439862754,0,0.9617304750453075,1,0
SESS_REAL_04389,2.0407951339200605,2,0.9809035355027138,1,0
SESS_REAL_02787,4.131696562096539,1,0.9557867003565524,1,0
SESS_REAL_05544,13.303749275579992,3,0.9667429811722011,1,0
SESS_REAL_06426,36.87820057024418,1,0.958050400023111,1,0
SESS_FAKE_01032,28.55032201166901,10,0.5082100521800964,0,1
SESS_REAL_05685,18.57434660071482,3,0.9139337285714013,1,0
SESS_REAL_02482,36.097866556201964,1,0.9413078873944292,1,0
SESS_REAL_03783,22.522465184106927,2,0.9484430783953695,1,0
SESS_REAL_07301,8.25209051058678,0,0.9679396119977556,1,0
SESS_FAKE_00228,61.23270135956323,10,0.20205476669988082,0,1
SESS_REAL_05285,16.34090039326863,0,0.9556352722181349,1,0
SESS_FAKE_00765,16.147495301464055,9,0.23184744299685756,0,1
SESS_REAL_02487,25.401346503182552,0,0.9646080967219978,1,0
SESS_REAL_00826,6.602125330689481,3,0.8968804307023317,1,0
SESS_REAL_06355,42.96244484757236,1,0.9451632960246161,1,0
SESS_REAL_00294,3.130668495569136,1,0.9489924378569843,1,0
SESS_REAL_05205,7.182392412394489,1,0.9089067053222265,1,0
SESS_FAKE_00928,23.73282817170422,10,0.5290674757470922,0,1
SESS_REAL_06697,6.771920287752989,4,0.978188729486065,1,0
SESS_REAL_01800,39.12031783463747,3,0.9608057055309566,1,0
SESS_REAL_02231,2.0920835188794644,0,0.9519666117545084,1,0
SESS_REAL_07919,7.85114661805353,1,0.983209372939031,1,0
SESS_FAKE_01495,18.14918875828065,3,0.4935121735565451,0,1
SESS_REAL_04839,5.342266468524571,2,0.9459578881027606,1,0
SESS_REAL_03469,3.732029246667614,1,0.9344479407423566,1,0
SESS_REAL_08002,2.707848616988833,2,0.93812810678867,1,0
SESS_REAL_05921,42.01922876968648,2,0.9430770288465017,1,0
SESS_FAKE_01492,63.819102277756095,8,0.2685043485974713,0,1
SESS_REAL_01705,2.8400940071807033,1,1.0,1,0
SESS_REAL_04058,27.977852825820733,0,0.9241451344569063,0,0
SESS_REAL_05141,3.1176823179651683,0,0.9533803803874721,1,0
SESS_REAL_01847,4.139839822726377,2,0.9507021353223238,1,0
SESS_REAL_01266,7.480709965028606,2,0.942133155882985,1,0
SESS_REAL_00779,13.79813050484869,1,0.9011138210010434,1,0
SESS_REAL_04409,11.208941869283866,1,0.9896902780612411,1,0
SESS_REAL_04434,2.40618995470333,2,0.9274337094704901,0,0
SESS_REAL_07615,8.639356178445446,0,0.9956600974770666,1,0
SESS_REAL_03801,34.92871562380744,0,0.9470686733040412,1,0
SESS_REAL_07083,9.444073587927821,2,1.0,1,0
SESS_REAL_05276,3.6809246796430224,0,1.0,1,0
SESS_REAL_08330,17.868206014902846,1,0.972826210428404,1,0
SESS_REAL_03844,3.609664889439249,4,0.91590831947803,1,0
SESS_REAL_05273,19.672156007712623,0,0.9401817453818241,1,0
SESS_REAL_03956,32.81972939051899,2,0.9790620372026536,1,0
SESS_FAKE_00957,43.77114844914267,5,0.31881072092087015,0,1
SESS_REAL_06301,8.514846827473031,1,0.9048429734493635,1,0
SESS_REAL_05409,10.460955805826455,1,0.960158037389622,1,0
SESS_REAL_06443,1.8963120074873117,1,0.9230771997515395,1,0
SESS_REAL_07300,3.157861251049269,2,0.9628309237290077,1,0
SESS_REAL_07509,33.4882708709802,0,0.986931737100667,1,0
SESS_REAL_05887,31.331751147073156,0,1.0,1,0
SESS_REAL_04655,3.71109283427279,0,1.0,1,0
SESS_REAL_02152,16.4381217808234,0,0.9247756159532065,0,0
SESS_REAL_05719,3.363968037706846,0,0.9916986145304303,1,0
SESS_FAKE_00274,25.578990888382343,9,0.6438317460550069,0,1
SESS_REAL_06912,4.186195500128067,1,1.0,1,0
SESS_FAKE_00535,37.86413512310928,7,0.4332572886310243,0,1
SESS_REAL_00517,21.463772675953035,5,0.9693359806193914,1,0
SESS_REAL_06331,16.65539691131195,0,0.9345819229711083,1,0
SESS_REAL_04330,5.447629310239088,0,0.9744084960935436,1,0
SESS_REAL_05838,12.625321203363944,0,0.9141580479872692,1,0
SESS_REAL_01679,15.747397811729687,3,0.9991739638378859,1,0
SESS_REAL_02284,3.3102109264559667,3,0.9329641055824575,1,0
SESS_REAL_07022,40.00477376152328,0,0.9082971376025156,1,0
SESS_REAL_07440,13.735269530163634,1,0.9678439458878321,1,0
SESS_REAL_06400,15.332098976549812,2,0.9657232100955001,1,0
SESS_REAL_06834,29.635101027369203,1,0.9129898503347225,1,0
SESS_REAL_02582,9.892010186438815,1,0.9732800857980417,1,0
SESS_REAL_05708,14.325008684629411,1,0.9606812133196425,1,0
SESS_REAL_02871,36.62713340332981,1,0.9164672615505106,1,0
SESS_REAL_03502,72.20116780922822,3,0.9182120748496813,1,0
SESS_REAL_01391,2.416052670671245,1,0.9198280834895605,1,0
SESS_FAKE_01416,14.118899084754267,7,0.0,0,1
SESS_REAL_01845,4.804184691290237,1,0.9229654297209773,1,0
SESS_REAL_02004,5.308622107850337,2,0.9440888941916952,1,0
SESS_REAL_04588,14.866253280570396,1,0.9165606959194056,1,0
SESS_REAL_08321,15.797475015453507,0,0.9620414417234113,1,0
SESS_REAL_03386,4.846994195939347,0,0.9452350291825427,1,0
SESS_REAL_02233,24.447930379368913,1,0.9237265617484173,1,0
SESS_REAL_05127,4.948092435004534,0,0.9153306467212086,1,0
SESS_REAL_01350,25.711715901068864,1,0.9082090309487352,1,0
SESS_REAL_01945,10.239549998582257,1,0.9613797609209184,1,0
SESS_REAL_04908,17.737384277882494,2,0.9407702617639725,1,0
SESS_REAL_00740,8.953932718795231,1,0.9032493066583843,1,0
SESS_REAL_00030,12.723996247795322,0,0.9591758081225611,1,0
SESS_REAL_03549,11.44508391937526,3,0.9679450440185826,1,0
SESS_REAL_04532,4.902002385774622,4,0.9624588644376175,1,0
SESS_REAL_07178,4.336698361113525,1,0.8922663620941114,1,0
SESS_REAL_05690,4.681331076965547,2,0.9055919762930364,1,0
SESS_REAL_00394,6.5008040511690375,1,0.9562258483359026,1,0
SESS_REAL_03815,11.842532705048773,0,0.9569230561599382,1,0
SESS_REAL_03367,5.2685074381961785,0,0.9850703277759144,1,0
SESS_REAL_04042,9.066152933416907,0,0.9663104269663008,1,0
SESS_REAL_03914,41.987847029701726,1,0.9307767417774025,1,0
SESS_REAL_04596,17.90801060174656,4,0.912114492795547,1,0
SESS_REAL_01899,19.87816049872785,0,0.931705363498181,1,0
SESS_REAL_01783,13.666891576014688,1,0.9372526576975146,1,0
SESS_FAKE_01449,28.805314920668494,4,0.24677833337943114,0,1
SESS_REAL_08438,13.783512511456625,0,0.8932292952648118,1,0
SESS_REAL_05680,4.720566799698807,0,0.9185848575405118,1,0
SESS_REAL_02278,13.564874696608818,1,0.9650514897270258,1,0
SESS_FAKE_00022,54.59632161500276,6,0.24608546996082442,0,1
SESS_REAL_02257,8.254428505134893,4,0.9995156270926392,1,0
SESS_REAL_02211,21.111333206117262,1,0.953629863030905,1,0
SESS_REAL_02557,5.772656115343224,1,0.942845274288476,1,0
SESS_FAKE_01068,19.656130118974012,7,0.0,0,1
SESS_FAKE_00119,21.19223862273507,7,0.3955735009045951,0,1
SESS_REAL_00902,3.9024360394832733,0,0.9637576033984574,1,0
SESS_REAL_08065,1.6796109594805804,0,0.9471457315760377,1,0
SESS_REAL_07212,5.230751632546632,1,0.9353324772997582,1,0
SESS_FAKE_00735,151.95838048731315,11,0.2980139656414029,0,1
SESS_REAL_00582,9.641895512008317,0,0.8931497931920668,1,0
SESS_REAL_05919,12.077119155814362,1,0.9411563749025575,1,0
SESS_REAL_03774,14.39856240566369,0,0.9634058034918802,1,0
SESS_FAKE_01438,70.11288847971346,9,0.2479418983364449,0,1
SESS_REAL_05199,5.488228497631783,1,0.9773797741265517,1,0
SESS_REAL_08439,7.91171179881146,1,0.9431334737333686,1,0
SESS_FAKE_00420,91.31601166711967,8,0.2397410621317255,0,1
SESS_REAL_08199,2.3179607090378624,1,0.9688642742032477,1,0
SESS_REAL_02628,9.670214018773839,1,0.942984703545976,1,0
SESS_FAKE_00544,14.764503722453831,5,0.5192405453142659,0,1
SESS_REAL_02913,42.378921826832986,0,0.9949982027760893,1,0
SESS_REAL_01860,19.477305046387116,2,1.0,1,0
SESS_REAL_02079,19.241572466193343,1,0.9129849024123741,1,0
SESS_FAKE_00175,76.09238493974436,4,0.31720014532927476,0,1
SESS_REAL_00049,3.952663194094869,2,1.0,1,0
SESS_REAL_03839,15.31908640680001,2,0.9260219082625876,1,0
SESS_REAL_00612,13.363124284407556,3,0.9542108872016253,1,0
SESS_REAL_01740,22.5909330130864,1,0.9801623304644729,1,0
SESS_REAL_02431,22.53328261651661,3,0.9657301185672813,1,0
SESS_REAL_05560,6.503688516275729,2,0.9630743167053957,1,0
SESS_REAL_07468,12.928265295356123,1,0.9057243883179076,1,0
SESS_REAL_06142,2.8768571460205923,0,0.9156864573859128,1,0
SESS_REAL_02299,6.46548772086037,1,0.9517394883976654,1,0
SESS_REAL_00154,52.42844379138312,1,0.9338017425584197,1,0
SESS_REAL_00789,36.813884843966534,2,0.9642212586968497,1,0
SESS_REAL_07935,3.0597901339979505,1,0.8979263320868445,1,0
SESS_REAL_06091,19.44608425202461,0,0.8836529726865631,1,0
SESS_REAL_01542,11.552866470817762,0,0.9871054612206241,1,0
SESS_REAL_06217,6.978913000798082,1,0.9347256635168929,1,0
SESS_REAL_06635,6.449854580401587,0,0.9015374916719401,1,0
SESS_REAL_01667,33.51359352706625,0,0.9736849627895012,1,0
SESS_REAL_06021,24.531143719434276,1,0.9818914245194849,1,0
SESS_FAKE_00138,28.990962916840203,11,0.23330192414219691,0,1
SESS_REAL_05663,11.874530058985384,5,0.921170628174583,1,0
SESS_REAL_06574,2.4729457891650752,3,0.9266398595708035,1,0
SESS_REAL_08025,7.752170873788278,2,0.9791718770518357,1,0
SESS_REAL_06654,4.783296318713079,0,0.9472424953379157,1,0
SESS_REAL_06459,6.619440180121485,0,0.9991983784626175,1,0
SESS_REAL_05331,6.06559085732137,0,0.9879651046820089,1,0
SESS_REAL_00878,1.8296382946132812,1,1.0,1,0
SESS_REAL_07316,1.9810165109658697,1,0.9547213833307118,1,0
SESS_REAL_04686,3.2994708734501224,1,0.9727492227882489,1,0
SESS_REAL_08049,3.2910874717717147,0,0.921983295979639,1,0
SESS_REAL_06880,18.99262822938363,3,0.9254482923581904,1,0
SESS_REAL_02327,1.518795974976501,0,0.9826673153799571,1,0
SESS_REAL_04046,6.310830405019912,1,0.9848906990887111,1,0
SESS_REAL_00477,11.185315964800186,2,0.9539517586419545,1,0
SESS_REAL_07566,31.78939945137781,0,0.9521029687682719,1,0
SESS_FAKE_00619,17.591650376546063,8,0.02263137587591546,0,1
SESS_REAL_03538,14.950081576189326,0,0.9238297914409911,0,0
SESS_REAL_00599,2.0007265526107836,1,0.9464174699032352,0,0
SESS_REAL_04685,7.493125968979133,1,0.9346780495395075,1,0
SESS_REAL_03789,48.79014926685002,2,0.9209264196710507,1,0
SESS_REAL_07363,24.23349637097123,3,0.9359445285384346,0,0
SESS_REAL_00748,29.933947304515517,1,0.9375839682507887,1,0
SESS_REAL_00579,5.084825452216749,2,0.9140113714507796,1,0
SESS_FAKE_00865,140.24471890227056,6,0.4363162187469467,0,1
SESS_REAL_03298,7.14905035676642,1,0.9788665310419845,1,0
SESS_FAKE_00803,17.03193353785337,15,0.4610867019373168,0,1
SESS_FAKE_01024,25.939794983223656,10,0.11332978383038023,0,1
SESS_REAL_01932,11.369782717208208,1,0.9638599407110927,1,0
SESS_REAL_04432,9.234338609489654,2,0.954525603104205,0,0
SESS_REAL_03539,2.2752922627639696,2,0.9333225951105799,1,0
SESS_REAL_03731,42.83290979704053,2,0.9409547198089961,1,0
SESS_REAL_05035,7.231348200009148,2,0.9558609672694581,1,0
SESS_REAL_07905,59.57884829445209,0,0.9393943701535649,1,0
SESS_REAL_03904,23.811135100103776,5,0.9647498352456803,1,0
SESS_REAL_00890,16.873137757164383,0,0.9355014981710723,1,0
SESS_REAL_00719,17.25061636152609,1,0.943202266444183,1,0
SESS_REAL_05016,2.008595114559917,2,0.9156735513459082,1,0
SESS_REAL_05695,5.9434213180878865,2,0.9135264667765031,1,0
SESS_REAL_05048,6.385563413066187,0,0.9469646986316772,1,0
SESS_FAKE_01105,33.935401497624255,12,0.6003403642461619,0,1
SESS_REAL_04674,7.786485269877499,0,0.9924266201807097,1,0
SESS_REAL_00761,5.982750616749605,3,0.9887599287837816,1,0
SESS_REAL_05797,46.99795641816497,0,0.8869085144939007,1,0
SESS_FAKE_00466,120.9758670620036,8,0.6733770468624061,0,1
SESS_REAL_06181,4.330457137244889,3,0.9551851198030274,1,0
SESS_REAL_01014,16.17277875834875,2,0.9117646937208521,1,0
SESS_REAL_04824,10.937772346018843,1,0.9825481932256244,1,0
SESS_REAL_05654,3.117611177940928,2,0.9524085485560435,1,0
SESS_REAL_07251,30.98849369428151,0,1.0,0,0
SESS_REAL_02745,19.741851493477917,1,0.9271826338013262,1,0
SESS_REAL_03416,6.001174549852997,2,0.9219129738272765,1,0
SESS_REAL_03692,19.4128816834221,3,0.9283359538901376,1,0
SESS_FAKE_01010,72.64385886991641,6,0.2463827629897975,0,1
SESS_REAL_02208,5.647433615019592,1,0.9101814788636555,1,0
SESS_REAL_00799,32.189632294147515,0,0.9847028594739293,1,0
SESS_FAKE_00774,144.0673793288758,7,0.30123182653926184,0,1
SESS_REAL_07943,3.6483754814307434,0,0.9348619963505367,1,0
SESS_REAL_05316,5.420307110258311,2,0.9548069848266882,1,0
SESS_REAL_05240,47.87700264084628,0,0.9086769005035131,1,0
SESS_REAL_00269,5.670745011205142,4,0.9575728627164733,1,0
SESS_FAKE_00001,91.43607899652253,11,0.36566667112191675,0,1
SESS_REAL_02568,21.02406037388059,3,0.9954062430680688,1,0
SESS_REAL_02545,9.524447805451466,0,0.9676269678630599,1,0
SESS_REAL_00817,7.609978120908163,1,0.9293757012078941,1,0
SESS_REAL_04562,26.9184281723467,2,0.9911120540341674,1,0
SESS_FAKE_01321,12.65418851449127,9,0.31900630327073154,0,1
SESS_REAL_04984,11.099717538215959,1,0.9464212908291277,1,0
SESS_REAL_07319,37.191458562389585,0,0.960334933595101,1,0
SESS_REAL_01694,6.997553789480778,0,0.9651101232038651,1,0
SESS_FAKE_00955,15.918278494806055,6,0.45173156267556946,0,1
SESS_REAL_07829,2.6985937064620527,3,1.0,1,0
SESS_REAL_02192,14.830610609040825,3,0.9607907631295114,1,0
SESS_REAL_03054,14.33176679259821,2,0.9624203882583406,1,0
SESS_REAL_08478,14.223889844501725,1,0.9478971636390312,1,0
SESS_REAL_02518,15.466339177603901,0,0.9926118929329557,1,0
SESS_REAL_04567,4.491556796045295,2,0.9366063581854126,1,0
SESS_FAKE_00488,10.445561045622215,7,0.3541311796876764,0,1
SESS_FAKE_00186,17.385886293922837,10,0.15704276789362467,0,1
SESS_REAL_02116,8.464754338678464,0,0.92762708767668,1,0
SESS_REAL_02640,5.746754988039178,3,0.9191667824625843,1,0
SESS_REAL_02962,6.406639635242734,2,0.9575105782535316,1,0
SESS_REAL_04455,2.237620630367066,1,0.9690568543637361,1,0
SESS_REAL_07981,4.343969273086154,1,1.0,1,0
SESS_REAL_08292,2.3826759660068886,1,0.9469009164908176,1,0
SESS_REAL_01532,16.611740695777215,4,0.9945620157071127,1,0
SESS_REAL_08269,15.789970744526464,2,0.9351228142764224,1,0
SESS_REAL_01703,9.966083697327598,2,0.9609870725955121,1,0
SESS_REAL_07518,20.056194021577266,0,0.953006756887087,1,0
SESS_REAL_02499,7.782558482984003,0,0.9586766582274986,1,0
SESS_REAL_07775,1.8129545271125034,0,0.9676054770438683,1,0
SESS_REAL_08470,4.483524848604182,2,0.949226344775397,1,0
SESS_REAL_08488,4.6610725572283975,0,0.9040288699567371,1,0
SESS_REAL_04270,14.055610359673103,0,0.892885883975562,1,0
SESS_REAL_04705,8.08216860236304,0,0.9308836452542295,1,0
SESS_REAL_08476,2.568604066450579,0,0.9207640669561432,1,0
SESS_REAL_07299,13.73937976197416,0,0.9622804259074658,1,0
SESS_REAL_00976,12.348727822477167,0,0.9089398679443982,1,0
SESS_REAL_04319,10.215070470698016,3,0.9892192735691473,1,0
SESS_FAKE_01482,39.0938850291148,7,0.27399551841332276,0,1
SESS_REAL_00442,7.1260509906274745,1,0.9846130561726569,1,0
SESS_REAL_04978,1.511326326766835,1,0.933110518583692,1,0
SESS_REAL_02903,7.965883802559253,2,0.9549133061357856,1,0
SESS_REAL_08149,4.988284455868211,1,0.9599167967910549,1,0
SESS_REAL_05554,23.119811316625004,2,0.9391854431987838,0,0
SESS_REAL_00627,18.01474728467811,1,0.8941876549341051,1,0
SESS_REAL_03847,11.411610444422681,2,0.9826195513597588,1,0
SESS_REAL_06042,8.19378787230021,0,0.9226051533102002,1,0
SESS_REAL_01687,9.511201686578993,0,0.9405452508105417,1,0
SESS_REAL_07303,27.74448402327954,1,0.9099073721898774,1,0
SESS_REAL_04303,12.100769890700864,2,0.933495653049548,1,0
SESS_REAL_03652,22.591987670742093,1,0.94191768145002,1,0
SESS_REAL_03420,18.845063956018922,2,0.9675795253925155,1,0
SESS_REAL_06650,2.6155623479543633,2,0.9388034546187001,1,0
SESS_REAL_05952,20.23253106358334,2,0.9564475486142419,1,0
SESS_REAL_04078,19.06232146347601,1,0.9226327324404627,1,0
SESS_REAL_02037,3.467842364657235,0,0.9446891163225555,1,0
SESS_REAL_03908,11.712841213524783,0,0.9293712584281595,1,0
SESS_REAL_07021,21.86568762140723,1,0.8993793147446686,1,0
SESS_REAL_01299,16.209539274139193,0,0.947371293612373,1,0
SESS_REAL_03327,10.257934804210533,1,0.9520859998968867,1,0
SESS_REAL_02878,12.23230516288793,0,0.950301547167026,1,0
SESS_FAKE_00511,17.522922550957325,7,0.5512265490806367,0,1
SESS_REAL_08457,7.2748143978097435,3,0.9706051439979541,1,0
SESS_REAL_06669,3.17553165239304,1,0.9201160053294224,1,0
SESS_REAL_07503,3.168151605095939,1,0.9554930417564863,1,0
SESS_REAL_07916,15.195097328667556,0,0.9556015268230471,1,0
SESS_REAL_01156,3.572330105535348,3,0.9783578023368241,1,0
SESS_REAL_04175,66.52929035385216,2,0.9835461457927817,1,0
SESS_REAL_03966,5.890886122466787,1,0.9910257726174629,1,0
SESS_REAL_02791,49.15091867311735,4,0.9960895272145414,1,0
SESS_REAL_03936,7.978798943271501,0,0.9536540396694011,1,0
SESS_REAL_00027,10.164349860397532,0,0.9470141501705673,1,0
SESS_FAKE_01132,16.628741657346936,7,0.20529500734941475,0,1
SESS_REAL_01831,12.55206965363376,0,0.9121077304842223,1,0
SESS_REAL_03187,6.739553385417985,1,0.9203748680535104,1,0
SESS_REAL_06153,2.279679080487346,0,0.9734778538005567,1,0
SESS_REAL_01475,14.716755806067683,1,1.0,1,0
SESS_REAL_01124,14.27895001438344,2,0.9328208444172739,1,0
SESS_REAL_05920,2.8914284900128244,1,0.9747273216425976,1,0
SESS_REAL_03705,27.438769169248708,0,0.968528624430221,1,0
SESS_REAL_01206,15.297428722689826,0,0.9362090557257824,1,0
SESS_REAL_07867,6.592630043577506,1,1.0,1,0
SESS_REAL_01731,13.234669713828284,2,0.9772317655912609,1,0
SESS_REAL_04785,7.175941293777892,1,0.9307446721437966,1,0
SESS_REAL_06676,13.554360031641117,3,1.0,1,0
SESS_REAL_01286,2.6036270052486086,1,0.9317127668068061,1,0
SESS_REAL_06529,23.612752846153292,1,0.9499496804859919,1,0
SESS_REAL_03977,11.078587873752971,0,0.9453087356793511,1,0
SESS_REAL_00058,2.0553835882419835,1,0.9641902386490221,1,0
SESS_REAL_06582,17.644742907852702,1,0.9454298736037939,1,0
SESS_REAL_02501,18.853948758031034,1,0.9147242068823827,1,0
SESS_REAL_05390,3.3022060049736885,1,0.9634599411513204,1,0
SESS_REAL_08462,5.282830350809945,0,0.9407311558749607,1,0
SESS_REAL_02449,6.530776781003877,3,0.9768980388455917,1,0
SESS_REAL_08174,13.696406982924103,0,0.9932797030655534,1,0
SESS_REAL_03968,12.151046406857617,1,0.9282614783435094,1,0
SESS_REAL_02159,18.079328333805872,1,0.931669569447183,1,0
SESS_REAL_02972,20.012888614597436,0,0.9542876637706987,1,0
SESS_REAL_03942,2.5545395195953127,3,0.9686015560291725,1,0
SESS_REAL_03585,6.274126585042538,1,0.9511994580269036,1,0
SESS_REAL_00155,4.825737762716715,1,0.9508179352290342,1,0
SESS_REAL_07818,29.866375060919474,2,0.9840154210064299,1,0
SESS_REAL_07018,6.788222667182734,3,0.9663327911745646,1,0
SESS_REAL_01915,16.864672454938916,2,0.9676134319121295,1,0
SESS_REAL_04415,9.571762878510864,0,0.916696161770531,1,0
SESS_REAL_00097,8.193770326901127,2,0.9718183812781147,1,0
SESS_REAL_07560,17.459907762258037,0,0.9053226724670327,1,0
SESS_REAL_03959,1.98226426237025,0,0.9171803238214591,1,0
SESS_REAL_01351,11.87222089623195,3,0.9564210151343309,1,0
SESS_REAL_04100,13.475715556146776,2,0.9378829674984137,1,0
SESS_REAL_06541,21.11502782667338,1,0.952667340738947,1,0
SESS_REAL_02766,10.551586255541553,1,0.8771212109697953,1,0
SESS_REAL_05088,11.819149347769603,2,0.9253141575272558,1,0
SESS_REAL_01904,17.932481536236526,2,0.9476910639067869,1,0
SESS_REAL_00567,8.403834753941174,1,0.9980570235430961,1,0
SESS_FAKE_00507,20.004509717206517,12,0.12598399485962897,0,1
SESS_FAKE_01203,37.8030512683232,9,0.5191073552388614,0,1
SESS_REAL_07838,7.295984304871234,2,0.9216419876158015,1,0
SESS_REAL_01554,4.606488790038003,2,0.9515373053495906,1,0
SESS_REAL_07402,11.695022018486558,0,0.9340829651093664,1,0
SESS_REAL_02363,9.48639569067791,2,0.9305466159375125,1,0
SESS_REAL_07116,21.07863267442738,2,0.9659971960746628,1,0
SESS_REAL_08407,4.817048275940862,1,0.9166063024588436,1,0
SESS_FAKE_01411,24.952463501306703,4,0.3840351727910668,0,1
SESS_REAL_01864,51.635119140203344,0,0.9598603472704424,1,0
SESS_REAL_00355,13.840729765306694,1,0.9799226281437304,1,0
SESS_REAL_05318,3.3492084355336154,0,0.9707230996875585,1,0
SESS_REAL_06678,11.224151926750025,0,0.9341963338572913,1,0
SESS_REAL_05776,13.326189766985047,3,0.9374677289887525,1,0
SESS_REAL_05427,4.818552133281298,1,1.0,1,0
SESS_REAL_06844,30.321397501370832,0,0.9380758958084298,1,0
SESS_REAL_05349,15.667330423727655,0,0.97011679973578,1,0
SESS_REAL_07570,6.990634365969733,2,0.9887265768947331,1,0
SESS_REAL_07326,4.398208145965862,1,0.9179411590806037,1,0
SESS_FAKE_00697,126.14165015295339,7,0.23723707883292988,0,1
SESS_REAL_03535,3.1667177381630602,0,0.9542340467223589,1,0
SESS_REAL_01034,2.460904119652593,0,0.9968110045251464,1,0
SESS_REAL_05509,8.983126944161672,0,0.9323882918455697,1,0
SESS_REAL_07008,4.812905661324235,2,0.9685090651836974,1,0
SESS_REAL_03684,15.075849809412675,0,0.9533897530273399,1,0
SESS_REAL_00538,8.685921928798374,1,0.9984418790902065,1,0
SESS_REAL_05908,4.488776664643518,0,0.9414648768604577,1,0
SESS_REAL_02909,5.847876296687503,2,0.9505514609831306,1,0
SESS_REAL_02782,49.182013238342876,3,0.9366590156076515,1,0
SESS_REAL_06903,13.87266813967052,2,0.9134055596249196,1,0
SESS_REAL_02723,8.849777434277351,2,0.921087168772654,1,0
SESS_FAKE_00648,21.104811575196877,11,0.44241802300346617,0,1
SESS_REAL_04775,22.58994489838763,0,0.9289993912119326,1,0
SESS_REAL_01397,4.931630843710212,0,0.9284623414715425,1,0
SESS_REAL_05459,38.6244701806511,1,0.9821174800902729,1,0
SESS_REAL_07514,12.782937130937887,3,0.9159294052457299,1,0
SESS_REAL_05495,6.3735626982476745,2,0.9259344668234581,1,0
SESS_REAL_07289,23.677223442872155,1,0.9522293867134687,1,0
SESS_REAL_07722,1.564360149051633,0,1.0,1,0
SESS_FAKE_00380,28.29510732284614,9,0.5288921797721537,0,1
SESS_REAL_08168,8.376975263598135,2,0.957393698808466,1,0
SESS_REAL_00608,9.900062216571964,2,0.9508399863558369,1,0
SESS_REAL_05905,13.204658402944212,1,0.9373303682566938,1,0
SESS_REAL_00714,6.648519620447698,1,0.9455097387796021,1,0
SESS_REAL_08208,5.873262868913332,2,1.0,1,0
SESS_REAL_06762,3.650432775704148,2,0.9397769405172782,1,0
SESS_REAL_01785,28.559002776708247,0,0.962706601881064,1,0
SESS_REAL_04688,10.929923571897092,2,0.8875568851470018,1,0
SESS_REAL_08224,6.667465246387024,2,0.9586677458432583,1,0
SESS_REAL_05019,24.917639691127683,0,0.9317647338072055,1,0
SESS_REAL_01649,16.302660829123308,1,0.8983331431786041,1,0
SESS_REAL_07090,2.644070101548366,1,0.9327196494128486,1,0
SESS_REAL_03932,13.198274430648453,4,0.9412965390500178,1,0
SESS_REAL_07536,20.173075212011614,1,0.924988481644138,1,0
SESS_FAKE_00631,55.521430168150125,10,0.37099453543571026,0,1
SESS_REAL_07595,57.032099899433554,2,0.9837128189095764,1,0
SESS_REAL_02999,26.11389124440372,1,0.9570829188264522,1,0
SESS_REAL_01708,13.098003414069165,4,0.8970343613325259,1,0
SESS_REAL_05614,8.063671126508506,0,0.9467944216975115,1,0
SESS_REAL_03915,7.533402527264277,2,0.9627781433284576,1,0
SESS_REAL_03146,28.58515752070807,0,0.9079399812971566,1,0
SESS_REAL_04377,23.42714325586978,1,0.9790283409836659,1,0
SESS_REAL_00021,3.302814344728064,1,0.9526036227882212,1,0
SESS_REAL_06652,6.138894286519099,1,0.9029960612754504,1,0
SESS_REAL_04836,7.185502541812121,0,0.9515134232832337,1,0
SESS_REAL_04986,17.128576593355934,2,0.9276541916259436,1,0
SESS_REAL_04827,3.7008238489725445,5,0.9743505018426566,1,0
SESS_REAL_06657,6.1379701760894285,1,0.922984074401197,1,0
SESS_REAL_02502,11.726529550135954,1,0.9794027486059387,1,0
SESS_REAL_08261,3.932121452306817,1,0.9249641104972437,1,0
SESS_REAL_06687,6.701002452908117,1,0.8949200490807487,1,0
SESS_REAL_00993,12.20593055668157,0,0.9266902636491936,1,0
SESS_REAL_01552,22.02362657649275,0,0.9551235244280062,1,0
SESS_REAL_07095,12.27207137298226,0,1.0,1,0
SESS_REAL_03764,9.646661875710322,2,0.9534698305283126,1,0
SESS_REAL_02450,5.280601280462028,1,0.9427780351476777,1,0
SESS_REAL_04236,2.2027587969314544,1,0.9847444866697863,1,0
SESS_REAL_07708,10.750170555454638,0,0.95750566759941,1,0
SESS_REAL_08262,18.54584419191819,1,0.9705894441513269,1,0
SESS_REAL_06675,24.986259462725755,0,0.9269250500891383,1,0
SESS_REAL_05190,6.344704864338269,0,0.9918758509235629,1,0
SESS_FAKE_01386,10.064342164644255,7,0.23100548729518977,0,1
SESS_REAL_05479,5.850499189389014,0,0.9876032846923284,1,0
SESS_REAL_06832,10.097619572876631,0,0.9182074635540091,1,0
SESS_REAL_03393,6.221678718505632,1,0.9279143986973414,1,0
SESS_REAL_00333,2.9805647068797123,1,0.9299807118358712,1,0
SESS_REAL_01905,4.214988823822466,2,0.9217525110059772,1,0
SESS_FAKE_00048,37.68061632793943,10,0.4835237525333357,0,1
SESS_REAL_06050,10.14666123708748,1,0.9152286037241193,1,0
SESS_REAL_02140,22.01531057533205,1,1.0,1,0
SESS_REAL_02548,7.772885676607573,1,0.9375979130512966,1,0
SESS_FAKE_00298,163.93178129560124,5,0.4021970576900238,0,1
SESS_REAL_00265,17.70041098024404,1,0.992333150273364,1,0
SESS_FAKE_00664,134.50678541858133,5,0.294605278869118,0,1
SESS_REAL_07444,6.480016376775433,1,0.9312204561948969,1,0
SESS_FAKE_00017,74.44647873442231,10,0.12404087133426503,0,1
SESS_REAL_05623,18.627141484741898,3,0.9014919068788976,1,0
SESS_REAL_00536,24.237264176510948,0,0.9705025169371667,1,0
SESS_REAL_07715,38.48375710175519,0,0.9723488243284821,1,0
SESS_REAL_01733,8.163253935800348,0,0.9702856481473503,1,0
SESS_REAL_06539,12.706527156308198,0,0.9176140188866013,1,0
SESS_REAL_07942,29.283085476694247,0,0.9103290423183474,1,0
SESS_REAL_01812,5.195375394643083,0,0.9698578869420202,1,0
SESS_REAL_00378,21.714366074231503,0,0.9614957115613197,1,0
SESS_REAL_01446,15.656278516564246,1,0.9499179333172666,1,0
SESS_REAL_03537,6.7680098300539795,2,1.0,1,0
SESS_REAL_07693,12.286855433273743,1,0.9802510830150383,1,0
SESS_REAL_02060,2.2715583603255185,1,0.9356688885207671,1,0
SESS_REAL_08108,17.77198703657958,1,0.9451863841065871,1,0
SESS_REAL_00999,8.587212153490466,1,0.941070723920105,1,0
SESS_REAL_08106,4.155885380220605,0,0.9794941130391697,1,0
SESS_REAL_03907,5.926155117467797,0,0.9660653763459593,1,0
SESS_REAL_01147,14.391198832618514,2,0.9689199622966301,1,0
SESS_REAL_02421,1.7835489249744068,3,0.9308729622403137,1,0
SESS_FAKE_00856,13.80115853591414,7,0.2760046619047318,0,1
SESS_REAL_03277,9.465266411979233,2,0.9107563526908253,1,0
SESS_REAL_04336,12.479333851374436,2,0.9613446780682089,1,0
SESS_REAL_06015,18.30353192028019,2,0.9619162493039494,1,0
SESS_REAL_00728,4.202157276804275,0,0.9579290424222786,1,0
SESS_FAKE_00766,122.35431560952458,9,0.2964872053312789,0,1
SESS_REAL_04473,6.770236049638606,1,0.9537819715352149,1,0
SESS_FAKE_01290,80.07513588190656,12,0.32027034606701,0,1
SESS_REAL_03244,16.033826020020552,2,0.9015749520648294,1,0
SESS_FAKE_00828,26.110603594955144,7,0.3768004114676356,0,1
SESS_REAL_00213,4.547398407696294,1,0.950757368872449,1,0
SESS_REAL_01047,1.7964409649298627,1,0.9097483326993105,1,0
SESS_REAL_03534,4.67549528385812,0,0.9351402676836889,1,0
SESS_REAL_08306,3.8613628033203864,0,0.8977932025639903,1,0
SESS_REAL_06326,37.62886285427523,2,0.9558247878708499,1,0
SESS_FAKE_01326,27.554236955258695,8,0.0,0,1
SESS_REAL_04813,10.103881082610693,1,0.979783379002768,1,0
SESS_REAL_01102,27.327851640312005,1,0.9752840807378159,1,0
SESS_REAL_06688,10.909589629036756,3,0.9303612375736386,1,0
SESS_REAL_08035,2.750582373533664,1,0.9618959923783852,1,0
SESS_REAL_03911,5.309427780618138,1,0.9391933468608189,1,0
SESS_FAKE_00768,16.712573384297436,12,0.41435455963183565,0,1
SESS_REAL_02956,17.166798928263397,2,1.0,1,0
SESS_FAKE_00729,40.453142615691775,7,0.25005167252188626,0,1
SESS_REAL_06571,1.5705839152809078,2,0.9273501044562065,1,0
SESS_REAL_04288,6.586253289272717,0,0.969647733450546,1,0
SESS_REAL_01671,26.742285218918834,0,0.9242573885196326,1,0
SESS_REAL_04480,3.6130849397021305,1,0.955726090358947,1,0
SESS_REAL_04238,16.032269301328153,3,0.9436396132299637,1,0
SESS_REAL_03312,16.303524328880002,0,0.9004326929917706,1,0
SESS_FAKE_00075,31.441870333377448,3,0.18505621417684248,0,1
SESS_REAL_06002,26.205747624502923,1,0.9419776158233435,1,0
SESS_FAKE_01382,100.2921784676131,9,0.21193802954513033,0,1
SESS_REAL_06523,3.982921793138816,0,0.9036408937709567,1,0
SESS_FAKE_00154,16.25901521520933,15,0.3376024897238391,0,1
SESS_REAL_06144,19.843147901494206,2,0.936974071461685,1,0
SESS_REAL_03226,4.817532637942025,0,0.9168840742936357,1,0
SESS_REAL_02519,16.892165010541255,0,0.9954033492616745,1,0
SESS_REAL_04833,3.532010062368717,0,0.8711443657880612,1,0
SESS_FAKE_00149,40.06550976519196,10,0.25721002116770203,0,1
SESS_REAL_01311,28.524603825422595,0,0.9665472061645947,1,0
SESS_REAL_06931,2.6782373791095706,1,0.9928331055473644,1,0
SESS_REAL_02800,20.37698923387494,1,0.9239775701228277,1,0
SESS_REAL_01148,24.31206862249928,2,0.9487088020329023,1,0
SESS_FAKE_00694,22.47776839260286,8,0.44340842197172015,0,1
SESS_FAKE_00754,107.17520016877238,5,0.2599271797980878,0,1
SESS_REAL_03196,35.48721125377624,3,0.9708790982984398,1,0
SESS_REAL_04895,2.5081575120806034,3,1.0,1,0
SESS_REAL_04040,25.62808281161901,2,0.9770455399471449,1,0
SESS_FAKE_00449,16.553975165508735,12,0.3957122567091896,0,1
SESS_REAL_01405,9.223850035623514,3,0.969603121120162,1,0
SESS_REAL_02439,3.508888558942639,2,0.9661468793549124,1,0
SESS_REAL_04006,6.875613288883871,3,0.9444925313152052,1,0
SESS_REAL_03292,7.419855449335511,0,0.9170921572501547,1,0
SESS_REAL_04585,41.94998830651895,2,0.9450792367321958,0,0
SESS_REAL_00054,12.4326529485993,1,0.940230209582192,1,0
SESS_REAL_05558,5.360640261439357,0,0.8906317947860952,1,0
SESS_REAL_07885,22.25542092207609,1,0.9616586444060298,1,0
SESS_REAL_06736,36.04053763189573,0,0.9656537562472747,1,0
SESS_REAL_06895,28.68766308363883,0,0.9552879144551149,1,0
SESS_FAKE_00878,40.30962684705447,7,0.36773144428649296,0,1
SESS_REAL_00947,29.13325834623818,1,0.9412909019379443,1,0
SESS_FAKE_01456,31.76576041989885,10,0.19497145252252995,0,1
SESS_FAKE_00135,237.24951389784675,9,0.3995481711991935,0,1
SESS_REAL_05721,8.097782073501493,1,0.9242783570030262,1,0
SESS_REAL_04470,30.007284898833333,1,0.9383174440015273,1,0
SESS_REAL_02310,9.996984356636954,2,0.9697872187221996,1,0
SESS_REAL_04054,19.643199964604435,1,0.9843500443556595,1,0
SESS_REAL_00897,28.699183543570854,1,0.9630373550289625,0,0
SESS_REAL_02201,2.908125595521102,2,0.9479781724041861,1,0
SESS_REAL_04560,16.782338333573833,1,0.9252779699776826,1,0
SESS_REAL_05271,3.1583412537301827,0,0.9514234559190861,1,0
SESS_REAL_02505,2.888489133837174,1,0.9304905381538077,1,0
SESS_REAL_00911,5.244740517783274,0,0.9470610280370972,1,0
SESS_REAL_06686,7.09514454646655,2,0.9504521365784663,1,0
SESS_REAL_06329,2.1497973676153697,0,0.9751467186916981,1,0
SESS_FAKE_00233,24.464403851994444,8,0.16506649930646997,0,1
SESS_REAL_04363,10.392967089409101,1,1.0,1,0
SESS_REAL_03089,5.001912388542174,4,0.9155824402647604,1,0
SESS_REAL_02912,17.18291485289625,2,0.9625286454911524,0,0
SESS_REAL_01101,43.22501059832129,2,0.8808846509153593,1,0
SESS_REAL_03426,11.444726232891025,1,1.0,1,0
SESS_REAL_08490,21.447945521511684,4,0.9269660114976828,1,0
SESS_REAL_03529,8.452262227767017,0,0.9791465513290538,1,0
SESS_REAL_04689,46.146333144826656,1,0.96658435937579,1,0
SESS_REAL_02417,1.9773206492973976,1,0.9830682957975605,1,0
SESS_REAL_00459,3.0178919511740547,0,0.9525899905636148,1,0
SESS_REAL_00283,2.6843524702483266,0,0.9452571788942242,1,0
SESS_REAL_02620,20.166925892776206,3,0.9453125668196706,1,0
SESS_REAL_03743,2.186535846578482,0,0.9734453517686726,1,0
SESS_FAKE_00835,77.82332329707867,9,0.24823952035956376,0,1
SESS_REAL_07973,29.85431453843706,2,0.9102683562317703,1,0
SESS_REAL_08084,15.288876111469992,0,1.0,1,0
SESS_FAKE_00363,41.10805906357872,7,0.08012806309864465,0,1
SESS_REAL_01202,1.7684633728136863,2,0.9268244757294681,1,0
SESS_REAL_04211,12.070726417126599,0,0.9566492627891865,1,0
SESS_REAL_05099,1.9888956303581866,2,0.9273542434039238,1,0
SESS_REAL_06148,13.272881079795344,2,0.9788776464195267,1,0
SESS_REAL_04863,6.391812700722914,0,0.9039387117927292,1,0
SESS_REAL_06632,14.650939913379776,2,0.9560786478756784,1,0
SESS_FAKE_00647,75.15967318861402,7,0.3229758518909498,0,1
SESS_REAL_04491,15.747477685373669,4,1.0,1,0
SESS_REAL_01021,5.7347395769425535,1,0.9918301715616407,1,0
SESS_REAL_04896,3.4102456133201664,0,0.9444828625836642,1,0
SESS_FAKE_00294,31.944883621453638,10,0.20656028995081993,0,1
SESS_REAL_03853,34.96113643085499,0,0.9634655249402451,1,0
SESS_FAKE_01268,58.409962997134556,7,0.189243702115517,0,1
SESS_REAL_04279,7.465882627928174,3,0.932329608820557,1,0
SESS_REAL_06766,45.80846802522032,2,0.9243586804217881,1,0
SESS_REAL_06746,15.142190261796163,1,0.9806271765057466,1,0
SESS_REAL_00072,1.5664490445112258,2,0.9172638926475432,1,0
SESS_REAL_05458,46.486881064401075,2,0.9393377328325858,1,0
SESS_FAKE_00841,44.512932275058844,9,0.2024945730448547,0,1
SESS_REAL_01796,16.61904455979512,2,0.9929435906236356,1,0
SESS_REAL_03043,7.702144521356865,0,0.9796197720635922,1,0
SESS_FAKE_00518,95.8378754600734,4,0.10728298025156408,0,1
SESS_REAL_04313,26.466132748589697,4,0.93308390292484,1,0
SESS_REAL_03315,14.505309137654844,0,0.9459720297968174,1,0
SESS_REAL_02200,46.663405924228066,1,0.9115499025004103,1,0
SESS_REAL_02769,15.158982315279076,0,0.9465478758535065,1,0
SESS_REAL_03717,2.4867534005389658,0,0.9832873472450284,1,0
SESS_FAKE_01361,22.85515960288963,6,0.03727101384580972,0,1
SESS_FAKE_01423,23.2216336544938,7,0.19330046940448758,0,1
SESS_REAL_01185,34.71904712206522,0,0.9507029638144221,1,0
SESS_REAL_08315,5.7573578735752315,2,0.9611469171907039,1,0
SESS_REAL_01099,6.671707692876892,2,0.9099456016501742,1,0
SESS_REAL_05553,12.810879130832134,1,1.0,1,0
SESS_REAL_06840,31.04591146424604,2,0.9546434361202931,1,0
SESS_REAL_01427,37.89168958414578,2,0.9452475129599535,1,0
SESS_REAL_04628,13.95218344364107,1,0.9404531730574651,1,0
SESS_REAL_00633,10.614354028236827,4,0.9340749078285595,1,0
SESS_REAL_06722,22.593947752309916,1,0.8747652189183479,1,0
SESS_REAL_07819,11.538838281318599,2,0.9511783893618451,1,0
SESS_REAL_06985,5.835223351679475,0,0.940622229355984,1,0
SESS_REAL_07857,4.657414506254127,2,0.9514082034871301,1,0
SESS_REAL_07872,35.296949555797255,2,0.9157535279772677,1,0
SESS_REAL_00407,1.6307616793821058,2,0.9356489985023618,1,0
SESS_REAL_07263,1.5048194959887582,1,0.9216845973326403,1,0
SESS_REAL_01988,8.390526049693575,0,0.9613128418232703,1,0
SESS_REAL_03985,33.47961615819345,1,0.9852178474206442,1,0
SESS_REAL_01763,9.538820827558155,2,0.9787962638385467,1,0
SESS_REAL_00306,10.215493430764276,0,0.9873878834299604,1,0
SESS_REAL_03961,7.488644404426333,0,0.9490531486210313,1,0
SESS_REAL_02289,4.119330605347716,1,0.997441279075143,1,0
SESS_REAL_00835,8.014514595072084,2,0.8997525080624533,1,0
SESS_FAKE_00120,28.936703085905677,10,0.38478355068540954,0,1
SESS_REAL_05827,2.379840174776548,0,0.9181748207314483,1,0
SESS_REAL_05392,25.797588304292496,0,0.9678963015956917,1,0
SESS_REAL_08303,4.402636363255639,0,0.9839386131907617,1,0
SESS_FAKE_00446,76.93705521878967,8,0.5594552130797001,0,1
SESS_REAL_05756,13.451649150825377,2,0.9585423968166122,1,0
SESS_REAL_01826,2.0142790477093087,2,0.9254418228677632,1,0
SESS_REAL_02604,1.501616424916832,0,0.9197698080563671,1,0
SESS_REAL_06515,4.681686058841435,2,0.9290316377529529,1,0
SESS_REAL_01234,14.155150306511874,1,0.9658029265101403,1,0
SESS_REAL_05978,10.755410052537977,0,0.9702410124560671,1,0
SESS_REAL_05780,14.176331053266335,1,0.9547331393376101,1,0
SESS_REAL_01226,7.581891636109676,1,0.9427670765303632,1,0
SESS_REAL_07356,51.839881283341825,1,0.9664731951462439,1,0
SESS_REAL_00860,19.428031123180467,1,0.9458783420174967,1,0
SESS_REAL_04980,46.91613567505481,3,0.9442838813081905,1,0
SESS_REAL_08127,34.047478118685326,1,0.9400453984252767,1,0
SESS_REAL_00606,4.273106476141159,0,0.9090483667078875,1,0
SESS_REAL_04070,6.204594795410812,1,0.9903863829833786,1,0
SESS_REAL_01392,3.732455281255127,3,0.9721916745946227,1,0
SESS_REAL_01730,5.887785997043823,1,1.0,1,0
SESS_REAL_00540,38.46268543730051,0,0.9238637306290096,1,0
SESS_REAL_00417,6.281836014604677,1,0.9377630322636905,1,0
SESS_REAL_03332,3.734234667162146,1,0.9315205597074544,1,0
SESS_REAL_04408,7.277910413124347,0,0.8926196479560302,1,0
SESS_FAKE_00987,17.758194252517928,11,0.3988639651387397,0,1
SESS_REAL_06897,1.5439561438686582,2,0.9446184558104885,1,0
SESS_REAL_07139,3.119991543331125,2,0.9389608508154235,1,0
SESS_REAL_02957,25.239171250458863,2,0.9036199236734096,1,0
SESS_REAL_03368,4.042387419512348,0,0.9484021232001894,1,0
SESS_REAL_06242,10.926465932948421,3,0.9278669680803769,1,0
SESS_REAL_05378,21.427432052749033,1,0.9541608627877978,1,0
SESS_REAL_08263,1.7667819347567155,3,0.943203071729662,1,0
SESS_REAL_06859,13.557839691929132,0,0.9236418207971995,1,0
SESS_REAL_05436,4.3434095690335495,1,0.9534760033820326,1,0
SESS_REAL_02409,8.761671269583525,0,0.9421294233751994,1,0
SESS_REAL_04218,15.527531698811906,1,1.0,1,0
SESS_FAKE_01305,298.22640479203835,6,0.0,0,1
SESS_REAL_06850,4.585968142443406,0,1.0,1,0
SESS_REAL_00699,9.373456536342331,0,0.915852135951257,1,0
SESS_REAL_03656,6.4936704999877,2,0.9695434415261331,1,0
SESS_REAL_07483,9.729835623381438,0,0.956353529811366,1,0
SESS_REAL_04108,28.029298281721417,1,0.9145262615826399,0,0
SESS_REAL_05684,3.369184087942351,2,0.9819625411745527,1,0
SESS_REAL_07687,5.982423782837229,1,0.9624149521545174,1,0
SESS_REAL_02142,16.36454331974475,0,0.9456986148548007,1,0
SESS_FAKE_01368,68.44334017293835,20,0.21788635801093262,0,1
SESS_REAL_01187,2.3429718034933,1,0.9089373639321191,1,0
SESS_REAL_01801,17.550432516187932,0,0.899057715562413,1,0
SESS_REAL_00399,18.355595842260207,0,0.918523556929785,1,0
SESS_FAKE_01235,32.30146908435567,5,0.23435733963774993,0,1
SESS_REAL_01770,8.881945931003079,1,1.0,1,0
SESS_REAL_06594,18.08758110164074,0,0.9464972313399584,1,0
SESS_REAL_01838,33.08701807709048,1,0.9951850139265338,1,0
SESS_REAL_03033,2.7826454646523637,0,0.945941883778872,1,0
SESS_FAKE_01302,48.57543872097978,8,0.2732214573031472,0,1
SESS_REAL_03872,3.5467940314068125,3,0.9660564544282908,1,0
SESS_FAKE_00790,14.302379623840682,9,0.24554115449934513,0,1
SESS_REAL_00953,30.998514729255618,4,0.952657343882502,1,0
SESS_REAL_05871,4.741571591659204,0,0.9527336308800055,1,0
SESS_REAL_07142,19.382427836692262,0,0.9581702204039487,1,0
SESS_REAL_01059,13.350394891537384,2,0.9632263969471244,1,0
SESS_FAKE_01002,22.14711289562335,9,0.18609479930521394,0,1
SESS_REAL_02697,5.985222956278564,4,1.0,1,0
SESS_REAL_01338,2.3992484620115198,0,0.9229340573908117,1,0
SESS_REAL_04315,3.8398276401749123,2,0.9413048032196809,1,0
SESS_REAL_04891,2.1882555720647083,5,0.9485601640520199,1,0
SESS_REAL_07450,10.725066772829337,0,0.9232442278885574,1,0
SESS_REAL_08427,52.60364794007649,0,0.9577398739037494,1,0
SESS_REAL_00277,14.096628898653602,1,0.9610818458305982,1,0
SESS_FAKE_00816,15.4429185468042,9,0.18604984996906526,0,1
SESS_REAL_04472,4.3031062342315165,3,0.9708706013322838,1,0
SESS_FAKE_00991,28.795674426026967,9,0.10522175955191854,1,1
SESS_FAKE_01343,111.72999939379493,9,0.4255195827141961,0,1
SESS_REAL_04035,55.00273974022534,0,0.9609749167119762,1,0
SESS_REAL_05996,9.895306103013763,3,0.9674501034883701,1,0
SESS_FAKE_00391,43.974151091668915,5,0.0,0,1
SESS_REAL_05841,3.370194075819018,1,0.9768984076947544,1,0
SESS_REAL_07182,19.6741167798016,1,0.9498164298623675,1,0
SESS_FAKE_00184,91.8042202712318,6,0.15718847050587226,0,1
SESS_REAL_01000,3.95676338296159,1,0.9476453112687098,1,0
SESS_REAL_02012,29.929501417745808,0,0.9282863363265835,1,0
SESS_REAL_03882,39.57479221912803,1,0.958048796568696,1,0
SESS_REAL_04102,11.032732748803507,0,0.9553029109991662,1,0
SESS_REAL_04801,2.377761757935761,0,0.9714396194144086,1,0
SESS_REAL_01069,5.563309277013912,1,0.9522360200066673,1,0
SESS_REAL_00596,14.715469003828566,0,0.8896991713176535,1,0
SESS_FAKE_00908,10.917872843076482,8,0.26938074062187994,0,1
SESS_FAKE_01489,11.540928502268475,4,0.4896540119483145,0,1
SESS_REAL_02920,6.221759031775624,1,0.962915888350311,1,0
SESS_REAL_07459,5.066262826393329,1,0.9114333449842443,1,0
SESS_REAL_05768,5.24365237515942,1,0.9685795192879877,1,0
SESS_REAL_04059,59.38401540637717,1,0.9283079046495221,1,0
SESS_REAL_03851,2.984445897559946,2,0.9651024273064797,1,0
SESS_REAL_02917,24.140126736444415,0,0.905398445902843,1,0
SESS_FAKE_01096,19.395136251203915,2,0.291481525109273,0,1
SESS_FAKE_01414,13.544595486120503,10,0.2278719367056119,0,1
SESS_REAL_06406,6.289153230513838,0,0.877156458291428,0,0
SESS_REAL_03167,2.8364520850898947,1,0.9419703268998334,1,0
SESS_REAL_00922,28.49447388347692,0,0.9222144237072796,1,0
SESS_REAL_04902,3.078365889276821,3,0.9316507133538526,1,0
SESS_REAL_07252,5.199272775843925,0,0.9898008554892984,1,0
SESS_FAKE_00099,16.37897272417273,10,0.2651533642606645,0,1
SESS_FAKE_01154,104.71127631161158,9,0.2596333457440082,0,1
SESS_REAL_07346,8.782550048114295,1,0.9750428730407026,1,0
SESS_REAL_08204,14.59037690596151,1,0.9564429947480237,1,0
SESS_REAL_02187,18.932532296968535,1,0.9945218165966209,1,0
SESS_REAL_02561,16.234534293403797,0,0.9153307545613157,1,0
SESS_REAL_04734,8.256712763455894,0,0.9468737925915491,1,0
SESS_REAL_00179,3.2753329612713475,1,0.900139178659684,1,0
SESS_REAL_03551,3.2701519576166276,1,0.947584110506407,1,0
SESS_REAL_05173,1.9204564041832084,0,0.9454729979083252,1,0
SESS_REAL_08015,19.253568568156883,2,0.9082288765306911,1,0
SESS_REAL_04471,58.75863058361415,2,0.9949493463124903,1,0
SESS_REAL_06201,7.680541269075132,3,0.9759494655519867,1,0
SESS_REAL_06393,15.686569152890488,0,0.9615561629852054,1,0
SESS_REAL_06132,10.809525817700884,3,0.9668642186891234,1,0
SESS_REAL_06267,2.72940011827737,1,0.99987496297351,1,0
SESS_REAL_06881,4.266358821826689,5,0.9159118943159372,1,0
SESS_REAL_03083,12.128727207176507,1,0.9318009630133216,1,0
SESS_REAL_01592,3.1490174896389975,1,0.9217138749383091,1,0
SESS_REAL_01699,11.069553198697474,1,0.9292977621816939,1,0
SESS_FAKE_00660,23.53168779637622,3,0.3716996820753292,0,1
SESS_REAL_01388,43.5073254530928,3,0.902793703298293,1,0
SESS_REAL_03166,32.92574941349494,1,0.9153227065272626,0,0
SESS_REAL_06536,14.779083329384676,1,0.9513206819823704,1,0
SESS_REAL_03518,2.3842091562820924,4,0.9806408970469901,1,0
SESS_REAL_01675,5.860582435101441,1,0.9040099526418971,1,0
SESS_FAKE_00029,76.06344413669729,8,0.5426307137872193,0,1
SESS_REAL_08166,2.1442106579355418,2,0.9507764528658214,1,0
SESS_REAL_08232,20.631488789563832,0,0.9803951389294236,1,0
SESS_REAL_04194,13.084912563887555,2,0.9437679275795254,1,0
SESS_FAKE_00526,52.29038697474614,8,0.1319435662278523,0,1
SESS_FAKE_00322,53.65675732650775,6,0.569819298041258,0,1
SESS_REAL_06732,34.0185414009496,3,0.9592505486229848,1,0
SESS_REAL_06724,12.377983906099175,1,0.9821818109029807,1,0
SESS_REAL_06115,16.04400814305851,1,0.9384401367304032,1,0
SESS_REAL_03063,13.226789655607007,2,0.9614432457595711,1,0
SESS_REAL_04360,2.237234904344959,2,0.9596463391795399,1,0
SESS_REAL_00153,9.567265313683635,0,0.9436386706289902,1,0
SESS_REAL_04265,8.501474550436203,1,0.9145654882669495,1,0
SESS_REAL_02788,37.79694381842462,1,0.930771375609458,1,0
SESS_FAKE_00666,32.87986944964666,14,0.21870735116995155,0,1
SESS_REAL_06485,9.61147982218298,1,0.9251157860336688,1,0
SESS_REAL_02357,2.3250499414816455,0,0.9872957605743456,1,0
SESS_REAL_05256,2.3547804493591196,1,0.9078214200924297,1,0
SESS_FAKE_00410,91.035491358867,3,0.17422322256312592,0,1
SESS_REAL_06062,9.625585877732131,1,0.9393924556091536,1,0
SESS_REAL_01011,54.24670100886395,3,0.9783564293675114,1,0
SESS_REAL_00042,1.919924657321749,1,0.9448452486596984,1,0
SESS_REAL_07609,4.347035346729987,0,0.9457311967097098,1,0
SESS_REAL_05911,32.83958669367595,0,0.9405176075178865,1,0
SESS_REAL_05236,15.620966259636134,2,0.9481880622502779,1,0
SESS_REAL_07114,10.23579382088533,2,0.9880713713406163,1,0
SESS_REAL_01882,13.636825858498252,0,0.978060494578242,1,0
SESS_FAKE_00307,106.37804743943562,6,0.35000110800400586,0,1
SESS_REAL_08340,22.183224245642478,2,0.9483921170314128,1,0
SESS_REAL_07990,14.262732921952269,2,0.9271703962906795,1,0
SESS_REAL_06925,1.984334040626611,0,0.9218522148890526,1,0
SESS_REAL_07416,5.861993786541397,3,0.9297853376672104,1,0
SESS_REAL_04092,9.31320487960531,3,0.9550600328005787,1,0
SESS_REAL_00703,3.2321919219831794,1,0.9537006437662149,1,0
SESS_REAL_01447,23.350450339171747,0,0.9381620159978266,1,0
SESS_REAL_08125,1.5029155673743493,2,0.9594347201709461,1,0
SESS_REAL_02125,14.728552459616267,3,1.0,1,0
SESS_REAL_08005,6.925502858405027,2,0.9199271995528708,1,0
SESS_REAL_04214,13.685848129900656,0,0.9143666542460422,1,0
SESS_REAL_01486,7.553604422264009,1,0.9347663152758018,1,0
SESS_FAKE_01137,149.12450450937712,7,0.4747390855193254,0,1
SESS_REAL_07264,21.17203552427846,1,0.9348622218297171,1,0
SESS_REAL_04361,12.626986231882105,1,0.9900070046659503,1,0
SESS_FAKE_00424,56.78508081654796,12,0.33291842777657976,0,1
SESS_REAL_01022,32.48698405626811,1,0.9785083785046483,1,0
SESS_FAKE_00313,56.4809148067445,13,0.09632399412729264,0,1
SESS_REAL_01606,2.3400821565292964,1,0.96559199917985,1,0
SESS_REAL_06342,14.131228809570587,2,0.9696443961309447,1,0
SESS_REAL_07134,9.496716713927682,2,0.9133082724832582,1,0
SESS_REAL_05625,23.773947275055637,0,0.9352482960722824,1,0
SESS_REAL_05345,10.754346274283378,2,0.9500955454851457,1,0
SESS_REAL_06141,6.886725023773859,2,0.925240885525335,1,0
SESS_REAL_07102,39.8372765288595,1,0.9857120596527604,1,0
SESS_REAL_02855,9.961614700917812,1,0.8870925746232445,1,0
SESS_FAKE_00749,139.65585425669013,8,0.3569507981220984,0,1
SESS_FAKE_01064,12.913186697081768,10,0.11401178310346954,0,1
SESS_FAKE_00076,50.14215020376997,13,0.33860231270749386,0,1
SESS_REAL_02721,19.84527228852183,1,0.903466488242026,1,0
SESS_FAKE_01052,34.26919721973904,10,0.5354263956741355,0,1
SESS_REAL_00923,20.804573447158802,2,0.969834140400141,1,0
SESS_REAL_06287,8.290062281519848,0,0.9691677340024568,1,0
SESS_REAL_03427,13.257606927026231,1,0.9552216811802906,1,0
SESS_REAL_07484,7.703063916911937,1,0.9266964340275046,1,0
SESS_REAL_07340,36.097691666485765,2,0.9550771869027918,1,0
SESS_FAKE_00349,27.123639724206644,8,0.3853460166314681,0,1
SESS_FAKE_00788,34.66125922820858,11,0.22618556651109673,0,1
SESS_REAL_01400,3.6932633722301618,1,0.971464352953491,1,0
SESS_REAL_03271,1.6203467803745766,2,0.9457003679430693,1,0
SESS_FAKE_00698,42.14236785755639,6,0.2802999491541421,0,1
SESS_REAL_05725,13.87466110672527,0,0.9253761004316745,1,0
SESS_REAL_05303,28.35331485196447,3,0.9243142968622364,1,0
SESS_REAL_07429,14.65162787603628,0,0.8955571463861645,1,0
SESS_REAL_02616,6.859832010777696,0,0.9995370191512057,1,0
SESS_REAL_07699,5.396442516603805,1,0.9529192345232992,1,0
SESS_REAL_02034,12.7540731364528,0,0.9529553666323907,1,0
SESS_REAL_02102,3.5630593390718204,1,0.9849161313663293,1,0
SESS_REAL_01043,13.298509036825951,3,0.9511621582757511,1,0
SESS_FAKE_00649,10.107682813961368,8,0.38721068978548023,0,1
SESS_FAKE_00462,115.45763779875179,8,0.19618531368325676,0,1
SESS_FAKE_00654,99.81685920388216,5,0.0,0,1
SESS_REAL_03421,13.229797007867592,2,0.942709636081225,1,0
SESS_FAKE_00750,31.526560669684255,9,0.23914786837079718,0,1
SESS_REAL_07984,8.429392007264248,0,0.9629232252859279,1,0
SESS_REAL_04247,3.0401020999693724,1,0.9743599679665019,1,0
SESS_REAL_05272,5.743459293812362,1,0.9426710178420795,1,0
SESS_REAL_04795,6.135033380184633,0,0.9546208679219741,1,0
SESS_REAL_06163,7.088450911022241,2,0.9379529910924321,1,0
SESS_FAKE_00417,35.99308371829984,7,0.20164388649008191,0,1
SESS_REAL_04458,7.950524078410368,1,0.9677854279477999,1,0
SESS_REAL_05090,1.9457084072370163,1,0.9207752797466587,1,0
SESS_REAL_07812,2.8096775997105072,0,0.9411761257601221,1,0
SESS_FAKE_00792,55.99428527124926,6,0.06898616015471112,0,1
SESS_REAL_01916,27.57930815355617,0,0.9548033267191879,1,0
SESS_REAL_03672,16.974293665321028,3,0.9281197442311081,1,0
SESS_FAKE_01166,83.68651724124851,9,0.23622934528327166,0,1
SESS_FAKE_00992,48.369733431777746,7,0.07679600030914893,0,1
SESS_REAL_05055,14.386126705654647,0,0.8963460815081955,1,0
SESS_REAL_08464,66.62527379592638,0,0.9829169835699306,1,0
SESS_REAL_03014,13.151892061659135,1,0.9655859129754786,1,0
SESS_REAL_02680,5.237021606708695,0,0.9133256232404732,1,0
SESS_REAL_02657,24.293312252866286,2,0.9072496404973295,1,0
SESS_REAL_02844,11.828075321345565,1,0.9966996970296372,1,0
SESS_REAL_06579,11.597578229690177,1,0.9255820666820804,1,0
SESS_REAL_07077,13.673612408549465,1,0.9405151527007879,1,0
SESS_REAL_02925,29.36613299012439,1,0.9568709888179441,1,0
SESS_REAL_03080,17.50602736570467,1,0.9270869149643596,1,0
SESS_REAL_01711,2.2597465074063767,2,0.9103165107582128,1,0
SESS_FAKE_00543,77.53553629848692,10,0.2868222117854836,0,1
SESS_REAL_06065,20.455933183171204,2,0.9286443153686265,1,0
SESS_REAL_00759,20.147880164352863,0,0.9421805345031523,1,0
SESS_REAL_01534,7.9039960075092255,3,0.8663813322393266,1,0
SESS_REAL_03200,11.172329177618085,1,0.9246292754070515,1,0
SESS_REAL_03414,19.875189652296733,1,0.9393763629296794,1,0
SESS_REAL_01839,4.552756654451327,2,0.9108958271365526,1,0
SESS_REAL_01128,7.095744943567394,2,0.9099810010703632,1,0
SESS_REAL_00041,9.702566737609802,1,0.9251632139790257,1,0
SESS_REAL_04557,15.138260016262766,1,0.8922454456212118,1,0
SESS_REAL_00916,5.6855997031479975,1,0.9497667516664107,1,0
SESS_REAL_02902,1.500139617876605,1,0.9560430963175185,1,0
SESS_REAL_04711,8.850504924738958,2,0.9886439157748746,1,0
SESS_REAL_01975,35.39755243390228,0,0.9257217224183828,1,0
SESS_REAL_07477,1.654171256203469,2,0.9163919854805911,1,0
SESS_REAL_00231,9.881223892665245,1,0.9901603392269915,1,0
SESS_REAL_06726,6.438264381938293,2,0.9553051284585593,1,0
SESS_REAL_06371,6.456546794473266,1,0.9705471325938511,1,0
SESS_REAL_01517,28.896984120797722,1,0.9471183474148976,1,0
SESS_FAKE_00038,12.735504361487148,7,0.49160395700422077,0,1
SESS_REAL_04550,33.892583579451546,2,0.9495996060569005,1,0
SESS_REAL_03969,7.583684910198734,1,0.9554265087369754,1,0
SESS_REAL_03030,4.162614215145271,2,0.9450259994569097,1,0
SESS_FAKE_01200,207.83790140990658,4,0.3962656627298937,0,1
SESS_REAL_04182,15.25568249227723,0,0.9656613660873412,1,0
SESS_REAL_02626,2.622362901748338,0,0.9778294846612886,1,0
SESS_FAKE_00567,18.867865752386,12,0.35999522888425833,0,1
SESS_REAL_02881,24.674758143484258,1,0.9127240365583188,1,0
SESS_REAL_05400,4.856492268029143,1,0.8962441477918185,1,0
SESS_REAL_03263,1.719483519798782,2,0.9182895048783393,1,0
SESS_FAKE_00899,56.85603826691159,10,0.25799992034701663,0,1
SESS_REAL_06698,21.356897900842895,1,0.8828075843693814,1,0
SESS_REAL_06684,15.715206136352432,5,0.9528365286566772,1,0
SESS_REAL_05660,3.941581230160161,0,0.9433877185035198,1,0
SESS_REAL_04173,10.608156208825209,2,0.9445313988071158,1,0
SESS_FAKE_00041,94.2426504249381,5,0.1806783475415637,0,1
SESS_REAL_07788,1.7963205663421862,0,0.8976082723935519,1,0
SESS_FAKE_00471,94.60013216719614,8,0.015140942620632536,0,1
SESS_REAL_08397,8.67214120180247,4,0.947924461408015,1,0
SESS_REAL_03766,12.378519373206192,1,0.9228251371154877,1,0
SESS_REAL_01283,1.6178267446147587,2,0.9744106990112218,1,0
SESS_REAL_08187,34.510034139468694,0,0.952810130970206,1,0
SESS_REAL_02932,2.480454665457973,3,0.8982224465549105,1,0
SESS_REAL_00263,10.265943899778044,1,0.9514457653177948,0,0
SESS_REAL_02954,31.958856908544455,0,0.9630907278023335,1,0
SESS_REAL_06453,6.133222854546544,1,0.8848671791167245,1,0
SESS_REAL_00777,16.872517171738863,3,0.9519053978384138,1,0
SESS_REAL_02989,25.32184190916815,1,0.9558078446984278,1,0
SESS_REAL_02924,7.062362879601364,2,0.971604902983048,1,0
SESS_FAKE_00191,22.980858313065312,10,0.15234126593220162,0,1
SESS_FAKE_00699,24.760274783198636,8,0.09288190759106624,0,1
SESS_REAL_04302,18.384511134444587,1,0.9827671832570225,1,0
SESS_REAL_05777,3.39524599189579,2,0.9279071604870419,1,0
SESS_REAL_05803,21.81095130380629,1,0.9643163373696618,1,0
SESS_REAL_06644,5.238262955054621,1,0.981524511825101,1,0
SESS_REAL_03047,6.605396747181845,0,0.9517601181010891,1,0
SESS_FAKE_00937,56.94359373713445,6,0.2971076985371653,0,1
SESS_REAL_07432,4.079831402620126,0,0.9180461931049229,1,0
SESS_REAL_04029,6.864345502747124,0,0.9594086813145281,1,0
SESS_REAL_04388,2.7377913440205552,0,0.9472214352443857,1,0
SESS_FAKE_00524,10.410447818440801,12,0.43479195955276256,0,1
SESS_REAL_04390,3.9588830053322464,2,0.9164322716907194,0,0
SESS_REAL_02570,7.732397810130403,1,0.9738802991001757,1,0
SESS_REAL_04209,2.2046104510435485,1,0.9826431587780129,1,0
SESS_REAL_00293,6.8590202904929365,1,0.9490936181964714,1,0
SESS_REAL_08446,11.49090515521576,0,0.9146202560465754,1,0
SESS_REAL_05408,6.1455576046628835,0,0.9469343666084866,1,0
SESS_REAL_04399,3.1290726299380474,1,0.917705538503153,1,0
SESS_REAL_05438,1.8698882639231929,1,0.9535860539091471,1,0
SESS_REAL_07638,2.1957866842689584,1,0.932714308786814,1,0
SESS_REAL_04947,17.740225370927142,0,1.0,1,0
SESS_REAL_03353,9.988405194703585,1,0.9576077882507241,1,0
SESS_REAL_05706,28.63912962872002,2,0.9322380898315255,1,0
SESS_REAL_07177,19.158975292806062,2,0.9601172438450962,1,0
SESS_FAKE_01089,12.291192485063851,8,0.21881322910622075,0,1
SESS_REAL_00509,17.02324805035361,1,0.9462429585585408,1,0
SESS_REAL_05877,14.777373376485436,1,0.9199037594040904,0,0
SESS_REAL_05226,12.004873619466743,2,0.9385413113741501,1,0
SESS_REAL_00671,28.749017392270986,2,0.9403022914085417,1,0
SESS_FAKE_01436,21.44819094742327,9,0.05913287800382605,0,1
SESS_REAL_05325,11.868416631382924,2,0.9241358365263898,1,0
SESS_REAL_04577,4.323964277619501,2,0.9541053802396356,1,0
SESS_REAL_03465,16.155020565821864,2,0.946977972112099,1,0
SESS_FAKE_00573,10.821932619487379,10,0.5939049468167275,0,1
SESS_REAL_06207,6.435610062206434,0,0.9572440939140546,1,0
SESS_REAL_07532,4.552242404046625,0,0.9314022901455625,1,0
SESS_REAL_05279,6.541343037076896,0,0.9501875352075142,1,0
SESS_FAKE_01207,12.180806434359546,11,0.1644031994229903,0,1
SESS_REAL_00301,10.59490728750625,1,0.9809095008642101,1,0
SESS_REAL_01965,12.134067390380867,0,0.9679160111189428,1,0
SESS_REAL_01861,14.311010288210511,2,0.9952910545756293,1,0
SESS_REAL_06945,18.79128320541283,0,0.9629109458850353,1,0
SESS_REAL_06106,9.65164434738572,2,0.9164336895767067,1,0
SESS_REAL_04842,6.712433080718436,0,0.9960483882209453,1,0
SESS_REAL_02906,44.87781043534531,1,0.9408374833990694,1,0
SESS_REAL_00524,23.366280557638287,1,0.9408387879171906,1,0
SESS_REAL_07517,4.780792104415563,1,0.9337227226722248,1,0
SESS_FAKE_00967,40.821968906156364,8,0.29016962278444375,0,1
SESS_REAL_01122,25.277121413699547,2,0.9321890171903823,1,0
SESS_FAKE_01029,154.59559941760222,6,0.1829411085582733,0,1
SESS_REAL_07135,17.597643565931335,0,0.8990510050486863,1,0
SESS_REAL_00421,20.2059723821849,1,0.9508731220144523,1,0
SESS_FAKE_00195,11.023194346156025,7,0.2834865039483806,0,1
SESS_REAL_06870,9.891736086732514,2,0.889395456524667,1,0
SESS_REAL_01642,10.331603463579436,0,0.9616454687817245,1,0
SESS_REAL_00222,2.6802847373809255,1,0.9214746399662279,1,0
SESS_REAL_07390,14.093200859093063,1,0.9307776840285313,1,0
SESS_REAL_04806,2.47265338664739,5,0.9030120389871278,1,0
SESS_REAL_04323,9.376645089087813,2,0.9730167639094875,1,0
SESS_REAL_00389,21.230510198921035,0,0.9203967914547941,1,0
SESS_REAL_02090,19.43253502006046,2,0.9766841283935525,1,0
SESS_REAL_02923,3.905053579699678,0,0.9376683257816457,1,0
SESS_REAL_05940,7.854542529636047,1,0.9290536975298891,1,0
SESS_FAKE_00655,14.53361430027574,11,0.5747175046595209,0,1
SESS_REAL_06025,5.157051353556143,2,0.9867038041854843,1,0
SESS_REAL_04403,6.820615511625634,0,0.969916793782884,1,0
SESS_REAL_07360,16.128778888584243,0,0.9218932091461504,1,0
SESS_REAL_02359,3.3397321224901875,3,0.9307489690873244,1,0
SESS_REAL_03786,11.820551955826556,1,0.9336899676837401,1,0
SESS_FAKE_00384,13.474346502841554,6,0.24331692547099876,0,1
SESS_REAL_03506,45.01429034064813,0,0.9861690982660822,1,0
SESS_REAL_00684,33.30462113951947,1,0.96706893154509,1,0
SESS_REAL_04010,1.923456822504356,3,0.9034408096325551,1,0
SESS_REAL_08242,1.796762019716733,0,0.9375436207060386,1,0
SESS_REAL_01056,18.990303109337493,0,1.0,1,0
SESS_REAL_07756,5.146306645052501,0,0.9567387409346867,1,0
SESS_FAKE_01448,18.339411823006973,4,0.19009200460159226,0,1
SESS_REAL_02969,9.72831049585267,0,1.0,1,0
SESS_REAL_07952,12.58624703062199,0,0.9331687806090924,1,0
SESS_REAL_03976,7.1347065716725755,1,0.9059086290597873,1,0
SESS_REAL_03576,4.105438519782156,1,0.9934792736860603,1,0
SESS_REAL_03199,7.485396002808572,1,0.9179338973678522,1,0
SESS_FAKE_00902,15.983482940614866,11,0.3331017530564373,0,1
SESS_REAL_04643,3.194435028421997,0,0.9612560472474939,1,0
SESS_REAL_03798,3.772500317556699,0,0.9023520456967541,1,0
SESS_REAL_05812,22.13431566045435,1,0.9668989338759394,1,0
SESS_REAL_06505,21.279758483744754,1,0.9392419635430457,1,0
SESS_REAL_05118,18.5147360948848,2,0.9370797461451489,1,0
SESS_REAL_07164,16.401002302734568,0,0.9788177945081256,1,0
SESS_REAL_01465,2.0929559867316083,0,0.9103318556422647,1,0
SESS_FAKE_01371,52.458843853444115,11,0.7456402805591513,0,1
SESS_REAL_01118,5.204417972004187,1,0.9195673513014924,1,0
SESS_REAL_05163,9.085911845081963,0,0.9473168942226999,1,0
SESS_FAKE_00763,62.16628586387727,6,0.4311296812899499,0,1
SESS_REAL_01359,12.268165463290911,1,0.9430603301692453,1,0
SESS_REAL_05855,18.744041554115878,1,0.966130110195152,1,0
SESS_REAL_06889,10.059833255525401,0,0.9165369723941367,1,0
SESS_REAL_05800,5.770214110856069,0,0.9507117087989743,1,0
SESS_REAL_04646,15.088135238652274,3,0.9407093369212736,1,0
SESS_REAL_00933,10.450734563665042,0,0.9672933947780901,1,0
SESS_REAL_05744,3.6440122234338412,0,0.8876611622548358,1,0
SESS_REAL_05772,5.06717164666522,0,0.9282653341585037,1,0
SESS_REAL_03451,14.97927337126958,0,0.9886154314011827,1,0
SESS_REAL_07132,14.851479073897952,2,0.9728654474959677,1,0
SESS_REAL_00768,6.524095122541112,0,0.9315675355921635,1,0
SESS_REAL_06468,34.12320633055109,2,0.9367839421254526,1,0
SESS_FAKE_00958,68.25648516541489,9,0.5228598110399459,0,1
SESS_REAL_04310,5.393302109764572,3,0.963938598810354,1,0
SESS_REAL_04530,5.256779965527933,1,0.9695177785989122,1,0
SESS_FAKE_00093,22.423295264761535,8,0.42124314072829666,0,1
SESS_REAL_04666,2.8365615319579174,4,0.9763559767542455,1,0
SESS_REAL_00854,4.25506593793,1,1.0,1,0
SESS_REAL_06559,38.75991407520833,3,0.9019169306577417,1,0
SESS_FAKE_00570,48.79496649441986,9,0.36544174435582233,0,1
SESS_REAL_06263,45.651941565912196,2,0.9405043695798894,1,0
SESS_FAKE_00597,68.78036276888497,4,0.644179426294536,0,1
SESS_REAL_03646,9.51596192508575,1,0.9526950236638536,1,0
SESS_REAL_00924,8.145079431103287,0,0.9533454267276164,1,0
SESS_REAL_05514,2.8474645579753632,1,0.9487782176376444,1,0
SESS_REAL_04439,4.803833896539437,2,0.9409039674101437,1,0
SESS_FAKE_00387,41.96212448264452,8,0.2703799836610612,0,1
SESS_REAL_07661,13.1573425787902,2,0.9576850165058393,1,0
SESS_REAL_02069,6.3095833256605705,0,0.9664858002328893,1,0
SESS_REAL_07709,23.550002888894955,0,0.9394445218925473,1,0
SESS_REAL_00008,12.528985843527174,4,0.921538953960105,1,0
SESS_REAL_07247,25.333231129083487,0,0.8967119109704345,1,0
SESS_REAL_00244,1.6869277844633326,2,0.9264225331157147,1,0
SESS_REAL_02221,10.836580451607064,1,0.961809046297237,1,0
SESS_REAL_03995,8.50305784107324,0,0.9403162939605383,1,0
SESS_REAL_01853,23.989777535772905,0,0.9121424306948707,1,0
SESS_REAL_01438,4.2055566532393245,1,0.947145505502035,1,0
SESS_REAL_05954,2.050775234459888,1,0.9552808291003253,1,0
SESS_REAL_06465,2.1834141919243693,1,0.9458518200045709,1,0
SESS_REAL_04099,1.838969645504668,1,0.9550794117156157,1,0
SESS_REAL_06370,14.588166152874198,3,0.9801870402581147,1,0
SESS_REAL_03466,8.787421383453351,3,0.9590771100480735,1,0
SESS_REAL_05527,2.519470859801084,0,0.959895469707965,1,0
SESS_FAKE_00360,62.33950247015304,8,0.13768349020430118,0,1
SESS_REAL_05456,6.981332237078378,0,0.9730761394666747,1,0
SESS_REAL_02555,38.74387480882423,3,0.9573631286773636,1,0
SESS_REAL_02330,5.074521878669708,0,0.9587558393904396,1,0
SESS_REAL_07501,22.969494157193065,1,0.9686728213858329,1,0
SESS_REAL_03987,8.675323482938676,1,0.9513639957869958,1,0
SESS_REAL_04384,26.74810760917145,0,0.963272202914771,1,0
SESS_REAL_01674,20.229512322771132,1,1.0,1,0
SESS_REAL_01421,9.992670045256142,1,0.9397110549065977,1,0
SESS_REAL_03644,18.65421296284638,1,0.9648675842752912,1,0
SESS_REAL_01301,34.526328653386905,1,0.9327619123539795,1,0
SESS_REAL_03592,11.564384176480662,2,0.9731540900082253,1,0
SESS_REAL_08013,4.500594819661333,2,0.9877852327986837,1,0
SESS_REAL_02384,6.107969089717766,1,1.0,1,0
SESS_REAL_01163,17.8279056379289,4,0.9091350628423633,1,0
SESS_REAL_07887,7.512160035423692,0,0.9295504762829215,1,0
SESS_FAKE_00443,79.86132223579602,14,0.4167763267842776,0,1
SESS_REAL_04675,27.598787010794638,1,0.9159928753685763,1,0
SESS_FAKE_01134,146.29536014136983,7,0.185353780550094,0,1
SESS_REAL_00755,20.460016748163206,0,0.9478278455804631,1,0
SESS_REAL_05930,2.4826801976457933,0,0.9499298630655627,1,0
SESS_REAL_05517,19.020046114026535,4,0.9477603778408572,1,0
SESS_REAL_02320,30.080968592542973,1,0.9253613961283949,0,0
SESS_REAL_03760,3.0325154609979563,1,0.946755042603962,1,0
SESS_FAKE_00010,64.15939773994296,2,0.4457866488828206,0,1
SESS_REAL_03182,5.949405956591563,3,0.9434059188317679,1,0
SESS_REAL_07524,6.759189627693225,0,0.9505267351274984,1,0
SESS_REAL_01379,12.285856112220943,2,0.8760894762828331,1,0
SESS_REAL_07098,4.740198473939134,2,0.9829514698819195,1,0
SESS_REAL_04065,2.802287397287791,0,0.9659113607551336,1,0
SESS_REAL_02503,38.99565198237522,7,0.9855012741749918,1,0
SESS_REAL_00681,5.0793010024020555,1,0.9543019652910059,1,0
SESS_REAL_07983,4.477271686547581,2,0.9397754122382447,1,0
SESS_REAL_06646,28.96382064633061,0,0.9412816674582525,1,0
SESS_REAL_06480,12.272380132897904,1,0.9728171137107964,1,0
SESS_FAKE_00671,59.488848426290396,10,0.30205314321908217,0,1
SESS_REAL_03594,9.571301703774385,0,0.9218857842895687,1,0
SESS_FAKE_01265,122.68437192616389,10,0.5357771291546753,0,1
SESS_REAL_04064,25.579860035311164,1,0.9035740692353319,1,0
SESS_REAL_04520,25.236913989711248,0,0.9206398987393409,0,0
SESS_REAL_04091,6.510184691186607,2,0.9628384232176558,1,0
SESS_REAL_06037,26.32705619936434,1,0.9834122519669936,1,0
SESS_REAL_00448,7.164251995429508,2,0.9610779660396856,1,0
SESS_REAL_03441,10.501118309844871,0,0.9503676629189463,1,0
SESS_REAL_00246,8.207259324636736,1,0.9745364590012241,1,0
SESS_REAL_03484,12.001520713337367,1,0.9130434726334851,1,0
SESS_REAL_00256,34.5155216496845,3,0.9372607001325226,1,0
SESS_REAL_08120,5.609670627182279,1,1.0,1,0
SESS_REAL_05985,1.6693637777418522,4,0.9536373408588771,1,0
SESS_REAL_02532,5.688213102059048,1,0.9208895495175919,1,0
SESS_REAL_04725,1.5027247679440017,2,0.9590633917188927,1,0
SESS_REAL_08385,9.615816479463785,1,0.9297630032824534,1,0
SESS_REAL_04283,2.2242035557432107,0,0.995058156463954,1,0
SESS_FAKE_01359,11.688332468551156,11,0.3536187210408452,0,1
SESS_REAL_05729,32.38192685704408,1,0.9920274432850789,1,0
SESS_REAL_00875,3.5374032395941275,2,0.9575535573702649,1,0
SESS_REAL_07972,3.6156591073882938,1,0.9704113513095565,1,0
SESS_FAKE_00927,31.8655816735261,8,0.2710905217764877,0,1
SESS_FAKE_01208,42.08624607044947,8,0.06412239205057632,0,1
SESS_REAL_07158,6.030127906422703,0,0.9707162939272649,1,0
SESS_REAL_07998,30.188808031294926,2,0.9112645839748605,1,0
SESS_REAL_06642,9.688791030632176,1,0.8926175538244583,1,0
SESS_REAL_08429,3.175613870464037,2,0.9980889304076499,1,0
SESS_REAL_00165,23.143737530955562,2,0.917039125547944,1,0
SESS_REAL_02541,18.93515670830896,2,0.9084086278335265,1,0
SESS_REAL_07076,11.739091918047453,1,0.9851420372063785,1,0
SESS_REAL_01358,5.3892948850217035,1,0.9448122025099578,1,0
SESS_FAKE_01485,58.36484561890138,11,0.32963111015385443,0,1
SESS_REAL_06012,47.828749369646545,1,0.9684265074645149,1,0
SESS_REAL_00274,10.093118843194844,1,0.9312825739446525,1,0
SESS_REAL_04237,18.956282336117226,1,0.9384989352731581,1,0
SESS_FAKE_00334,20.675593694935127,10,0.26172161071325756,0,1
SESS_REAL_02206,5.442670978968232,0,0.9368314768850353,1,0
SESS_FAKE_00637,44.01020098445188,9,0.4102571602232352,0,1
SESS_REAL_06385,13.38260295702641,0,0.9741590594217211,1,0
SESS_REAL_01870,21.930837368350154,0,0.98569759148143,1,0
SESS_REAL_03152,16.16811936724781,1,0.9875945420255683,1,0
SESS_REAL_00632,10.101349346500811,0,0.9590681153886355,1,0
SESS_REAL_04402,4.885927206356513,1,0.9180367478134824,1,0
SESS_FAKE_00314,123.10634933646952,8,0.3125646349492696,0,1
SESS_FAKE_00400,27.154596420813462,7,0.0,0,1
SESS_REAL_07877,7.373663182948301,0,0.9808448693440841,1,0
SESS_FAKE_00164,212.9469216273833,11,0.11079970601106123,0,1
SESS_REAL_03013,6.724138196149406,1,0.9513076299182535,1,0
SESS_FAKE_00634,14.936534334522996,16,0.36083245069444064,0,1
SESS_REAL_03058,2.443112093862613,0,0.9338813296732282,1,0
SESS_REAL_05819,9.739861865323794,1,0.9352018483660974,1,0
SESS_REAL_02006,8.668369186380684,2,0.9343249297435154,1,0
SESS_REAL_01365,3.192787556431925,2,0.923926122725062,1,0
SESS_REAL_03449,2.1578847167036095,0,0.9279703849017807,1,0
SESS_REAL_02230,17.813174673924316,3,0.9183909015786084,1,0
SESS_REAL_05864,16.693079323749014,0,0.9385744468617063,1,0
SESS_REAL_00455,9.642061312475452,0,0.949904724296986,1,0
SESS_REAL_07836,12.667695741603886,1,0.9540662394095732,1,0
SESS_REAL_05521,11.834626956079113,1,0.9461117016414894,1,0
SESS_REAL_02841,18.342017411944102,1,0.9951233851310238,1,0
SESS_REAL_07620,25.18225994754244,2,0.9653946582865549,1,0
SESS_REAL_08156,16.43786930732932,0,0.9945546669112748,1,0
SESS_REAL_01419,34.094503846511934,1,0.9050711640179148,1,0
SESS_REAL_06706,33.39771590055018,0,0.9408428518324279,1,0
SESS_FAKE_01077,20.989471013907917,10,0.16633330534874113,0,1
SESS_REAL_02118,2.545848304003888,1,0.8993677577562691,1,0
SESS_FAKE_00587,33.12502342987503,12,0.19539959939020535,0,1
SESS_REAL_01624,3.812869955288442,2,0.9696813070160888,1,0
SESS_REAL_00110,5.605683646644685,2,0.9651023663659973,1,0
SESS_REAL_00526,7.930019235928189,1,0.9266597326290034,1,0
SESS_REAL_06120,2.1411100210681577,2,0.9480924981523534,1,0
SESS_REAL_07682,12.951120794431837,3,0.9311885849823811,1,0
SESS_REAL_07543,55.85706120469254,0,0.9199108202911034,1,0
SESS_REAL_04284,11.145355831552612,2,0.9725964510799684,1,0
SESS_FAKE_01171,43.077871517746935,15,0.19548128193845382,0,1
SESS_REAL_04072,12.32397516726821,1,0.9234978151899389,1,0
SESS_REAL_04535,12.14053935604365,1,0.9833978019380641,1,0
SESS_FAKE_00121,11.316296144680859,4,0.23177465052817364,0,1
SESS_REAL_04942,24.143800366036814,1,0.8848662686733065,1,0
SESS_REAL_00141,4.980735539906464,0,0.9590124829865381,1,0
SESS_REAL_01878,5.738146200019447,1,1.0,1,0
SESS_FAKE_00476,38.01625815738605,14,0.20107148200073321,0,1
SESS_FAKE_00550,94.34728417733713,8,0.31021672394229993,0,1
SESS_REAL_06926,7.690837065773715,0,0.9092521164361932,1,0
SESS_FAKE_00133,16.18805670745273,8,0.4398888675199794,0,1
SESS_REAL_07898,5.075951307263932,1,0.916686364070016,1,0
SESS_REAL_05313,40.76051701494035,4,0.9260278682949833,1,0
SESS_REAL_07675,11.849504773829127,0,0.9774350965205549,1,0
SESS_REAL_07822,7.869325721900914,2,0.9354597210518418,1,0
SESS_REAL_00863,8.474177661450963,1,0.9480446969923324,1,0
SESS_REAL_03024,2.198996445886777,2,0.9574188216046049,1,0
SESS_REAL_06935,9.236190341454453,0,0.9149292893234189,1,0
SESS_FAKE_01306,62.90823941522328,15,0.43895336125625484,0,1
SESS_REAL_05974,5.595531748793422,1,1.0,1,0
SESS_REAL_07472,26.056461623342546,1,0.9673385534703215,1,0
SESS_REAL_04089,2.0524873194918305,4,0.9570665663386426,1,0
SESS_REAL_01714,2.2190868012457905,0,0.9115464741465616,1,0
SESS_REAL_05399,25.714305027105844,0,1.0,1,0
SESS_REAL_03708,5.469013110824206,1,0.9700356173986346,1,0
SESS_REAL_00824,10.75059628948658,1,0.9188486707189835,1,0
SESS_REAL_04227,13.792042477135737,0,0.9776929084118757,0,0
SESS_REAL_01491,7.106524806608114,0,0.9162835168360338,1,0
SESS_FAKE_00435,73.8815087480121,14,0.2914887768484704,0,1
SESS_REAL_02262,28.265773267552035,1,0.9156179617367501,1,0
SESS_REAL_07807,24.63661465810711,2,0.9249391416014707,1,0
SESS_REAL_08001,15.449479978824206,1,0.9729952400251893,1,0
SESS_REAL_07375,2.4836044736949567,0,0.9645305510441835,1,0
SESS_FAKE_01430,37.892572557304106,12,0.42397210272489927,1,1
SESS_REAL_04137,6.190413456173816,2,0.9342367102569743,1,0
SESS_FAKE_01344,107.37421684317133,9,0.443555379593274,0,1
SESS_REAL_03867,15.017584620299793,2,0.9321742318838343,1,0
SESS_REAL_01038,2.3110792258736916,2,0.958856892233163,1,0
SESS_REAL_00232,11.82187083169902,4,0.9408304971473276,1,0
SESS_REAL_03604,4.461703484034067,0,0.9340260381797844,1,0
SESS_REAL_05516,21.30045218659091,0,0.9063231163538004,1,0
SESS_REAL_00466,5.537629889046705,0,0.918068667072861,1,0
SESS_REAL_03897,22.972088283349912,4,0.9324367621220272,1,0
SESS_REAL_05741,11.613619044014865,0,0.9884481632448783,1,0
SESS_REAL_06776,17.517845329731966,0,0.9649784882253812,1,0
SESS_REAL_08117,4.827767223434877,2,0.9708978194406407,1,0
SESS_REAL_01245,13.309065005082765,1,0.9571513221452349,1,0
SESS_REAL_00266,15.828893103620077,0,0.9381159583890331,1,0
SESS_REAL_01681,46.063083625524996,0,0.9924423601390465,1,0
SESS_REAL_05649,11.931626248786394,0,0.9491256094552828,1,0
SESS_REAL_06600,10.649458015323173,2,0.9132767212106967,1,0
SESS_REAL_04798,3.068110645669071,0,0.9254751817635563,1,0
SESS_REAL_08226,6.846882247213798,1,0.9234623454194756,1,0
SESS_REAL_06606,3.1582569012922175,2,0.9756638559257449,1,0
SESS_REAL_05435,17.645569045984825,3,0.9721297776459077,1,0
SESS_REAL_00700,10.626566977548933,1,0.9645990786843442,1,0
SESS_REAL_03335,18.13446670645452,2,0.9645949705019609,1,0
SESS_REAL_07411,8.60201454802473,2,0.9867572962335033,1,0
SESS_REAL_02165,47.918908999138694,0,0.960422314330853,1,0
SESS_FAKE_00414,70.38069929937086,12,0.13010553204503494,0,1
SESS_FAKE_00753,15.940036831164608,12,0.22811357597648857,0,1
SESS_REAL_05644,12.386381233188605,2,0.9732306108506064,1,0
SESS_REAL_04679,13.475736767826218,1,0.95190340185996,1,0
SESS_REAL_02848,11.463394091421282,3,0.9498276921345224,1,0
SESS_FAKE_00192,69.02522367845734,8,0.16268898882722282,0,1
SESS_REAL_05103,6.349272843361401,0,0.9365924491314195,1,0
SESS_REAL_01723,2.778278442618738,1,0.9474218158250951,1,0
SESS_REAL_04215,22.08208211815882,1,0.9730113238662583,1,0
SESS_REAL_05306,9.277704736130644,0,0.9524711135196151,1,0
SESS_REAL_02294,1.5662521432477172,0,0.9595738202920711,1,0
SESS_REAL_00809,2.94214445462141,0,0.9515027044571238,1,0
SESS_REAL_01682,13.79226137443349,0,0.9287289766541389,1,0
SESS_REAL_01135,2.4502180823389477,2,1.0,1,0
SESS_REAL_02699,19.28951311787616,4,0.9827750241276794,1,0
SESS_REAL_00223,7.000995686484241,3,0.9403021322183752,1,0
SESS_REAL_03276,23.743069637615054,1,0.9542644403759012,1,0
SESS_REAL_06841,3.691941954258196,1,0.9199358486573044,1,0
SESS_FAKE_01465,60.94114350886909,8,0.6077022825380953,0,1
SESS_REAL_04445,47.42152627757281,0,0.9523147407689501,1,0
SESS_REAL_01244,18.676705351244724,0,1.0,1,0
SESS_REAL_07966,5.357276578050056,2,0.9772826988922059,1,0
SESS_REAL_03214,4.630116373320775,2,0.9702563729124051,1,0
SESS_REAL_03376,18.66803848951824,1,0.9907155274092281,1,0
SESS_REAL_00056,2.6118655074373875,2,0.9645373157838268,1,0
SESS_FAKE_00283,16.990481954959776,3,0.25071783114130797,0,1
SESS_REAL_05144,7.758929347522566,3,0.9533407548709429,1,0
SESS_REAL_04034,3.5380987963752197,1,0.9910603098007036,1,0
SESS_REAL_00651,10.74310035953787,0,0.9442125388672584,1,0
SESS_REAL_03898,10.826083580301544,2,0.9445732863522174,1,0
SESS_REAL_02429,27.814405626817297,5,0.9589823581405246,1,0
SESS_REAL_06059,22.90132072755011,1,0.9441564989265617,1,0
SESS_REAL_07255,11.144601907938716,1,0.947956891262686,1,0
SESS_REAL_02214,17.064948625976196,2,0.9272443021706239,1,0
SESS_REAL_01766,17.54351853629749,1,0.9072479967456701,1,0
SESS_REAL_06549,8.502179821723029,3,0.9677320080900518,1,0
SESS_REAL_02845,6.801588007792969,0,0.954553878466175,1,0
SESS_REAL_03002,4.959673586318715,2,0.9971265942198507,1,0
SESS_REAL_02870,28.442474728566246,2,0.9664330932805876,1,0
SESS_REAL_06690,20.235282398390012,1,0.9296962687450738,1,0
SESS_REAL_02750,7.39552553733337,2,0.9441843453110814,0,0
SESS_REAL_04726,31.08146536563416,3,0.9566307569345314,1,0
SESS_REAL_06557,2.1526624585161174,0,0.9170183231681203,1,0
SESS_REAL_00470,1.6467473323076316,0,0.8981949155593953,1,0
SESS_REAL_07056,20.973697408377785,1,0.8865725825080157,1,0
SESS_REAL_06031,6.781932720915275,2,0.9612000661610981,1,0
SESS_REAL_06271,33.135323115031795,3,0.9070314322420066,1,0
SESS_REAL_02811,13.780338629536235,3,0.9593054965432479,1,0
SESS_REAL_07038,10.75829065808735,1,0.954065728925876,1,0
SESS_REAL_02024,8.011786227567553,2,0.9700588927439776,1,0
SESS_REAL_01602,4.584381961147599,0,1.0,1,0
SESS_REAL_06386,11.277049716969746,0,0.9070717703413487,1,0
SESS_REAL_05452,4.38260454671199,2,0.9752339282530043,1,0
SESS_REAL_08236,16.057708571863238,2,0.9646031687456648,1,0
SESS_REAL_06072,3.7194740590327076,1,0.9665455402540875,1,0
SESS_FAKE_00168,107.81693089263572,7,0.11924723820965696,0,1
SESS_REAL_02344,35.61113166633409,1,0.9889845799454529,1,0
SESS_REAL_05453,7.854890145690598,0,0.9454854105154967,1,0
SESS_FAKE_01248,190.51971853659398,7,0.3671624779682183,0,1
SESS_REAL_01867,3.661221613809059,1,0.9526168967725825,1,0
SESS_REAL_00658,13.95869533946234,0,0.9484736104506806,1,0
SESS_FAKE_01437,18.917083033554132,10,0.49250024941632126,0,1
SESS_REAL_08113,14.564987098002849,3,0.9724359760617795,1,0
SESS_FAKE_00572,62.2856175044748,3,0.2546681305648625,0,1
SESS_FAKE_01463,17.73586141585085,8,0.38125320047510497,0,1
SESS_REAL_04700,4.951751131161444,3,0.9528516567120112,1,0
SESS_REAL_03512,45.932398279169625,1,0.962829089766571,1,0
SESS_REAL_07578,31.31548706503485,3,0.9286749548449627,1,0
SESS_FAKE_01151,10.53287421186084,6,0.13529509857598826,0,1
SESS_REAL_05945,6.514771841534028,1,0.9681825554864099,1,0
SESS_REAL_05659,13.37753966424923,0,0.9606187441993664,1,0
SESS_REAL_05584,8.87965709861465,1,0.9646174807629543,1,0
SESS_REAL_03482,5.392360556311302,2,0.9691660008808655,1,0
SESS_REAL_01231,4.635669749806685,5,0.9384733986396209,1,0
SESS_REAL_06975,8.37341182076351,0,0.9399684273230907,1,0
SESS_FAKE_00369,30.09882223737035,10,0.08426108544752936,0,1
SESS_REAL_02253,22.71324383426886,0,0.9117740755867758,1,0
SESS_REAL_06977,22.61789503849787,1,0.9327028079316164,1,0
SESS_REAL_04714,10.130807835742713,2,0.9124750488054678,1,0
SESS_REAL_01348,54.22876669819805,3,1.0,1,0
SESS_REAL_06230,11.869046292601016,0,1.0,1,0
SESS_REAL_03389,14.689855315374098,5,0.9643258373333354,1,0
SESS_FAKE_00808,34.27975989391145,2,0.463036992399058,0,1
SESS_REAL_01984,3.219240682774832,1,0.908963846691637,1,0
SESS_REAL_00756,13.113306090754229,0,0.9801913482441134,1,0
SESS_REAL_06899,8.073490820191012,0,0.9763631713574841,1,0
SESS_REAL_00112,33.3594010305675,2,0.9444016033481418,1,0
SESS_REAL_01385,6.219890452667125,2,0.9857011625962112,1,0
SESS_REAL_00648,20.180508388533497,1,0.9360273982076761,1,0
SESS_REAL_03627,26.044566399464667,1,0.9678571509216549,1,0
SESS_REAL_08122,3.005924349256408,2,0.9532333296847294,1,0
SESS_REAL_06615,17.145249561052793,1,0.9754328363403103,0,0
SESS_REAL_01209,71.71834513988375,1,0.9152403470803124,1,0
SESS_REAL_02984,10.987276358266806,2,0.9384298220863438,1,0
SESS_REAL_06143,26.543204586510484,0,0.9467373172322425,1,0
SESS_REAL_07904,2.0417956694575965,0,0.9421658799373811,1,0
SESS_REAL_04050,34.196200193223014,0,0.921155324028156,1,0
SESS_REAL_04406,37.20660768695713,1,0.9251579842032204,1,0
SESS_FAKE_00984,22.644746901216813,9,0.2770014948175989,0,1
SESS_REAL_04773,22.002434953252532,0,0.9335087479352986,1,0
SESS_FAKE_01396,130.75618329116315,13,0.4164997526107004,0,1
SESS_REAL_00588,3.1442210888040854,2,0.9575171746722461,1,0
SESS_FAKE_01062,15.01183082711307,10,0.3890733893761243,0,1
SESS_REAL_02184,14.20679695310664,2,0.9178132965285525,1,0
SESS_REAL_03516,2.5673318362478508,1,0.9402709434403939,1,0
SESS_REAL_00070,19.253805314898138,0,0.9595758933392635,1,0
SESS_FAKE_00057,26.02823786494962,7,0.4229927981094628,0,1
SESS_REAL_08336,35.45565763275687,2,0.9848327809997521,1,0
SESS_REAL_04164,12.711479430469977,1,0.922805116427706,1,0
SESS_REAL_03827,9.396421037578158,0,0.9492111139740307,1,0
SESS_REAL_05759,5.959216156239446,0,0.9660151309924412,1,0
SESS_FAKE_00429,10.221784618014091,3,0.36102208718585876,0,1
SESS_REAL_04151,1.5003686318065896,0,0.9243167647881823,1,0
SESS_FAKE_00202,26.382692241533327,12,0.11817387489409545,0,1
SESS_REAL_04184,3.215501502611333,0,0.9219363480681861,1,0
SESS_REAL_06412,24.803064395473204,2,0.9410419952136981,1,0
SESS_REAL_02818,1.6089547662108514,1,0.9029180773659017,1,0
SESS_REAL_01618,11.291466131615774,2,0.9417216267172008,1,0
SESS_FAKE_00541,54.09749536762036,12,0.5347119285846862,0,1
SESS_FAKE_00879,18.00659835424502,12,0.34726222659470196,0,1
SESS_REAL_01621,2.2443221217986107,0,0.9536477461872204,1,0
SESS_REAL_05249,9.234761365078036,3,0.9567617774603381,1,0
SESS_REAL_02982,16.144113169437578,2,0.9315103403267341,1,0
SESS_REAL_07254,6.139651144800047,2,0.9210491537730523,1,0
SESS_REAL_06292,37.86448249578008,2,0.9486909959078595,1,0
SESS_REAL_04012,15.834754290396972,1,0.9372525938417421,1,0
SESS_REAL_04179,5.878973389441978,2,0.950860420870966,1,0
SESS_REAL_00038,15.333009157183941,1,0.9795308740874608,1,0
SESS_REAL_07034,8.581236278579876,0,0.926483473932191,1,0
SESS_REAL_01507,10.652605252234427,1,0.9415216282997408,1,0
SESS_REAL_02136,2.492841602166594,1,0.912047432057053,1,0
SESS_REAL_03885,34.17262771154476,1,0.9755950045905256,1,0
SESS_REAL_04889,15.556010950518385,0,0.9172076974496377,1,0
SESS_REAL_01960,3.0113335738324083,1,0.976189569240277,1,0
SESS_REAL_02755,5.618413594685568,0,0.958307395873991,1,0
SESS_REAL_07671,11.388800736332676,1,0.9417495958323485,1,0
SESS_REAL_00720,34.933527183134885,0,0.975086929292326,1,0
SESS_REAL_00934,3.760258363920887,0,0.8403474045468768,1,0
SESS_REAL_04810,3.71876252433254,1,0.9582599168339543,1,0
SESS_REAL_07840,11.58082487292694,2,0.9870235039982561,1,0
SESS_REAL_04695,26.9346281425778,2,0.9673335989189551,1,0
SESS_REAL_01040,10.805082172800594,0,0.9612734640105431,1,0
SESS_REAL_00507,22.24793413640726,0,0.8862363920616757,1,0
SESS_REAL_00597,3.769542205358598,2,0.9881025844304028,1,0
SESS_REAL_00689,3.98493578575285,1,0.9263837093664481,1,0
SESS_REAL_01525,5.061102756938062,2,0.9364799854152612,1,0
SESS_REAL_01865,34.74959265608919,1,0.9561098126817853,1,0
SESS_FAKE_00627,83.84699039551798,9,0.1576077506330882,0,1
SESS_REAL_07492,6.4290072472171795,1,0.908187213922494,1,0
SESS_REAL_07386,2.6943826191778544,0,0.973010923834537,1,0
SESS_REAL_06027,3.1560175891009155,2,0.9497984700188509,1,0
SESS_REAL_03650,19.107392681673282,2,0.9570415319852646,1,0
SESS_REAL_06260,3.040572563459582,3,0.9110542395484093,1,0
SESS_FAKE_00603,74.54999114479313,10,0.41350802753522864,0,1
SESS_REAL_01594,16.962993188082507,0,0.935269515903524,1,0
SESS_REAL_04376,7.290436775692635,2,0.9514446666265852,1,0
SESS_REAL_01225,13.710780212761232,2,0.9282234901483758,1,0
SESS_REAL_02283,2.0606818080280944,1,0.8917870932347491,1,0
SESS_REAL_04429,20.665017051958113,1,0.9469097637269407,1,0
SESS_REAL_02574,4.574650451673463,2,0.9946580582585598,1,0
SESS_REAL_01910,5.876558236186287,0,0.978880547511577,1,0
SESS_REAL_02603,6.085439190646758,1,0.9791365523957752,1,0
SESS_REAL_05999,3.4415004863470915,2,0.9640736106459425,1,0
SESS_REAL_08135,2.2877268291833346,0,0.965881207091457,1,0
SESS_REAL_02661,26.95884647162832,3,0.9177701608141479,1,0
SESS_REAL_07397,28.549409353182558,1,0.9199792965097554,1,0
SESS_REAL_06156,17.820639266564214,1,0.9370905642574703,1,0
SESS_REAL_03709,41.179481820149164,1,0.931550547397681,1,0
SESS_REAL_06191,13.853734586867844,3,0.9410953283249649,1,0
SESS_REAL_05789,4.35042834785748,5,0.9147460077174209,1,0
SESS_REAL_03273,10.705570954472332,0,0.9832459368927765,0,0
SESS_REAL_08423,1.6391154409527988,0,0.9429997739090897,1,0
SESS_REAL_07629,18.16768806345877,2,0.9525264976683933,1,0
SESS_REAL_07993,6.037254932255607,1,0.9821105285321561,1,0
SESS_REAL_02710,19.301165425537345,1,0.9467258424546273,1,0
SESS_FAKE_01236,25.845195959594484,7,0.28095696012975485,0,1
SESS_REAL_07527,11.018689497525571,0,0.9470629449222674,1,0
SESS_REAL_00818,2.1758177909195253,0,0.9391582507829626,1,0
SESS_FAKE_00640,39.2945351640633,10,0.36829765369614176,0,1
SESS_REAL_05501,2.1302507576727048,1,0.9375738499652629,1,0
SESS_REAL_02717,45.38598545142216,2,0.9485480284811426,1,0
SESS_REAL_03289,4.229927143441021,1,0.9497970621903052,1,0
SESS_REAL_02223,4.823182018659616,2,0.9744152171195206,1,0
SESS_REAL_00357,12.076168533687488,1,0.9400752943182739,1,0
SESS_REAL_02805,46.92886541831227,1,0.9753732519075309,1,0
SESS_FAKE_00110,63.73061341879141,5,0.45531426496418104,0,1
SESS_FAKE_00455,53.7763232766222,13,0.32426776501183524,0,1
SESS_REAL_01874,17.337163423766118,0,0.9353558682782471,1,0
SESS_REAL_07460,9.334546768284737,2,0.961764630737265,1,0
SESS_REAL_03011,5.5699400468386315,0,0.9977392643355402,1,0
SESS_REAL_02041,11.385161821401535,0,0.9214109522200278,1,0
SESS_FAKE_00661,44.1545241574771,12,0.34908035099221724,0,1
SESS_REAL_02096,11.841442091275738,2,0.9351200223399405,1,0
SESS_REAL_05420,4.0621497293159425,3,0.9951803816352706,1,0
SESS_FAKE_01122,168.29220536568488,7,0.23071976171971748,0,1
SESS_FAKE_00614,56.16183154074134,6,0.28471890403366695,0,1
SESS_REAL_07778,28.811142181465918,1,0.943700932812255,1,0
SESS_REAL_04935,6.699892897084552,3,1.0,1,0
SESS_REAL_02868,5.483722180784717,0,0.8872067555804091,1,0
SESS_REAL_02133,10.494061375902037,1,0.9454596279605215,1,0
SESS_REAL_07221,4.867930895761792,2,0.8996481787357054,1,0
SESS_REAL_04866,6.779891830588532,1,0.9126299339197997,1,0
SESS_REAL_07228,36.84685900148003,2,0.9560489881202043,1,0
SESS_REAL_05124,30.77472152518284,5,0.8597197657195047,1,0
SESS_REAL_02807,3.616142093770275,2,0.9682145312233792,1,0
SESS_REAL_06373,30.69336017958888,0,0.9480570062912087,1,0
SESS_REAL_05546,2.9307688637503273,0,0.9457887999316572,1,0
SESS_REAL_05060,33.91307799198248,2,0.9841787155297743,1,0
SESS_REAL_05534,3.6402572949571184,0,0.9754531893936219,1,0
SESS_REAL_05959,21.48798512142899,3,0.9473255603653897,1,0
SESS_REAL_00776,4.624716269337011,0,1.0,1,0
SESS_REAL_01494,12.599395143821475,0,0.9331812534687439,1,0
SESS_REAL_06892,33.412042385649194,1,0.9727976966402392,1,0
SESS_FAKE_00954,75.23351316799439,5,0.4030270416201925,0,1
SESS_REAL_03633,6.691927901812113,1,0.9706548364994627,1,0
SESS_FAKE_01233,16.349467608583986,5,0.4035862981424687,0,1
SESS_REAL_06100,6.716179760854573,0,0.9364814255064052,1,0
SESS_REAL_02127,3.6776135484796173,0,0.9719280630230474,1,0
SESS_REAL_00600,3.7205681287869705,1,0.9839726932996669,1,0
SESS_REAL_00943,22.74527030906832,2,0.9672424078737651,1,0
SESS_REAL_05793,31.196769339845538,0,0.9593887437630875,1,0
SESS_REAL_06013,9.8627190045027,2,0.9570270623243168,1,0
SESS_REAL_06677,5.0035131014687195,0,0.9697411217357729,1,0
SESS_REAL_07665,5.399237508203392,3,0.9733223034727305,1,0
SESS_REAL_06540,4.006448527554655,1,0.9487958298203913,1,0
SESS_REAL_02847,4.968217707345274,3,0.9867417356572926,1,0
SESS_REAL_03294,42.82893744635054,1,0.9653963315126255,1,0
SESS_REAL_01817,19.095648519648243,1,0.9902290884022803,1,0
SESS_REAL_03103,8.330379068654853,3,0.9123870100402692,1,0
SESS_REAL_01470,11.54466127111863,1,1.0,1,0
SESS_REAL_04910,27.399607071927484,4,0.9595449183041906,1,0
SESS_REAL_01061,51.184764442095705,0,0.9499370804785117,1,0
SESS_REAL_07846,22.91710504673725,0,0.9261568073830767,1,0
SESS_FAKE_00198,38.806494954643625,8,0.21365327725888356,0,1
SESS_REAL_06122,1.5471128627417146,0,0.9560455901344622,1,0
SESS_REAL_07823,17.104893571888052,2,0.9868237709346455,1,0
SESS_REAL_04927,4.589381617560634,0,0.9369357785588548,1,0
SESS_REAL_06681,4.686156448823459,1,0.9906302014097551,1,0
SESS_REAL_02137,17.278695525127112,1,0.9793389503899976,1,0
SESS_FAKE_01186,60.78546048980074,9,0.0,0,1
SESS_FAKE_00608,29.53665560078727,4,0.5360073863491656,0,1
SESS_REAL_03078,3.5185901623571643,0,0.9053303749208622,1,0
SESS_FAKE_01167,46.89161365945995,9,0.2030227894695818,0,1
SESS_REAL_01799,1.6461885601175517,0,0.9144133321546687,1,0
SESS_FAKE_01497,13.932256493611094,10,0.3449009573458153,0,1
SESS_REAL_01948,6.273405783988384,0,0.9419327697135497,1,0
SESS_FAKE_00482,80.36507779913032,8,0.27920815940058147,0,1
SESS_REAL_07224,28.555277126440455,1,0.9569506646286574,1,0
SESS_REAL_06188,3.249005353587034,1,0.9322842629048173,1,0
SESS_REAL_00846,2.5705612518060375,2,0.934716831673393,1,0
SESS_REAL_03440,6.520876845243156,2,0.9551262058624094,1,0
SESS_REAL_08362,4.689423116402161,2,0.9339202180589739,1,0
SESS_FAKE_01014,96.19664529506656,4,0.44413536443513735,0,1
SESS_REAL_06846,7.96010767865629,2,0.9777264407874399,1,0
SESS_REAL_04944,20.454771283232823,1,0.9756221075213586,1,0
SESS_REAL_07951,2.2842284259660137,1,0.9269580488770608,1,0
SESS_REAL_00880,4.653138947411172,0,0.9810400430525881,1,0
SESS_REAL_07571,10.878495336702818,4,0.9153412897082236,1,0
SESS_FAKE_01222,80.00257781260945,3,0.2760315284140198,0,1
SESS_REAL_06640,18.444568322042613,2,0.8988413319615773,1,0
SESS_REAL_07963,9.083749832362779,3,0.941602518721977,1,0
SESS_FAKE_00577,18.087026962397076,8,0.08131789977685575,0,1
SESS_REAL_02239,4.785510480411827,0,0.9498000649882921,1,0
SESS_REAL_05791,14.547076496731888,0,0.8890765100562532,1,0
SESS_REAL_03494,14.4120717373129,0,0.9562468058646069,1,0
SESS_REAL_08260,2.5738401295522615,0,0.8996030227553387,1,0
SESS_REAL_05222,3.707363275733882,1,0.945464669799429,0,0
SESS_REAL_05608,8.653068033534515,1,0.943364509164597,1,0
SESS_REAL_01521,34.196747076001415,2,0.9950848125574874,1,0
SESS_REAL_00211,15.627783439857751,1,0.9454640784290863,1,0
SESS_REAL_04629,10.074175984961332,1,0.9417230481722336,1,0
SESS_REAL_02315,3.1917019909917785,1,1.0,1,0
SESS_REAL_00491,13.115196344867726,2,0.9576362193919862,1,0
SESS_REAL_05845,4.737711551698506,2,0.9470451678161138,1,0
SESS_REAL_05731,6.744668663042329,0,0.9508740467126021,1,0
SESS_FAKE_00094,81.8399534235842,11,0.3143772802172297,0,1
SESS_REAL_03156,34.53919856531686,3,0.931248735961998,1,0
SESS_REAL_02760,3.412212760855869,1,0.9176896189745368,1,0
SESS_REAL_04929,31.690532551491515,0,0.964806029339345,1,0
SESS_REAL_08079,9.487727628249122,2,0.9735122444049134,1,0
SESS_REAL_08403,10.776267686618837,4,0.9496346450402873,1,0
SESS_REAL_06068,2.85561914864181,3,0.9555619126512953,1,0
SESS_REAL_07930,22.1982834340236,2,0.9704938773518006,1,0
SESS_REAL_05017,6.164491265235842,1,0.9429955129227615,1,0
SESS_FAKE_00976,100.01471197159618,5,0.1754185943839801,0,1
SESS_REAL_00456,1.6370230731905,0,0.9588377786283011,1,0
SESS_REAL_01119,3.164455931632804,2,0.9340996608787584,1,0
SESS_REAL_03085,15.177407836190131,1,0.9244133562250892,1,0
SESS_REAL_06930,6.137893141644474,1,1.0,1,0
SESS_REAL_02306,2.593452121398907,1,0.9619230192156725,1,0
SESS_REAL_08405,4.31785406406857,3,0.9503292607201693,1,0
SESS_REAL_00570,10.158300336867853,0,0.9690275862941428,1,0
SESS_REAL_01969,1.8185514625760353,0,0.9146707199037646,1,0
SESS_FAKE_00547,109.69408253167137,8,0.18312483961298118,0,1
SESS_REAL_04366,2.501958429248579,0,0.9246440565774333,1,0
SESS_FAKE_00989,17.931517548285726,5,0.4221744238930009,0,1
SESS_REAL_06714,24.84136397576754,2,0.959415290957137,1,0
SESS_FAKE_01021,14.278752646951927,11,0.2612305857276529,0,1
SESS_REAL_00493,4.000849937232774,3,0.9445277389779224,1,0
SESS_REAL_03834,8.874783295637023,0,0.9725222537799152,1,0
SESS_REAL_06877,4.045043160192842,2,0.9654676053606055,1,0
SESS_REAL_05570,46.059009644850356,3,0.9769159265682064,1,0
SESS_REAL_04189,15.972158470138755,0,0.9328473724292701,1,0
SESS_REAL_06886,4.281246011320288,2,0.9526202436807514,1,0
SESS_REAL_02751,14.955091884804816,3,0.9659671321055454,1,0
SESS_REAL_02528,1.6068335720674227,2,0.9696493938174151,1,0
SESS_REAL_01866,2.029601353411033,0,1.0,0,0
SESS_REAL_05892,9.635959552471975,4,0.980784272097079,1,0
SESS_REAL_07758,28.187528721028603,1,0.9120131141279233,1,0
SESS_REAL_02094,5.5616084026686465,2,0.9508146472766749,1,0
SESS_REAL_01248,31.93659962177117,1,0.938112940697925,1,0
SESS_REAL_05423,7.8542600692492694,1,0.9434395815433845,1,0
SESS_REAL_04624,36.31031672790953,1,0.9558013625402387,1,0
SESS_REAL_04528,11.687033077137677,1,0.9431671613386289,1,0
SESS_FAKE_00872,16.15668184753233,8,0.557632151954089,0,1
SESS_REAL_08121,13.395570899920891,3,0.9547324219005731,1,0
SESS_REAL_04493,20.589961952661554,1,0.9249637834270188,1,0
SESS_REAL_08201,7.778934475382325,0,0.9365726846333133,1,0
SESS_REAL_07882,11.072024608601769,0,0.9080311569704955,1,0
SESS_REAL_01150,16.286943850911733,3,0.8933414243084684,1,0
SESS_FAKE_00342,39.17516124173005,5,0.30935200241312133,0,1
SESS_REAL_07892,20.912217283971117,1,0.9733976649448572,1,0
SESS_REAL_03541,21.367267557076786,3,0.9423183862881424,1,0
SESS_REAL_07994,2.9904990532440725,0,0.9569896600244426,1,0
SESS_REAL_04703,12.357278867524574,0,0.9826337513431133,1,0
SESS_REAL_07485,15.123069820240215,4,0.9173981434437898,1,0
SESS_REAL_00492,5.398481038741561,1,0.9900603607021112,1,0
SESS_REAL_03171,5.117098450974782,1,0.9443049461580961,1,0
SESS_FAKE_00869,34.638593158425884,8,0.41149385811863765,0,1
SESS_REAL_04199,13.019963344491742,1,0.9583815348020182,1,0
SESS_REAL_06374,4.318774351013444,0,0.9377987895390136,1,0
SESS_REAL_07504,11.26530685233479,2,0.9029564423035762,1,0
SESS_REAL_02352,12.87874852671412,1,0.9381285166737456,1,0
SESS_REAL_06223,6.982147564745157,2,0.9652444427784759,1,0
SESS_REAL_05665,19.74954927184353,1,0.954464801870949,1,0
SESS_FAKE_01251,23.805220638797497,8,0.28556749780775037,0,1
SESS_FAKE_00905,11.609698809825812,8,0.1650417657414961,0,1
SESS_REAL_07937,12.061266865193955,0,0.9243464552939986,1,0
SESS_REAL_04085,2.241781047654098,2,1.0,1,0
SESS_REAL_05624,2.0999463009468156,1,0.9921141419852105,1,0
SESS_REAL_05310,6.410359301596472,0,0.9400747860175641,1,0
SESS_REAL_04373,7.585857253749111,0,0.9203669873967659,1,0
SESS_FAKE_01488,41.45813570671861,8,0.33959370359214014,0,1
SESS_FAKE_00536,64.51845909024422,8,0.22067872069217187,0,1
SESS_REAL_01544,41.03835566169511,0,0.9226082078581908,1,0
SESS_REAL_08275,17.766901234095783,2,0.8944749271060574,1,0
SESS_REAL_06116,14.407018630702453,1,1.0,1,0
SESS_REAL_00329,4.915935507288762,0,0.9757565441031013,1,0
SESS_REAL_01480,21.93405727663036,0,0.9411300316374371,1,0
SESS_FAKE_01202,19.796296596502742,15,0.348623643167948,0,1
SESS_FAKE_00752,33.78509732293289,8,0.32307984811974577,0,1
SESS_REAL_04907,4.264954562593752,2,0.9236683615903483,1,0
SESS_FAKE_00220,126.4000137686928,7,0.39827632389979645,0,1
SESS_REAL_07464,7.110216799800503,2,0.9429920919302305,1,0
SESS_REAL_06058,24.010957529338715,2,1.0,1,0
SESS_FAKE_00940,148.77825532655854,8,0.3296084207651214,0,1
SESS_REAL_06079,6.791097836863281,0,0.9702248138674374,1,0
SESS_REAL_02467,1.9831099963891226,0,0.9283115744829484,1,0
SESS_REAL_08060,13.48872828011498,2,0.9405381675957484,1,0
SESS_REAL_02123,7.990490724352737,1,0.9317777225697159,1,0
SESS_REAL_04757,19.563438079553627,3,0.950281718240558,1,0
SESS_REAL_04096,1.6653225801313902,1,0.944602125412038,1,0
SESS_FAKE_00548,30.348772665021915,11,0.4704014100820103,0,1
SESS_REAL_01444,25.8123794663222,1,0.975262065811337,1,0
SESS_REAL_02901,18.905988882145685,3,0.9445264999137719,1,0
SESS_FAKE_00854,107.43874822906876,9,0.5064731623523749,0,1
SESS_REAL_07140,36.47569001262863,0,0.9207920280689618,1,0
SESS_REAL_03385,26.862014687241473,0,0.9588299913540953,1,0
SESS_REAL_03443,66.69895430417779,2,0.9499242001745664,1,0
SESS_REAL_03963,12.003293973237188,3,0.977834410357161,1,0
SESS_REAL_00019,5.630675910647298,1,0.9453048605419743,1,0
SESS_REAL_00743,9.883233788347152,2,0.978694894275246,1,0
SESS_FAKE_00821,19.573586548046784,8,0.3157027087563245,0,1
SESS_REAL_07291,2.4744408355595877,1,0.9329997323019016,1,0
SESS_FAKE_01389,19.393420418554975,6,0.284672792365515,0,1
SESS_REAL_02963,47.590651467031385,0,0.914789035677388,1,0
SESS_REAL_01943,16.25891260824941,0,0.9395478251148675,1,0
SESS_REAL_07967,1.900198196338751,1,0.946481108833103,1,0
SESS_REAL_04998,21.797240123979805,1,0.9750445147600276,1,0
SESS_FAKE_00929,111.10083203894224,4,0.0,0,1
SESS_REAL_02763,8.623389444122806,1,0.9165857334495742,1,0
SESS_REAL_06471,22.34019259697864,3,0.9664259068247968,1,0
SESS_REAL_03711,16.6074842210917,3,0.9743730470247176,1,0
SESS_FAKE_01483,30.175118163857313,9,0.3261393768915153,0,1
SESS_REAL_00225,4.856402443949055,1,0.9121997630704323,1,0
SESS_REAL_07373,12.621364824364981,1,0.9786113376622871,1,0
SESS_REAL_03687,7.378999343598764,2,0.9626745386580281,1,0
SESS_REAL_01547,11.088134999923334,0,0.9143833877077133,1,0
SESS_REAL_02398,13.955481096247286,0,0.9707185256643684,1,0
SESS_REAL_00510,12.904848235096473,1,0.9206482117961794,1,0
SESS_REAL_05145,26.926948187724758,3,0.9281546945961017,1,0
SESS_REAL_00349,13.297499937392743,0,0.9869872812218563,1,0
SESS_REAL_04217,9.772968533851397,0,0.8583404616104147,1,0
SESS_REAL_06655,7.994768673273775,3,0.9368646146266195,1,0
SESS_FAKE_01174,32.999839117019306,7,0.30115761478991643,0,1
SESS_REAL_05051,21.127805592260515,2,0.9736541312003957,1,0
SESS_REAL_07418,2.577920025506029,2,0.9237374448666471,1,0
SESS_REAL_01370,44.15012446633814,1,0.9364052631894219,1,0
SESS_FAKE_01106,14.756753228687888,9,0.10600633531280682,0,1
SESS_REAL_05603,14.288281617595791,0,0.9682742877263173,1,0
SESS_REAL_01979,23.63687845178554,0,0.9998909413463554,1,0
SESS_REAL_03122,2.2747988438797764,0,0.961818560269818,1,0
SESS_FAKE_00416,66.4803206249174,3,0.4582884409500306,0,1
SESS_FAKE_01413,48.62801004404144,10,0.5300874883977866,0,1
SESS_REAL_02319,7.852378528875393,1,0.91678400606423,1,0
SESS_REAL_00967,5.7308584752666105,2,0.9348140757007214,1,0
SESS_REAL_07093,3.131247259179885,2,0.9170818120962502,1,0
SESS_REAL_04487,6.758931684953888,0,0.9719859493045783,1,0
SESS_REAL_03321,2.3253003597171347,1,1.0,1,0
SESS_REAL_01710,3.4788474186533573,0,0.9393136264961711,1,0
SESS_REAL_03456,9.826395978217677,0,0.929528462435853,1,0
SESS_REAL_01067,2.9048000349679377,0,0.9221202623527511,1,0
SESS_FAKE_00256,30.52189113685093,7,0.08137703187279952,0,1
SESS_REAL_01871,4.382124100200635,0,0.9781069758291231,1,0
SESS_REAL_06237,14.122727264994635,1,0.9606312934144644,1,0
SESS_REAL_02556,10.372218592665133,1,0.9499516198281647,1,0
SESS_REAL_04759,55.445613925413426,0,0.9747407105063259,1,0
SESS_REAL_03850,7.988553872916182,1,0.986483817430148,1,0
SESS_REAL_03901,7.217872716328662,1,0.970577333590069,1,0
SESS_REAL_01912,68.80495476850868,1,0.9154140139535863,1,0
SESS_REAL_07767,7.198263584139864,2,0.9836854428514809,1,0
SESS_FAKE_00966,12.128774206595814,10,0.2988235736170033,0,1
SESS_REAL_08061,5.066624891119255,1,0.9261115759884362,1,0
SESS_REAL_02580,3.073894131027728,1,0.9489834847155824,1,0
SESS_REAL_07123,26.889551718661618,1,0.91535047399452,1,0
SESS_FAKE_00784,21.46359098322246,5,0.384563603881107,0,1
SESS_FAKE_01285,59.080020537533755,12,0.3178118625643753,0,1
SESS_REAL_01560,6.732725741082176,5,0.9077401019672422,1,0
SESS_REAL_04167,2.6973835932590533,1,0.9455403611410597,1,0
SESS_REAL_05195,20.693734259888767,3,0.9031570322105484,1,0
SESS_REAL_05063,6.267891904901487,2,0.9239381230162481,1,0
SESS_FAKE_01223,17.49266129183055,8,0.23660535838621483,0,1
SESS_REAL_05903,7.155821323778328,2,0.9598470669848076,1,0
SESS_REAL_07321,10.613670258129003,2,0.943194007189981,1,0
SESS_REAL_06078,11.127842710044037,1,0.9848575301363868,1,0
SESS_REAL_06502,9.219791954869939,2,0.9663277055012522,1,0
SESS_REAL_05098,8.072211988334644,0,0.9179447710354418,1,0
SESS_REAL_01436,5.916817056165371,0,0.9606700961851586,1,0
SESS_FAKE_00407,21.964966691344944,13,0.0,0,1
SESS_REAL_06924,12.971380329161796,1,0.9082738822728715,1,0
SESS_FAKE_00978,56.04041484931595,10,0.35985790824878117,0,1
SESS_FAKE_00393,29.27524433259654,6,0.39463842790592263,0,1
SESS_REAL_06280,22.544401043134503,1,0.9485301209407836,1,0
SESS_REAL_01221,3.4651713983358103,2,0.9520957939094528,1,0
SESS_FAKE_00078,18.49978379975608,8,0.09233212768019236,0,1
SESS_REAL_04515,7.778129620455203,2,0.9258264230907831,1,0
SESS_REAL_02771,5.354102119021114,2,0.9613655368770492,1,0
SESS_REAL_06121,2.9476668396107737,2,0.9194191553904301,1,0
SESS_REAL_07508,12.69786543840138,2,0.9775141598456153,1,0
SESS_REAL_03654,1.8712481867848465,0,0.9920829293174209,1,0
SESS_REAL_06478,10.513834712877706,1,0.9490924588906529,1,0
SESS_REAL_07122,10.663765728081655,2,0.9487123403491703,1,0
SESS_FAKE_00151,12.047034307592313,9,0.4198557552408845,0,1
SESS_REAL_06788,24.311945603022615,1,0.9994635789718985,1,0
SESS_REAL_00904,8.066235820413604,1,1.0,1,0
SESS_REAL_02832,3.013599041243501,2,0.9703981961850423,1,0
SESS_REAL_04723,8.009759393557868,1,0.9691365817227922,1,0
SESS_FAKE_00734,56.36308335978705,7,0.31642958424938594,0,1
SESS_REAL_02204,17.66045939595775,1,0.9157109840406364,1,0
SESS_REAL_01192,6.593629578136334,0,0.9441059232634542,1,0
SESS_REAL_06123,91.80244123238626,3,0.948173924833513,1,0
SESS_REAL_06872,13.111050425027248,1,1.0,1,0
SESS_FAKE_01439,149.64908166111448,10,0.43811211704664305,0,1
SESS_REAL_04756,1.6195216001673307,1,0.9603398691393195,1,0
SESS_REAL_02650,4.31170871103115,0,0.924887750377659,1,0
SESS_REAL_00535,36.254060194493235,0,0.9985432034914306,1,0
SESS_REAL_01614,6.359617214686161,2,0.9473299839017458,1,0
SESS_REAL_00471,43.53032307455378,2,0.9979871036621176,1,0
SESS_REAL_02302,10.125709211856751,0,0.9463867141207647,1,0
SESS_REAL_04053,11.248323560540287,2,0.9523236744438841,1,0
SESS_REAL_04271,38.59791587674107,1,0.9953838820644417,1,0
SESS_REAL_08107,9.694286610356894,1,0.9159688519004149,1,0
SESS_REAL_05368,19.248919922619677,1,0.9500637662647374,1,0
SESS_REAL_06179,6.107097125445997,1,0.9682747883524517,1,0
SESS_REAL_03946,14.506529157583675,1,0.8955835258859146,1,0
SESS_REAL_04765,59.644968631846325,0,0.9485812806287439,1,0
SESS_REAL_07534,23.52422988493816,1,0.9161222490553641,1,0
SESS_REAL_04197,5.517978279305769,1,0.973671724042496,1,0
SESS_REAL_03061,2.6590161158496812,2,0.9594831335931919,1,0
SESS_REAL_08219,17.364153696020033,1,0.936918834727405,1,0
SESS_FAKE_00264,54.10241319642291,7,0.36135698988406867,0,1
SESS_REAL_07741,3.648539948778967,0,0.8935191597476504,1,0
SESS_FAKE_00440,12.52594538690781,5,0.18893219966252078,0,1
SESS_REAL_00845,7.926013374439282,1,0.9268017174466641,1,0
SESS_REAL_04518,4.122265493586556,2,0.9070742424820285,1,0
SESS_REAL_05445,4.164131614187691,1,0.9497480594799697,1,0
SESS_FAKE_00862,59.8306381483064,9,0.4687707854972343,0,1
SESS_REAL_04003,3.5054113249186676,0,0.9441139501976274,1,0
SESS_REAL_07530,2.561368938051732,3,0.9519471654677836,1,0
SESS_REAL_03208,8.440918166856926,2,0.9401663693112735,1,0
SESS_REAL_02293,10.222250271893047,0,0.9734064191660072,1,0
SESS_REAL_05168,4.230863214045819,2,0.940509974202805,1,0
SESS_REAL_08271,2.8709645850935104,0,0.9484105538030989,1,0
SESS_REAL_08259,20.431632090970957,1,0.9885929138918444,1,0
SESS_REAL_05481,5.676265745656652,2,0.9352734812701772,0,0
SESS_REAL_03262,8.021666479610886,1,0.9569309097722852,1,0
SESS_REAL_01462,2.8525568253923526,3,0.9912495090863547,1,0
SESS_REAL_07958,3.454613214036309,2,0.9229721234460139,1,0
SESS_FAKE_01408,55.77849482986638,9,0.21200639964035614,0,1
SESS_REAL_04372,2.130057248244281,0,0.9896432822070602,1,0
SESS_REAL_05260,4.237791765306507,0,0.9391724488097223,1,0
SESS_REAL_00655,3.1378160007517466,0,0.9895633905544037,1,0
SESS_REAL_01255,8.251868639090283,0,0.9216191676203116,1,0
SESS_REAL_03291,26.681090433649715,1,0.9191850662093621,1,0
SESS_REAL_03665,8.418855561250778,1,0.9535197049050281,1,0
SESS_REAL_03492,27.040859618777397,1,0.9488033974289869,1,0
SESS_REAL_01513,1.7208101349924003,0,0.9576117350931257,1,0
SESS_REAL_02269,10.118227162828967,2,0.9553576579650095,1,0
SESS_REAL_07257,2.0384758693719514,0,0.9163201529900056,1,0
SESS_REAL_01893,4.238410335138765,2,0.9470114015065857,1,0
SESS_REAL_01689,18.868328811982053,2,0.9197890740544242,1,0
SESS_REAL_04293,30.134019635081447,1,0.9693091912259933,1,0
SESS_REAL_01935,21.116391721391913,1,0.9274971902753507,1,0
SESS_FAKE_00169,50.81134586074428,9,0.028118646364360456,0,1
SESS_REAL_04788,9.649912925558498,1,0.9558608119027664,1,0
SESS_REAL_02073,26.728108815185852,1,0.9471318756030348,1,0
SESS_REAL_03610,11.662868405742165,0,0.9588243765166732,1,0
SESS_REAL_06577,5.287771533917836,2,0.941358515839848,1,0
SESS_REAL_02463,11.610277444573642,3,0.9687861668489673,1,0
SESS_FAKE_00767,151.10688683217006,12,0.26474501020147495,0,1
SESS_REAL_02394,27.997889286444803,0,1.0,1,0
SESS_REAL_05008,3.9080405871626236,1,0.9681977258462858,1,0
SESS_REAL_05077,4.739831440895512,1,0.964835138892572,1,0
SESS_REAL_05180,7.391741742036579,3,0.9741184442591765,0,0
SESS_REAL_03034,5.406314995719541,0,0.938679614507602,1,0
SESS_FAKE_01127,86.19136613343423,14,0.30326883196024557,0,1
SESS_REAL_05073,2.5712613703832243,0,0.9174270103021369,0,0
SESS_REAL_00609,15.569489208150507,2,0.9181734723290125,1,0
SESS_REAL_00791,12.089335309302648,0,0.9547308265988843,1,0
SESS_FAKE_00009,39.41634813854547,5,0.2172711477243089,0,1
SESS_REAL_08418,18.66068841636026,2,0.9174127013963114,1,0
SESS_REAL_05533,20.517618949526803,0,0.9810783842094456,1,0
SESS_REAL_06279,4.102102915723892,4,0.9879876408853493,1,0
SESS_REAL_02225,9.090676519923385,2,0.8969032599232826,1,0
SESS_REAL_05283,28.11232163042122,1,0.9045653162589725,1,0
SESS_REAL_01466,46.85835735074674,1,0.9130857182546824,1,0
SESS_REAL_00991,15.737385836509457,1,0.9290005729938988,1,0
SESS_REAL_01635,4.708940252586667,0,0.9179027257050136,1,0
SESS_REAL_01717,15.750708162001814,2,0.9600220808648415,1,0
SESS_REAL_00123,2.89910592148621,1,0.9104081403155299,1,0
SESS_REAL_05093,3.006384309136481,2,0.9723147338189939,1,0
SESS_REAL_03144,5.257697383030366,0,0.9640507376889118,1,0
SESS_FAKE_01402,28.774658545944643,10,0.2507459660885827,0,1
SESS_REAL_00183,26.680004485931928,0,0.9406620435708694,1,0
SESS_FAKE_01006,10.362168634067801,9,0.2329747798917089,0,1
SESS_REAL_01075,8.198636962705223,1,0.9734149256206357,1,0
SESS_REAL_00992,5.311843379856385,3,0.9736212541467197,1,0
SESS_REAL_01725,2.271797565594325,1,0.9635882477941345,1,0
SESS_REAL_00812,3.0977515166047604,1,0.9107996200806562,1,0
SESS_REAL_01200,18.53886877392432,1,0.9807848664453259,1,0
SESS_FAKE_00590,11.90035744416182,8,0.457586085052897,0,1
SESS_FAKE_00718,129.124380678208,5,0.2810496292751779,0,1
SESS_REAL_01461,14.140213628246837,1,0.8855689028219944,1,0
SESS_REAL_08155,3.899721649881084,2,0.9153948928237362,1,0
SESS_REAL_08463,21.027665699892623,0,0.937347211544249,1,0
SESS_FAKE_00114,108.1600733638573,11,0.32074034413857005,0,1
SESS_REAL_04355,12.649154027782195,3,0.9755069915551106,1,0
SESS_REAL_02756,9.11827364555873,1,0.9366111466545703,1,0
SESS_REAL_06787,21.12281628586114,0,0.9515523004462692,1,0
SESS_REAL_00024,8.8072162543173,3,0.9533699620516161,1,0
SESS_REAL_07949,5.423262287906505,0,0.945563805566607,1,0
SESS_REAL_03879,4.657912893600974,1,0.9703874944815694,1,0
SESS_REAL_01458,4.415183976216287,2,0.9851279835836108,1,0
SESS_REAL_04894,7.3689113077794035,1,0.9421535853843968,1,0
SESS_REAL_00094,19.186679600656376,2,0.8969424299025955,1,0
SESS_FAKE_00748,115.09664805789699,5,0.23086794114336778,0,1
SESS_FAKE_01314,58.920052453836796,10,0.18981739192025832,0,1
SESS_REAL_07664,6.808910484741203,0,0.969486159184747,1,0
SESS_REAL_02543,12.910713891755165,0,0.9674167717521949,1,0
SESS_REAL_08003,32.200944433941686,2,0.974605917361289,1,0
SESS_REAL_02120,21.031438613443296,3,0.9955071606000764,1,0
SESS_REAL_02759,2.270664149688873,0,0.9785321105521673,1,0
SESS_FAKE_00897,14.483949220725925,6,0.4027840952914339,0,1
SESS_REAL_02040,24.314825931157326,1,0.9256218271857317,1,0
SESS_REAL_06337,4.027685654151009,2,0.9134485819177752,1,0
SESS_REAL_07479,8.603116406624576,3,0.9610419481324082,1,0
SESS_REAL_03309,8.988794597597776,0,0.941641888903255,1,0
SESS_REAL_06829,7.730348637646072,0,0.9742921005956621,1,0
SESS_REAL_05505,3.9072478060798996,0,0.9101143712504548,1,0
SESS_REAL_06056,9.161692478846764,2,0.942386417727525,1,0
SESS_REAL_00563,1.6758177151880254,0,0.935379802218825,1,0
SESS_REAL_01974,5.758271880958716,1,0.9215493768013497,1,0
SESS_REAL_00500,15.874366582953472,0,0.9318625973703756,1,0
SESS_REAL_04204,2.872069225292984,1,0.9726690044804619,1,0
SESS_REAL_08170,21.81601938815935,1,0.9641830540515972,1,0
SESS_REAL_03346,5.292035363159826,0,0.9114017262380079,1,0
SESS_REAL_07573,17.959887100281563,0,0.9523833529781833,1,0
SESS_REAL_04479,11.784760661750965,2,0.9628008452691312,1,0
SESS_REAL_06248,16.780360494969536,0,0.9664967865924987,1,0
SESS_REAL_03411,3.1722575468874767,1,0.9259796677136243,1,0
SESS_REAL_06238,25.692778054252422,2,0.9404594028198315,1,0
SESS_REAL_07328,4.015899100688319,1,0.9666213671251925,1,0
SESS_REAL_05488,12.789519029877965,1,0.9057561191965469,1,0
SESS_REAL_06434,19.381345864242718,2,0.9536584092041486,1,0
SESS_REAL_01273,1.985100196772438,0,0.9521533347871307,1,0
SESS_REAL_08288,2.429189411957158,0,0.9309332810789883,1,0
SESS_FAKE_00258,39.130771681250835,11,0.2143076146621472,0,1
SESS_REAL_06613,1.9442102425814616,0,0.8803574522415154,1,0
SESS_REAL_06384,8.885675652864334,0,0.9884196668264678,1,0
SESS_REAL_07155,22.263022846278602,1,1.0,1,0
SESS_REAL_04062,18.896606288005906,2,0.9854742969934905,1,0
SESS_REAL_02553,36.90635982074399,3,0.9494641789707524,1,0
SESS_FAKE_00174,108.68847712208142,8,0.35885371075921907,0,1
SESS_REAL_08153,35.880808851420646,1,0.907067075222489,1,0
SESS_FAKE_01349,15.063435206343964,5,0.6067501366622129,0,1
SESS_REAL_01450,9.750151351338475,0,0.94744471723187,0,0
SESS_REAL_03330,13.125979283223412,0,0.928594065913571,1,0
SESS_REAL_04444,7.824941242939604,2,0.9655650363584297,0,0
SESS_REAL_08399,39.21288914795277,1,0.9579534201614422,1,0
SESS_FAKE_00531,82.93540183761503,13,0.4230125983745218,0,1
SESS_REAL_08194,7.19386307901622,1,0.9580935319651727,1,0
SESS_REAL_07335,4.69978243669117,3,0.9339378122376508,1,0
SESS_REAL_01652,5.16384167014953,1,1.0,1,0
SESS_REAL_04970,9.234577917412015,1,0.914397631567149,1,0
SESS_REAL_08416,19.421719199565274,2,1.0,1,0
SESS_REAL_08169,4.099882662952346,3,0.9474033355294711,1,0
SESS_REAL_07637,13.21613377610061,2,0.9658135877467355,1,0
SESS_REAL_07924,35.34059928161713,1,0.9478310300131132,1,0
SESS_FAKE_01341,26.94837727169098,11,0.16362069498238643,0,1
SESS_REAL_06954,22.037530112812075,1,0.9544580621764298,1,0
SESS_REAL_05223,6.75828878351227,0,0.9652534131139332,1,0
SESS_REAL_00111,3.6097003020007543,0,0.9409724686026395,1,0
SESS_FAKE_00839,48.11635835289263,9,0.0,0,1
SESS_REAL_02447,4.0973499253214625,0,0.9660055997942718,1,0
SESS_REAL_07329,11.725483215756045,1,0.9465328747458019,1,0
SESS_REAL_02364,11.830269085108888,2,0.9509151444350128,1,0
SESS_REAL_04701,2.4143343340666905,1,0.958644961608385,1,0
SESS_FAKE_00554,32.10898233483897,8,0.42526807140825995,0,1
SESS_FAKE_00675,205.73186196097802,8,0.2955672403881313,0,1
SESS_REAL_04951,2.131489639112204,2,0.9784749518807108,1,0
SESS_REAL_04397,2.463950877583427,1,0.9629732933127293,1,0
SESS_REAL_00746,7.311980908304536,0,0.9299373764443545,1,0
SESS_REAL_06663,17.966431595744872,4,0.9781046013072277,1,0
SESS_REAL_04782,11.231000982595955,3,0.9576607109395051,1,0
SESS_REAL_03509,2.2731064083082124,3,0.9985387905314271,1,0
SESS_REAL_01389,8.757011065976855,3,0.9871861323570272,1,0
SESS_REAL_02529,75.04587592684904,4,1.0,1,0
SESS_FAKE_00864,20.21588703178375,6,0.2172205096423912,0,1
SESS_REAL_07607,13.263405580589051,1,0.9580306220698186,1,0
SESS_FAKE_01198,86.77274696349473,7,0.4228431116326443,0,1
SESS_REAL_04571,14.983218535731671,0,0.9111673708523991,1,0
SESS_FAKE_01242,63.72612648426498,11,0.28173018047883563,0,1
SESS_REAL_02091,41.55078194462518,3,0.9831780638587312,1,0
SESS_REAL_00795,26.18032227048836,3,0.9318589443470875,1,0
SESS_REAL_05081,2.846746635370658,1,0.9555788376068239,1,0
SESS_FAKE_01336,58.38245842482753,8,0.4000949809770337,0,1
SESS_REAL_03436,4.618864694450093,2,0.9413754749028538,1,0
SESS_REAL_06262,3.543949585306337,0,0.937815132095493,1,0
SESS_REAL_02619,6.011130543526077,4,0.9795171846599877,1,0
SESS_FAKE_00582,16.793187645158095,5,0.4166292994174542,0,1
SESS_REAL_03390,6.181492793187965,1,0.932800852333058,1,0
SESS_REAL_07145,16.77385420800568,1,0.9238379367659757,1,0
SESS_REAL_07059,30.505749655612135,3,0.9097578269559843,1,0
SESS_REAL_02305,7.570356318896019,2,0.9675928550497704,1,0
SESS_FAKE_00423,89.37718999200578,7,0.2537660960584529,0,1
SESS_REAL_07585,14.991957903423675,3,1.0,1,0
SESS_REAL_04651,16.667433708437798,0,0.923210284487593,1,0
SESS_FAKE_00450,15.85976297114094,8,0.20756495145958223,0,1
SESS_REAL_07409,12.40929766325894,0,0.9188084492696311,1,0
SESS_REAL_07774,6.381467879319614,1,0.937946172711203,1,0
SESS_REAL_06605,2.9897354195723027,1,0.9390979405031172,1,0
SESS_REAL_01954,78.36567456760972,2,0.9458038892368186,1,0
SESS_REAL_05664,13.056972926111893,1,0.9203236584857185,1,0
SESS_REAL_06469,18.947237886189317,1,0.9293070132557558,1,0
SESS_FAKE_01220,200.27239365979096,9,0.3726344382593782,0,1
SESS_REAL_02491,4.226166634900636,0,0.9459806457797361,1,0
SESS_REAL_03479,7.667710966493287,1,0.9332878941913304,1,0
SESS_REAL_02062,21.203757460417588,3,0.9003756190828011,1,0
SESS_REAL_06519,3.5308635603612073,1,0.9649198529109566,1,0
SESS_REAL_01172,13.489988989068761,2,0.9732368991314737,1,0
SESS_REAL_02186,26.09435119315679,3,0.9673992973087178,1,0
SESS_REAL_02929,7.494577474603973,1,0.9421408443543102,1,0
SESS_REAL_06581,35.648229432250034,4,0.9555602931010073,1,0
SESS_REAL_04223,21.424001976465565,0,0.984098176595995,1,0
SESS_REAL_02345,14.75215966609101,0,0.9491388778489893,1,0
SESS_REAL_00486,2.0581375409217717,2,0.9301563767014769,1,0
SESS_REAL_06165,9.555475908268988,2,0.9345633924903624,1,0
SESS_REAL_04421,39.1808960359678,1,0.9866787582882777,1,0
SESS_REAL_01804,6.663917408002561,2,0.9845670015669384,1,0
SESS_REAL_02762,13.460960481617898,2,0.9695115107418752,1,0
SESS_FAKE_00346,13.357185390003085,7,0.37022192460407877,0,1
SESS_REAL_05824,3.7933988021056617,3,0.9091008123128718,1,0
SESS_REAL_06566,15.828785096079038,1,0.9605842400099939,1,0
SESS_REAL_04316,16.864462014640942,3,0.9554970679710527,1,0
SESS_REAL_05261,22.51648464628973,0,0.9162580682591733,1,0
SESS_REAL_02922,21.864777007560633,0,0.9460958279935962,1,0
SESS_REAL_05988,14.657473357531131,2,0.9686145057178186,1,0
SESS_REAL_07992,5.342657888584378,1,0.9756449584246608,1,0
SESS_REAL_06592,7.314471361882165,2,0.9730299967055085,1,0
SESS_REAL_08325,22.436797911542374,3,0.9313517232061339,1,0
SESS_REAL_05203,16.676405883663325,1,0.9339992312833892,1,0
SESS_REAL_06578,7.053789873904583,1,0.9177401178584119,1,0
SESS_REAL_06847,8.649009028783466,0,0.9399657974470518,1,0
SESS_REAL_02054,24.26346969881622,1,0.92479244706144,1,0
SESS_FAKE_00662,24.70567396202712,9,0.2716875703040127,0,1
SESS_REAL_02799,4.030247293384004,1,0.9842154900453866,1,0
SESS_REAL_05585,2.180133622481998,0,0.9592200894344376,1,0
SESS_REAL_04727,23.7855187850051,0,0.9499981626311733,1,0
SESS_REAL_01028,6.112086258234412,0,0.9533366274645028,1,0
SESS_REAL_04926,9.006677385888327,3,0.8749217332817774,1,0
SESS_REAL_02017,29.111039244105925,3,0.9414957202533706,1,0
SESS_REAL_05963,19.232289177120634,1,0.9822301363303108,1,0
SESS_REAL_08036,5.29925831483752,1,0.961274813135219,1,0
SESS_REAL_00723,17.716717838263463,0,0.9257526352103592,1,0
SESS_REAL_04028,17.57068282886271,2,0.9934303997141335,1,0
SESS_REAL_05346,1.6715804485141097,2,0.994444527406555,1,0
SESS_REAL_00175,3.799250670469605,1,0.9192359046680522,1,0
SESS_REAL_02776,2.0387125068018843,2,0.960830058385313,1,0
SESS_REAL_01977,8.238204197023085,0,0.9564305662483098,1,0
SESS_REAL_04500,12.474485783657888,0,0.9195601793871623,1,0
SESS_REAL_04737,6.647849561212819,0,0.9717163905980163,1,0
SESS_FAKE_00632,15.50799821608088,6,0.09673447275445543,0,1
SESS_REAL_04752,15.008846227021207,1,0.9316953608239235,1,0
SESS_REAL_06939,5.95335591323507,1,0.9786210211616866,1,0
SESS_REAL_00148,2.1342130485647095,2,0.9076195379897926,1,0
SESS_REAL_08022,20.894653896781893,0,0.9601879582574644,1,0
SESS_FAKE_01274,33.52045628106432,9,0.2417360827268269,0,1
SESS_REAL_06278,23.770241748375437,3,0.9692145669100688,1,0
SESS_REAL_07482,8.44637114439206,1,0.999470012966285,1,0
SESS_REAL_02772,21.238635628210226,1,0.954414254578961,1,0
SESS_REAL_00534,19.08339708247513,0,0.9889458173508983,1,0
SESS_REAL_06590,8.760730904774725,2,0.904825418019777,1,0
SESS_REAL_01386,19.318700288485978,4,0.9460484875168775,1,0
SESS_REAL_03891,10.59335534306718,2,0.9763953777187067,1,0
SESS_FAKE_01143,265.6331478054809,7,0.3486689084785732,0,1
SESS_REAL_01340,5.075745037666758,2,0.9614958845362522,1,0
SESS_REAL_03048,7.582249817209512,1,0.9194997687193666,0,0
SESS_REAL_04087,12.676760069185992,4,1.0,1,0
SESS_REAL_06827,4.3825225091127304,2,0.9785883578213485,1,0
SESS_REAL_07025,9.659018953815478,1,0.94262949555826,1,0
SESS_REAL_05314,10.034732807254855,1,0.9298655267577313,1,0
SESS_REAL_01024,36.1460841748917,1,0.9380134083200975,1,0
SESS_REAL_02298,2.8718162299531946,1,0.9306089698896209,1,0
SESS_REAL_02115,3.4799715150036454,0,0.9174219103878847,1,0
SESS_REAL_07213,10.038505259010469,0,0.9527885542907111,1,0
SESS_FAKE_00345,94.87049191242207,6,0.08932956374654,0,1
SESS_REAL_01464,90.80067491645286,1,0.9360970125805761,1,0
SESS_REAL_07032,12.076246452792063,0,0.9210591707812885,1,0
SESS_REAL_06421,9.012089000783304,1,0.9656660763401422,1,0
SESS_REAL_00825,31.7871057138365,1,0.9175643456588303,1,0
SESS_FAKE_00656,30.496712989360635,3,0.34449187957988664,0,1
SESS_REAL_04676,2.0801615910291833,0,0.9681286517407633,1,0
SESS_REAL_07679,2.158982598886414,0,0.9621762177710774,1,0
SESS_FAKE_01311,74.3421771417159,10,0.17456436891017718,0,1
SESS_REAL_07478,26.12676009960275,1,0.9169125659070417,1,0
SESS_REAL_00937,30.982662332322683,2,0.9260060618683907,1,0
SESS_REAL_03399,11.816157582127985,2,0.9915571213882441,1,0
SESS_REAL_02246,2.289074785830378,0,0.9335203840915024,1,0
SESS_REAL_05023,16.7432830859917,3,0.9119899407163617,1,0
SESS_REAL_01998,2.2049643218980495,0,0.9432341651803481,1,0
SESS_REAL_00815,10.278616631623791,1,0.969398429059668,1,0
SESS_FAKE_00438,11.547710453568742,10,0.2628366887259137,0,1
SESS_REAL_07361,8.758263888563064,0,0.9464498295117677,1,0
SESS_REAL_07982,15.488299559090954,1,0.9415707654619784,1,0
SESS_REAL_01167,9.998343663715163,2,0.9436306565605874,1,0
SESS_REAL_05976,2.1137530908701456,1,0.9393574454111344,1,0
SESS_REAL_05370,7.3241523137164,2,0.9401282000016757,1,0
SESS_REAL_05593,44.65264385017535,1,0.939771824583297,1,0
SESS_REAL_00694,2.9637992657296253,0,0.9459785370049342,1,0
SESS_REAL_07327,17.57983609183635,2,0.9086585803173844,1,0
SESS_FAKE_01390,23.858371493670106,6,0.5405302611912486,0,1
SESS_REAL_04180,7.684104107453905,0,0.9863971650999296,1,0
SESS_REAL_02713,7.077600757912385,2,0.9145229183441406,1,0
SESS_REAL_07379,2.621475410330371,1,0.9480536080108917,1,0
SESS_REAL_02684,6.438019336099716,1,0.9319868997059838,1,0
SESS_FAKE_01187,91.01793345372903,9,0.3957078160329559,0,1
SESS_REAL_01176,19.661102761553586,1,0.9308581097205161,1,0
SESS_REAL_06538,8.892943771169971,0,0.946592847736951,1,0
SESS_REAL_06856,13.365006052359838,0,0.9600869925920116,1,0
SESS_REAL_01735,27.622452717744572,2,0.906113664895777,1,0
SESS_REAL_07495,2.478923439225622,4,1.0,1,0
SESS_REAL_03933,4.522777546824992,1,0.9250218676402929,1,0
SESS_REAL_02589,16.519174335234403,2,0.9327744479595087,1,0
SESS_REAL_01506,11.914932658383247,2,0.9563708616142422,1,0
SESS_REAL_03433,8.507075860015071,5,0.9205492785152877,1,0
SESS_REAL_02939,2.02018092626535,2,0.9723638436423649,1,0
SESS_REAL_06733,6.5700521824744325,4,0.9244460144888412,1,0
SESS_REAL_01314,8.724731663220556,2,0.9807745859990569,1,0
SESS_REAL_07457,7.72439600061876,2,0.9391967654823687,1,0
SESS_REAL_04395,23.65448978131049,0,0.9407214712006114,1,0
SESS_REAL_07415,10.90752434246826,1,0.9035832802016547,1,0
SESS_REAL_01327,20.21055717113217,1,0.9267904726439682,1,0
SESS_REAL_04933,8.562255765361307,2,0.981145234300827,1,0
SESS_REAL_01941,6.381882100323058,0,0.9179381913738102,1,0
SESS_REAL_02607,5.378377318917357,0,0.9635686149735042,1,0
SESS_REAL_00364,35.55752575479599,2,0.9904841931578486,1,0
SESS_REAL_02686,3.0937178796550646,1,0.906799683910399,1,0
SESS_REAL_01508,12.735016299297836,1,0.9484512372767249,1,0
SESS_REAL_07159,11.937712675567692,0,0.9408540206532929,1,0
SESS_REAL_05890,16.719971448949472,2,0.9634346562949401,1,0
SESS_REAL_07105,2.3320863966316656,0,0.9583861750682843,1,0
SESS_REAL_03241,8.223223013561665,1,0.9250822843898816,1,0
SESS_REAL_05957,7.020167297965359,3,0.9227458989709583,1,0
SESS_REAL_06305,8.525024308136144,3,0.963754954287288,1,0
SESS_REAL_00842,3.8527036823909784,3,0.9760819152523637,1,0
SESS_REAL_01559,29.13379624455427,2,0.9584665326491193,1,0
SESS_FAKE_01249,42.09758102074488,9,0.25962939906450033,0,1
SESS_REAL_07861,4.149716449619148,1,0.9165068140549923,1,0
SESS_REAL_07987,8.745421817796746,2,0.9811179316782705,1,0
SESS_REAL_00621,4.318788374178399,1,0.940995331993317,1,0
SESS_REAL_03991,4.3457831266963325,2,0.9242268805942907,1,0
SESS_REAL_04291,2.4911953855409266,1,0.9140551714775933,1,0
SESS_REAL_05885,9.483713786850718,2,1.0,1,0
SESS_FAKE_01356,30.30715733622111,11,0.33494703824338623,0,1
SESS_REAL_01354,9.502011643190569,2,0.9693335347374015,1,0
SESS_REAL_05962,7.759862995660777,0,0.9262096001962953,1,0
SESS_FAKE_01447,16.810069275261274,7,0.3528295105031722,0,1
SESS_REAL_00762,4.928035422586055,2,0.9365871020640303,1,0
SESS_REAL_06522,20.373787306391815,0,0.9016148742197709,1,0
SESS_REAL_03640,4.764014408363328,1,0.9406854930706222,1,0
SESS_FAKE_00480,22.944687150641656,9,0.43627647501426847,0,1
SESS_REAL_04681,4.932869043473218,2,0.9271601795461661,1,0
SESS_FAKE_00116,19.919590889351134,2,0.2380635986481975,0,1
SESS_FAKE_00088,20.680609037254793,6,0.1755318573379847,0,1
SESS_REAL_00794,1.7193141648779668,1,0.9277945422618116,1,0
SESS_FAKE_01111,148.16926991105066,13,0.4778252454252865,0,1
SESS_FAKE_00691,164.19191070958192,5,0.20603154176816452,0,1
SESS_REAL_03016,17.332561247913223,1,0.9654921784517344,1,0
SESS_FAKE_00990,74.4878347084736,8,0.6758772079542434,0,1
SESS_REAL_02987,9.933416027142885,2,0.9559580885054134,1,0
SESS_REAL_07750,3.56773783178322,0,0.9785546615915485,1,0
SESS_REAL_01678,3.787020280399891,2,0.9780440498808696,1,0
SESS_REAL_00610,1.9812687612001851,0,0.9130439433753017,1,0
SESS_REAL_07602,11.916538080932803,0,0.9253799144166931,1,0
SESS_FAKE_01005,17.328917933311462,5,0.27086487306847296,0,1
SESS_REAL_00512,33.88822033856542,0,0.993032759493344,1,0
SESS_REAL_04911,11.189054458633473,1,0.9432490319311523,1,0
SESS_FAKE_00889,44.83233151356888,9,0.5179426920086694,0,1
SESS_FAKE_00855,23.49989487045414,7,0.3136903264990939,0,1
SESS_REAL_06905,2.1452047893206183,2,0.9480877004799738,1,0
SESS_FAKE_01412,22.713235824925412,12,0.3889440783069203,0,1
SESS_REAL_05000,7.5032882643000995,1,0.9642113241472271,1,0
SESS_REAL_01448,36.22118864856328,1,0.9619011707454175,1,0
SESS_REAL_01660,12.513332042649505,0,0.9818538601536093,1,0
SESS_REAL_02775,8.304858201627734,1,0.9778843718628061,1,0
SESS_REAL_01953,17.46637088291641,2,0.9534924268367202,1,0
SESS_REAL_03398,4.9363351190512175,0,0.9145740218059757,1,0
SESS_REAL_00013,4.364251502987364,2,0.9577318922363315,1,0
SESS_REAL_07353,10.935296098613204,0,1.0,1,0
SESS_REAL_05250,7.3541197363656545,2,0.8849342046289235,1,0
SESS_REAL_03066,1.6827121666186933,2,0.9628804901147608,1,0
SESS_REAL_07805,2.857906946818139,0,0.9316839569728153,1,0
SESS_REAL_04812,1.6598051169164934,0,0.9789769779348073,1,0
SESS_REAL_05174,8.583308997527284,3,0.9410797536465343,1,0
SESS_REAL_06018,10.982443253390898,2,0.9326490983903774,1,0
SESS_REAL_00523,23.650958489203617,1,0.9461687837855409,1,0
SESS_FAKE_01496,44.6214487705097,7,0.22764975247967173,0,1
SESS_REAL_06259,4.411937111194049,2,0.9278731707752655,1,0
SESS_REAL_02942,5.721270829255623,1,0.9687686868604882,1,0
SESS_REAL_03531,20.71128128782164,1,0.9651303252388795,1,0
SESS_REAL_02835,31.73860281956532,2,0.9223822716659122,1,0
SESS_FAKE_00249,68.2779312958705,3,0.460761745911072,0,1
SESS_REAL_04568,3.283744446646107,0,0.8788031080144808,1,0
SESS_REAL_08277,8.087435650983704,0,0.9948258785434748,1,0
SESS_REAL_07870,23.431720591932397,0,0.8998756171572418,1,0
SESS_REAL_00857,9.165429519545567,1,0.9612996977632183,1,0
SESS_REAL_02179,10.125389775462594,0,0.9624701592228972,1,0
SESS_REAL_01094,4.646820336623552,2,0.9099970356365129,1,0
SESS_REAL_01738,7.001822200595223,2,0.9138902712226422,1,0
SESS_REAL_06890,8.907186231929845,1,0.9505180857801694,1,0
SESS_REAL_08257,49.07843477033637,0,1.0,1,0
SESS_FAKE_01269,17.747628473555004,8,0.35058645206212913,0,1
SESS_FAKE_00917,11.148132115178644,11,0.30022367106009407,0,1
SESS_REAL_05322,7.72969296605214,1,0.9254087359631974,1,0
SESS_REAL_04979,1.9806805946531088,2,0.9678452306369677,1,0
SESS_REAL_04943,6.916638837975911,1,0.9529653052516851,1,0
SESS_REAL_02287,6.329880583729343,0,0.9253244106745495,1,0
SESS_REAL_00057,4.117616335575209,0,0.9812638492584332,1,0
SESS_REAL_03296,14.040335303816995,0,0.9652457196455504,0,0
SESS_REAL_07044,33.87389008487008,1,0.9386276105153817,1,0
SESS_REAL_02586,2.3937838470679798,1,0.9366129989964666,1,0
SESS_REAL_00574,25.29768772421168,2,0.9691575399817565,1,0
SESS_FAKE_00189,24.54545103716783,6,0.3798556252338112,0,1
SESS_REAL_02610,23.441466770577435,1,0.9052174647228192,1,0
SESS_REAL_06496,7.079462989129579,4,0.9940877410230118,0,0
SESS_REAL_07020,11.100521023226186,0,0.9342779179167173,1,0
SESS_FAKE_01331,13.798463823667316,7,0.21367939396962782,0,1
SESS_REAL_03821,6.903537658475788,0,0.969607900518379,1,0
SESS_REAL_04111,9.824452874362064,1,0.9929211799292189,1,0
SESS_FAKE_01165,36.040985788812215,10,0.3681775560417443,1,1
SESS_FAKE_01319,61.706366684444106,11,0.5791063644079619,0,1
SESS_REAL_06138,13.673541882146594,1,0.928323317346185,1,0
SESS_REAL_02070,18.464060973798194,0,0.9617324452825015,1,0
SESS_REAL_02213,41.00069966923677,1,0.9592265875318534,1,0
SESS_REAL_07574,1.6006776039409958,0,0.911565309716039,1,0
SESS_REAL_04898,2.6285571514760124,2,1.0,1,0
SESS_REAL_00147,9.882235593955661,0,0.9606452046671089,1,0
SESS_REAL_08129,4.692754048930761,1,0.9639685251583626,1,0
SESS_REAL_05432,15.056491236567455,0,0.9480064362899622,1,0
SESS_REAL_07442,3.2292497566550473,1,1.0,1,0
SESS_REAL_01086,12.904730070917239,1,0.8989978350506508,1,0
SESS_REAL_05917,14.674014063657378,0,0.9209132797005133,1,0
SESS_REAL_01179,10.851432228838673,0,0.9119233540894034,1,0
SESS_REAL_08280,6.4056778421596,0,0.9360928146148663,1,0
SESS_REAL_07738,14.633274186225307,2,0.9642366428707388,1,0
SESS_REAL_05241,8.05197501547423,1,0.9211213016717726,1,0
SESS_REAL_04814,19.10706401316453,0,0.9263528760448825,1,0
SESS_REAL_02318,8.074610226257569,1,0.9450591185762622,1,0
SESS_REAL_07214,3.4143361857636867,2,0.9125577214223054,1,0
SESS_FAKE_01177,15.827106111720735,8,0.2643209914167909,0,1
SESS_FAKE_01155,51.3108424454016,8,0.005459687582749173,0,1
SESS_REAL_08057,4.706462059105066,1,0.9154544192937669,1,0
SESS_REAL_01092,12.729866674466328,1,0.9387663525589586,1,0
SESS_REAL_06873,6.490240457200984,1,0.932025142473622,1,0
SESS_REAL_07433,4.334321204995585,2,0.9877454932475508,1,0
SESS_REAL_08221,4.066959861881377,3,0.8970610671867665,1,0
SESS_REAL_03423,1.9765964799319766,3,0.9300399258969967,1,0
SESS_REAL_05219,2.2228357039071662,0,0.9145441796759343,1,0
SESS_REAL_01931,11.392323847234566,2,0.8795599659678697,1,0
SESS_REAL_01846,3.054491256059428,1,0.9653492919040872,1,0
SESS_REAL_00102,6.028760505541198,2,0.9895730308233796,1,0
SESS_REAL_03337,18.561333631473367,0,0.9781583230908195,1,0
SESS_REAL_02513,10.070794898953269,0,0.9166369431815597,1,0
SESS_REAL_00503,21.670886009855963,2,0.9765570984094993,1,0
SESS_REAL_03691,10.426608929682729,3,0.95911910533683,1,0
SESS_REAL_02422,18.437554849714928,3,0.919015567714754,1,0
SESS_REAL_07274,8.249130925075471,1,0.9327333893327603,1,0
SESS_REAL_03035,5.380856895697224,4,0.949373475511253,1,0
SESS_REAL_03992,18.25460131454573,1,0.9302359152088466,1,0
SESS_REAL_06716,2.6230267240419254,0,0.9385624715097889,1,0
SESS_REAL_00139,44.313577659500396,0,0.9734066742380431,1,0
SESS_REAL_00292,22.25221643445763,2,0.9474826730364798,1,0
SESS_REAL_06629,15.928803312865059,1,0.92247264843772,1,0
SESS_REAL_00482,8.77353306812341,1,0.9583211885467364,1,0
SESS_REAL_02941,12.542195941946925,1,0.9549975949746757,1,0
SESS_REAL_04831,17.640411818322743,2,0.9500549900178344,1,0
SESS_REAL_07929,3.7191032580262395,0,0.9778968933388884,1,0
SESS_REAL_06715,7.9359198820080135,2,1.0,1,0
SESS_FAKE_00117,22.32975591157281,9,0.2386376968573806,0,1
SESS_REAL_01481,3.0368515518428576,0,0.9615070139512119,1,0
SESS_REAL_01613,6.204672509809752,1,0.8994732560740952,1,0
SESS_REAL_02894,3.4727670123365915,1,0.9417237813255037,1,0
SESS_REAL_04997,6.267157123309236,1,0.9240239219924656,1,0
SESS_REAL_04542,4.38950059766305,1,0.9818788249216396,1,0
SESS_REAL_08029,21.184751341680247,0,0.9301977280069806,1,0
SESS_REAL_04559,71.0090723284328,0,0.9890487691439116,1,0
SESS_REAL_05209,3.891037680590757,1,0.9809486933861492,1,0
SESS_REAL_02379,20.71646676323216,4,0.9019088154669356,1,0
SESS_FAKE_00295,61.639613167035236,10,0.4386861494952005,0,1
SESS_FAKE_01142,22.535573606380133,8,0.21574006733312212,0,1
SESS_REAL_04131,4.449139768194907,1,1.0,0,0
SESS_REAL_04298,8.303916367143815,1,0.9702401460682298,1,0
SESS_REAL_05982,40.2370498537498,2,0.9086617947032347,1,0
SESS_REAL_07161,7.850582260108863,0,0.9032271103675541,0,0
SESS_REAL_04897,5.745473368962069,0,0.9748662544476959,1,0
SESS_REAL_00670,3.784829203954644,1,0.9289481796021234,1,0
SESS_FAKE_00645,10.023759236995865,5,0.33098748408894485,1,1
SESS_REAL_02946,10.154966922540911,1,0.9340488213801391,0,0
SESS_REAL_01522,6.699389751678461,2,0.9037592703496556,1,0
SESS_REAL_00404,6.1288251139740995,1,0.9801648596091913,1,0
SESS_REAL_03120,5.289790971231334,3,0.9315578915910219,1,0
SESS_REAL_03523,2.7773747038837597,1,0.9635124248394711,1,0
SESS_REAL_01258,2.296356609521516,2,1.0,1,0
SESS_REAL_06907,20.928645132661522,1,0.9410565302711461,1,0
SESS_REAL_02489,7.14637945536437,1,0.9383047083674722,1,0
SESS_FAKE_00578,158.52143672255536,8,0.48370887902202464,0,1
SESS_REAL_01418,8.722118979623172,1,0.9871656810217512,1,0
SESS_REAL_00450,19.51491048545551,4,0.9259747725151163,1,0
SESS_REAL_05116,8.797944347427608,2,1.0,1,0
SESS_REAL_01143,11.509120092419682,2,0.9197746743310026,1,0
SESS_REAL_05140,11.786791651102993,0,0.9813641750139821,1,0
SESS_REAL_02618,23.69611364564435,3,0.9009968776580417,1,0
SESS_REAL_07519,2.19640441046155,2,0.9632647996655531,1,0
SESS_REAL_04353,39.525569297183374,5,0.9590611796926748,1,0
SESS_REAL_02013,3.2993495885573405,2,0.9277825537938529,1,0
SESS_FAKE_00789,25.470459197052115,6,0.3959964140919741,0,1
SESS_REAL_04301,35.17495511961471,0,0.9151028051374912,1,0
SESS_REAL_02764,3.230253607081242,2,0.9662137041436752,1,0
SESS_REAL_08184,5.589787360515945,1,0.9521681443285905,1,0
SESS_REAL_04115,6.5036265678264,0,1.0,1,0
SESS_REAL_04861,21.319893803922973,0,0.9352835346378449,1,0
SESS_REAL_04379,9.95527285386922,0,0.9580390639763221,1,0
SESS_REAL_05454,16.110025068714428,0,0.9290332071251048,1,0
SESS_REAL_08251,47.579758969447276,2,0.8800800956588782,1,0
SESS_REAL_00228,28.21266253498227,1,0.978252465660931,1,0
SESS_REAL_07210,8.812663110002681,0,0.9980767157204493,1,0
SESS_REAL_03746,14.570726975967975,3,0.952799298141829,1,0
SESS_REAL_00476,2.419936511453459,2,0.9565871406842322,1,0
SESS_REAL_02148,9.679662649018372,4,0.9278475588559136,1,0
SESS_REAL_05662,21.6102004303779,1,0.9603594858372614,0,0
SESS_REAL_06169,3.3403511547836535,0,0.9722205201177079,1,0
SESS_REAL_05904,2.752946415768845,0,0.9866089934901525,1,0
SESS_REAL_03814,4.998002117719376,0,0.9476446488571473,1,0
SESS_FAKE_00979,64.20441687382241,14,0.006002621608929337,0,1
SESS_REAL_04001,21.14370306116878,1,0.926819461298779,1,0
SESS_REAL_02876,9.758867399368434,1,0.9392239973670002,1,0
SESS_REAL_07354,3.7134298436653594,0,0.9153672814928028,1,0
SESS_REAL_05413,2.1364728526461785,1,0.9612292719856956,1,0
SESS_REAL_07563,16.802029676905764,0,0.9527328202974118,1,0
SESS_REAL_05547,2.1067941217435138,1,0.926733996671738,1,0
SESS_REAL_03584,7.766781144738016,0,0.9188170711129798,1,0
SESS_REAL_00641,6.164697135073629,0,0.9571357380208402,1,0
SESS_FAKE_00197,72.87264385782873,8,0.29403911879542394,0,1
SESS_FAKE_01458,20.866620011770266,6,0.2061395700878692,0,1
SESS_REAL_03453,7.104051853756174,0,0.9176923064394696,1,0
SESS_REAL_06087,4.267883237652108,1,0.9269911517965387,1,0
SESS_FAKE_01039,41.1532943166974,10,0.6780459774262855,0,1
SESS_FAKE_00832,30.00795185813824,10,0.11479206625031865,0,1
SESS_REAL_06981,10.730170461931955,1,0.9057473233559211,1,0
SESS_REAL_05532,15.617980559097024,1,0.9684848369154438,1,0
SESS_FAKE_01340,21.273741960774565,14,0.3280537231355489,0,1
SESS_FAKE_00805,49.49342172751923,8,0.5165184435798571,0,1
SESS_REAL_06381,10.561607406064356,0,0.94968913273877,1,0
SESS_REAL_00221,11.580531667047088,1,0.9186284817811301,1,0
SESS_FAKE_00685,31.21004929001733,8,0.0,0,1
SESS_REAL_04699,50.212043942511876,1,0.8982696895881054,1,0
SESS_REAL_04742,1.934868034937904,0,1.0,1,0
SESS_REAL_05280,54.698905412907784,0,0.9513904609591396,1,0
SESS_REAL_04019,4.6362798291750735,1,0.9668987568731359,1,0
SESS_REAL_05300,19.862060063082396,0,0.9243057173261728,1,0
SESS_FAKE_01281,167.15252003242625,7,0.43722622743516315,0,1
SESS_REAL_06495,3.1798980901701923,1,0.9527495023280342,1,0
SESS_REAL_06685,1.6950727571531825,0,0.9709792962054907,1,0
SESS_FAKE_00759,39.164411629135344,12,0.3403686428309446,0,1
SESS_REAL_06175,10.484112122913833,0,0.9535695926418502,1,0
SESS_REAL_00001,37.62145717101025,0,0.9951888774466147,1,0
SESS_REAL_00635,8.61771895300261,1,0.9382692104670333,1,0
SESS_REAL_07270,6.140523972754142,2,0.9875198452335844,1,0
SESS_REAL_03793,17.612690237988726,3,0.9646952229421367,1,0
SESS_REAL_05120,6.093404453867987,2,0.949331146362388,1,0
SESS_FAKE_00909,14.510749341046356,11,0.38962624553621966,0,1
SESS_REAL_00872,13.893879181133485,5,0.8967110311530266,1,0
SESS_REAL_07787,32.45880263569991,4,0.9127636503217414,1,0
SESS_FAKE_00974,109.19438064660132,13,0.17028273561914214,0,1
SESS_REAL_03575,7.072405970409345,0,0.9883008259801894,1,0
SESS_REAL_05631,11.979782907859445,1,0.9452899199462924,1,0
SESS_REAL_04073,12.590366473636294,0,0.9637240605826402,1,0
SESS_REAL_05092,23.061078999381742,1,0.9331310244531535,1,0
SESS_REAL_02960,4.106543182788399,4,0.9101836917678048,1,0
SESS_FAKE_00289,20.995802239215863,2,0.3123536553244594,0,1
SESS_REAL_06665,18.46592179377903,0,0.9610370293798179,1,0
SESS_REAL_07678,2.416915389024978,0,0.9802962762137238,1,0
SESS_REAL_01264,1.640263032611171,3,0.8834529340906274,1,0
SESS_REAL_06595,5.314650750554414,1,0.8866567910863326,1,0
SESS_REAL_01355,26.3028760952132,1,0.9851816353946933,1,0
SESS_REAL_03526,44.877201995990916,2,0.941076657360673,1,0
SESS_REAL_01923,6.771235340756995,2,0.983453729464849,1,0
SESS_REAL_01272,19.66140766437085,0,0.9126270150765913,1,0
SESS_REAL_06868,11.85505004871971,1,0.9615640888733545,1,0
SESS_REAL_01313,21.898771315986224,0,0.9527759417522322,1,0
SESS_REAL_07100,1.6104937472878187,0,0.9702874453170384,1,0
SESS_REAL_03188,22.66195501172505,1,0.9381575113899407,1,0
SESS_REAL_01352,8.428188972415914,1,0.9759192283523558,1,0
SESS_REAL_02210,18.327226699346035,1,0.9438080282767837,1,0
SESS_REAL_03155,14.074653372638444,1,0.8970250551147622,1,0
SESS_REAL_01304,16.31568004873487,2,0.9545205757365158,1,0
SESS_REAL_07061,10.31339371245214,2,0.9795629541760785,0,0
SESS_REAL_01151,23.26904220745119,3,0.9196755898664805,1,0
SESS_REAL_03267,11.370279851191833,3,0.9410586747741053,1,0
SESS_REAL_00844,3.431362851722161,3,0.9953736717754164,1,0
SESS_REAL_03559,8.8849940580719,1,0.9525386014518065,1,0
SESS_REAL_05305,10.702621958700197,1,0.9891524477641525,1,0
SESS_REAL_04333,13.892431052685566,2,0.9541685171916527,1,0
SESS_REAL_02907,4.576144142197354,1,0.9925519060554459,1,0
SESS_REAL_02694,41.22506665211566,1,0.9512540435025654,1,0
SESS_REAL_06356,10.83277176092866,1,0.979286812579897,1,0
SESS_REAL_02389,15.492612848089045,1,0.9532686115181241,1,0
SESS_REAL_04746,4.02680554155491,0,0.9355795877007045,1,0
SESS_REAL_08424,3.1758453639517965,1,0.958395239147213,1,0
SESS_REAL_01539,10.4374139967852,1,0.9356927021720803,1,0
SESS_REAL_04834,11.003559110473821,0,0.9224387757155561,1,0
SESS_REAL_08356,5.474251168913339,1,0.9537048779300021,1,0
SESS_REAL_04196,1.8123046359600277,3,0.8959680168584604,1,0
SESS_REAL_04468,37.275588722626004,1,0.9724118675027204,1,0
SESS_REAL_06049,34.517075643818885,1,0.9736148455405451,1,0
SESS_REAL_01659,8.613163226911563,0,0.9032531045429638,1,0
SESS_REAL_07989,23.388054922359082,2,0.9815035359746411,1,0
SESS_REAL_02403,5.9739567063394,2,0.9435137924665001,1,0
SESS_FAKE_00633,61.91367959363798,11,0.263602018296372,0,1
SESS_REAL_02978,16.096584967922855,1,0.8917574579934007,1,0
SESS_REAL_07229,8.10640443685071,3,0.9058989923956722,1,0
SESS_REAL_07206,4.996520429613273,1,0.9724260491553642,1,0
SESS_FAKE_00695,66.27268968043339,12,0.3112680033159731,0,1
SESS_FAKE_00906,15.335135757840574,7,0.2750907282443312,0,1
SESS_REAL_00998,37.50588783747315,2,0.96584864997424,1,0
SESS_FAKE_01283,114.70023963040572,7,0.2930134463890436,0,1
SESS_REAL_05089,3.023238596759744,3,0.9888028062488885,1,0
SESS_REAL_02205,31.523640373966533,2,0.955337187785186,1,0
SESS_FAKE_00365,25.901188199907427,4,0.505875573548128,0,1
SESS_REAL_06243,17.68842321214404,0,0.9161023920501612,1,0
SESS_REAL_00913,7.819632471357734,1,0.9646598461178143,1,0
SESS_REAL_08088,2.141389572173365,1,0.9816986959256143,1,0
SESS_FAKE_01139,116.87185662613831,7,0.013759025388369872,0,1
SESS_REAL_07234,6.4599236747127025,1,0.925727671309598,1,0
SESS_REAL_00140,40.88411837449678,2,0.9334086497684919,1,0
SESS_REAL_02995,25.55608452725106,0,0.9538631395505933,1,0
SESS_REAL_02891,15.695073325996187,2,0.9322765826787731,1,0
SESS_REAL_03669,8.653089978292533,1,0.8940194697936652,1,0
SESS_REAL_06821,10.315723484419223,3,0.9768272261395978,1,0
SESS_REAL_02437,6.493225651565755,1,0.9563019083887228,1,0
SESS_REAL_04620,24.858322809553336,3,0.9229350091548572,1,0
SESS_REAL_03151,4.926350438356058,1,0.9162581708174017,1,0
SESS_REAL_08134,15.228109752596321,2,1.0,1,0
SESS_REAL_04684,19.426837985775265,0,0.957880503738405,1,0
SESS_REAL_03138,10.343910494360582,2,0.9864815517568531,1,0
SESS_REAL_00428,6.6862994336146215,1,1.0,1,0
SESS_REAL_03688,2.321468617227362,1,0.9227786334450051,1,0
SESS_REAL_02128,27.13750348905667,0,0.939707722077758,1,0
SESS_FAKE_01209,38.91906842652064,7,0.4136196896891551,0,1
SESS_REAL_04104,5.710564540667314,0,0.8922209616227845,1,0
SESS_REAL_04312,3.0934087458267165,1,0.9580939722367395,1,0
SESS_REAL_04410,2.4583674883574953,1,0.9110554947308769,1,0
SESS_FAKE_01019,119.63551394495524,13,0.470015358326108,0,1
SESS_REAL_05109,42.173940650635096,2,1.0,1,0
SESS_REAL_04287,11.824075577026605,1,0.9634934785383306,1,0
SESS_FAKE_00358,66.84665050065875,6,0.3192795868533829,0,1
SESS_FAKE_00173,69.85268116192898,10,0.4222557026622703,0,1
SESS_FAKE_00487,34.752688767418064,10,0.29381037670536014,0,1
SESS_REAL_01329,9.774541304681206,0,0.9650400988154259,1,0
SESS_REAL_05931,6.322125858702229,0,0.8978386483840841,1,0
SESS_REAL_04417,1.7915743377702609,0,0.8994215239679224,1,0
SESS_FAKE_00375,38.506164418755134,6,0.255686542211333,0,1
SESS_REAL_03123,8.870712664105625,1,0.9241097858599102,1,0
SESS_REAL_07394,5.41237198148836,1,0.9254300427957943,1,0
SESS_REAL_04309,19.860289694262597,4,0.9735094738961161,1,0
SESS_REAL_03095,14.893759373555671,0,0.9166346780481113,1,0
SESS_FAKE_00842,211.23675810266184,10,0.21024782214632087,0,1
SESS_REAL_03126,14.908832811637764,0,0.9681947787847621,1,0
SESS_REAL_06710,2.744966498367084,1,0.9432099675082797,1,0
SESS_REAL_00859,2.3156032821498775,0,0.9916427009713783,1,0
SESS_REAL_02940,5.199943233713256,0,0.9517047218644792,1,0
SESS_REAL_02853,31.54747178147624,3,0.8843951188618558,1,0
SESS_REAL_06521,4.35601280344355,0,0.962913281114272,1,0
SESS_REAL_07970,50.15162127879871,1,0.9033613662867237,1,0
SESS_REAL_02768,9.832260624630187,0,0.9577344411576496,1,0
SESS_REAL_01992,12.806232155002164,1,0.8975981190045172,1,0
SESS_REAL_01716,2.2142049770930843,4,0.9383971163380505,1,0
SESS_REAL_06209,2.130994302903789,0,0.9660253656486064,1,0
SESS_REAL_07286,10.946374357544173,1,0.9415377587077006,1,0
SESS_FAKE_00595,27.402870709178373,7,0.14523590674920533,0,1
SESS_REAL_05572,22.200833456378543,1,0.9546032285927599,1,0
SESS_REAL_04941,8.323455550597552,0,0.947666611069713,1,0
SESS_REAL_01323,4.469449898166648,2,0.9463940496923768,1,0
SESS_REAL_06187,5.732436062129665,0,0.9834306733457138,1,0
SESS_REAL_04125,15.037521499411195,2,0.9451468584608349,1,0
SESS_REAL_03266,9.21526817481029,1,0.9194989714174414,1,0
SESS_REAL_02648,8.303020500870588,1,0.9429366662637947,1,0
SESS_REAL_02934,16.326421480281933,2,0.8876123564212269,1,0
SESS_FAKE_01192,107.63030138820892,6,0.5493527452893827,0,1
SESS_FAKE_01374,63.89754369695192,15,0.17503346072867623,0,1
SESS_REAL_05574,14.00708293479234,1,0.9249998278237324,1,0
SESS_REAL_01585,3.260299351383928,1,0.9035827520764034,1,0
SESS_REAL_02234,14.724386154160944,4,0.9379254895152835,1,0
SESS_FAKE_01284,35.550523669705015,8,0.33264585961785154,0,1
SESS_REAL_02820,32.77579412462882,2,0.9869390161487205,1,0
SESS_REAL_08482,33.03836671025013,2,0.925473826154724,1,0
SESS_REAL_05672,13.77473337293116,1,0.9802798131510112,1,0
SESS_REAL_01987,9.733132975162201,2,0.9200248447146201,1,0
SESS_REAL_03468,23.295115691073484,0,0.9487018043311665,1,0
SESS_FAKE_01303,168.0050591955595,5,0.5444654900764339,0,1
SESS_REAL_03431,57.606026529444634,1,0.9255937228188339,1,0
SESS_FAKE_00213,18.8879000242182,13,0.4244483591099597,0,1
SESS_REAL_06532,32.775618202309126,2,0.965777414038634,1,0
SESS_REAL_06382,1.8388315245988334,0,0.953179168347787,1,0
SESS_REAL_04638,18.2234606955183,3,0.9444496736750433,1,0
SESS_REAL_01894,11.21846294817139,2,0.9318834184984083,1,0
SESS_FAKE_01149,31.16260497467716,10,0.42318290025237615,0,1
SESS_REAL_07001,3.980932985945607,1,0.914421733904956,1,0
SESS_REAL_08104,20.88375181736986,1,0.928402807859577,1,0
SESS_REAL_02131,1.6522520294752274,0,0.9822972594573277,1,0
SESS_REAL_07290,16.87774345564266,1,0.9448746798860965,1,0
SESS_REAL_06820,9.398579266558869,3,0.9350192950353577,1,0
SESS_REAL_04326,1.7677589750909122,5,1.0,1,0
SESS_REAL_08063,3.7324638539807538,0,0.9352698807462702,1,0
SESS_REAL_01153,15.178491500746379,0,0.9744152380778167,1,0
SESS_REAL_00533,11.227819111696729,0,0.9965974156006626,1,0
SESS_REAL_07367,11.88516979157681,1,0.927497753702314,1,0
SESS_FAKE_00079,34.73228046451645,4,0.07823037281175194,0,1
SESS_REAL_08020,9.76673515985734,0,0.9431681297739757,0,0
SESS_REAL_04350,19.91226991474434,1,0.952821061961453,1,0
SESS_REAL_07881,8.832844735587178,3,0.9294746940860206,1,0
SESS_REAL_03409,1.9942500714833153,2,0.9709437081621907,1,0
SESS_REAL_06023,2.754166022577138,0,0.9759247133685216,1,0
SESS_REAL_06152,2.1195993789786796,1,0.9147890107166752,1,0
SESS_REAL_00802,11.804425798230723,0,0.9197847579287705,1,0
SESS_REAL_01451,13.043218266611298,0,0.9241036172161675,1,0
SESS_REAL_01758,2.89484945034231,1,0.9648339946505712,1,0
SESS_REAL_04614,4.928844717429226,0,0.9745161955249264,1,0
SESS_REAL_05129,24.430442310641446,1,0.9266765672801365,1,0
SESS_REAL_00571,19.87046085263642,0,0.9120605818314046,1,0
SESS_REAL_06862,39.47454335143934,1,0.9135549885818784,1,0
SESS_FAKE_01118,103.5670651936575,8,0.1819420965015197,1,1
SESS_REAL_02371,23.918842793968416,2,0.9545501955740421,1,0
SESS_REAL_05806,6.5267177907797915,0,0.9543447156439814,1,0
SESS_REAL_00437,22.202230245702978,0,0.9124871436487821,1,0
SESS_REAL_01006,15.642646033698387,1,0.898782765943839,1,0
SESS_REAL_00083,2.2880167896573944,1,0.9927773099696408,1,0
SESS_REAL_08347,1.9005161228705312,1,0.9431498363991997,1,0
SESS_REAL_03374,21.744884583475613,2,0.9734555107274899,1,0
SESS_REAL_06128,3.468089163012774,1,0.9484863953234804,1,0
SESS_REAL_04280,3.63031262108567,2,0.891982555649677,1,0
SESS_REAL_08342,3.878452802502132,1,0.9895628292451741,1,0
SESS_REAL_03022,15.37911344438191,0,1.0,1,0
SESS_REAL_06407,6.032815521963148,0,0.9341990200119619,1,0
SESS_REAL_04275,11.95972817700196,2,0.9249355881907381,1,0
SESS_REAL_02414,9.949408433648424,1,0.9418714797986917,1,0
SESS_REAL_01305,26.07244262945713,1,0.9290745028809163,1,0
SESS_REAL_04569,25.017459723699012,1,0.9357372293262749,1,0
SESS_FAKE_00686,64.989065483851,7,0.098295603194309,0,1
SESS_REAL_06919,7.871249177932355,1,0.9896297656564795,1,0
SESS_FAKE_00335,79.36803947144267,4,0.40934947683285544,0,1
SESS_REAL_07107,4.86839932627968,1,0.9483102831052,1,0
SESS_FAKE_00934,122.39607577799588,6,0.35471929027625293,0,1
SESS_FAKE_01316,35.99438355570493,7,0.24029787623710763,0,1
SESS_REAL_03530,5.414887593386251,1,0.91904905040695,1,0
SESS_REAL_01818,13.259190065856457,1,0.96556642027116,1,0
SESS_REAL_00569,6.637231373101341,1,0.9348631840329167,1,0
SESS_REAL_07569,1.9611157777295032,1,0.9041851689986575,1,0
SESS_REAL_03093,23.476107282173302,0,0.9627622588825575,0,0
SESS_REAL_04451,11.863234173369843,1,0.9573382751543142,1,0
SESS_REAL_02774,10.991161531269642,2,0.936760429867997,1,0
SESS_FAKE_00890,32.62801979750261,7,0.21351621640237783,0,1
SESS_REAL_03616,11.264401180667495,0,0.9584917863952673,1,0
SESS_REAL_07401,15.57803799182038,1,1.0,1,0
SESS_REAL_08442,14.236598455014914,1,0.9323891478112224,1,0
SESS_REAL_04490,5.132126191370855,4,0.9730015484786083,1,0
SESS_REAL_07711,6.9827192292533935,3,0.9819140105263615,1,0
SESS_REAL_07576,11.932795003577583,0,0.9216378008241448,1,0
SESS_REAL_07288,37.07665483032653,3,0.9105164013884013,1,0
SESS_REAL_01531,12.809577131454148,1,0.9783080015838379,1,0
SESS_REAL_04716,12.377573491547196,2,0.9830873210510392,1,0
SESS_REAL_06277,6.941372661336931,1,0.8696557284244055,0,0
SESS_REAL_04597,4.671097859017417,0,0.9544191564190533,1,0
SESS_REAL_07130,5.486587363994332,0,0.8794268766311156,1,0
SESS_REAL_05367,7.062986769284214,2,0.9256717758396588,1,0
SESS_FAKE_01080,177.88102457512323,10,0.24583324600695483,0,1
SESS_REAL_01173,5.110076364121404,2,0.9535385051267762,1,0
SESS_REAL_05428,15.22138711811148,1,0.9449393401768832,1,0
SESS_FAKE_00924,92.73525165765896,4,0.08588794856481358,0,1
SESS_REAL_08300,20.129615992658735,0,1.0,1,0
SESS_REAL_01068,6.755031979129398,1,0.926662828274763,1,0
SESS_REAL_00735,26.666432007531988,0,0.8836790141782833,1,0
SESS_REAL_01827,42.98893835704265,1,0.917038274696556,1,0
SESS_REAL_03630,18.14829578783757,0,0.9178909275285606,1,0
SESS_REAL_04661,12.62558087302654,4,0.9263856021341028,1,0
SESS_FAKE_00318,20.63720156266583,5,0.2999331865181286,0,1
SESS_REAL_02321,16.522531394033106,1,1.0,1,0
SESS_REAL_06843,2.5713329122139195,0,0.9392435150108476,1,0
SESS_REAL_06980,4.089975768726873,2,0.9522179705052771,1,0
SESS_REAL_05041,12.249535696608824,4,0.9782119870683839,1,0
SESS_REAL_08085,14.471416135639991,2,0.9099093070691141,1,0
SESS_REAL_01377,10.178758429213417,1,0.9416765447194707,1,0
SESS_REAL_03496,25.35301469584945,1,0.9141422960184906,1,0
SESS_REAL_06299,5.9790938935753175,2,0.9825128993078291,1,0
SESS_REAL_08064,41.95494826372474,2,0.9456962841524089,1,0
SESS_REAL_01555,4.359769130161869,0,0.9454823498177409,1,0
SESS_REAL_05746,14.961106033930427,3,0.9789372948400996,1,0
SESS_REAL_05937,4.36032345220962,2,0.8835163805914433,1,0
SESS_REAL_01951,4.490954663767356,1,0.9989345754508401,1,0
SESS_REAL_07068,3.5187899202734996,2,0.9746336677882551,1,0
SESS_REAL_01553,27.3713583618484,0,0.9316748599316544,1,0
SESS_REAL_00727,20.532601332382416,2,0.9576536926437035,1,0
SESS_REAL_06034,13.733238734133701,3,0.9487757936040819,1,0
SESS_REAL_04380,2.2685938258638845,0,0.9447409455070416,1,0
SESS_REAL_07515,22.116072091475225,3,0.9708944890375034,1,0
SESS_REAL_06349,16.343617951014153,0,0.9873408358107155,1,0
SESS_REAL_08006,18.45356163352935,1,0.9463933269939566,1,0
SESS_REAL_01127,7.800173998923178,1,0.9349773674392788,1,0
SESS_REAL_01297,2.825385807420908,2,0.9515743417151135,1,0
SESS_REAL_04750,6.508833044962005,0,0.9367757140595426,1,0
SESS_REAL_03463,12.474570509527691,5,0.9399694452105815,1,0
SESS_REAL_07753,8.148065087679083,1,0.950920590586428,1,0
SESS_FAKE_00268,76.09741168324493,8,0.28469012481461414,0,1
SESS_REAL_05470,15.44761284013209,0,0.9580305108360155,1,0
SESS_REAL_06927,14.068893575897752,1,0.9647877290907201,1,0
SESS_REAL_05792,41.883698520364945,1,0.968026533465242,1,0
SESS_REAL_04639,21.552328452836093,2,0.8790645389043248,1,0
SESS_REAL_03693,4.705546526928372,1,0.9922996253484841,1,0
SESS_REAL_05188,34.90256771054254,1,0.9289727544985166,1,0
SESS_REAL_01053,20.740470276277502,1,0.9505848206983056,1,0
SESS_REAL_07400,2.3142178266824596,0,0.9335657583942372,1,0
SESS_REAL_07370,14.957178297306744,0,0.8908366476428085,1,0
SESS_REAL_02998,5.61065328633265,1,0.9864079268690674,1,0
SESS_REAL_03544,25.499486184440908,0,0.8653920048971229,1,0
SESS_REAL_06737,1.5460517381821706,1,0.9105516285607131,1,0
SESS_REAL_00130,7.983279851024056,1,0.9794634593649518,1,0
SESS_REAL_00408,29.794887563549445,1,0.9326192751996439,1,0
SESS_REAL_07851,15.867560529278245,1,0.911009643430089,1,0
SESS_REAL_03636,31.920207356471124,0,0.9379198232017338,1,0
SESS_REAL_06364,8.793889319634166,2,0.9784319033820231,1,0
SESS_REAL_04305,2.503015512966506,1,0.9567796238031291,1,0
SESS_FAKE_00613,83.53034960028634,9,0.008021675558702812,0,1
SESS_FAKE_00023,95.44246527338983,6,0.28138547596653485,0,1
SESS_REAL_05821,8.584631470578413,1,0.9891008270878897,1,0
SESS_REAL_06501,2.5014063252744876,0,0.9643551342245258,1,0
SESS_REAL_06619,17.012256753905117,3,0.9254377302241548,1,0
SESS_REAL_06940,21.55370097411866,2,0.9357657148776857,1,0
SESS_FAKE_00857,153.27348254429302,9,0.5123892516250055,0,1
SESS_REAL_02110,3.319807084566066,1,0.9338326350016817,1,0
SESS_FAKE_00611,73.53731530531672,12,0.48293162870642303,0,1
SESS_REAL_08140,3.0376959788503344,1,0.9585622067225965,1,0
SESS_REAL_01166,22.915083564146684,2,0.9724098811506604,1,0
SESS_REAL_00525,9.088986853677282,0,0.8834706043784072,1,0
SESS_REAL_00530,21.613409270999075,1,0.9415093518338321,1,0
SESS_REAL_01294,20.84850862932911,0,0.9738328006775254,1,0
SESS_REAL_03394,29.246886165734153,1,0.9055391695456696,1,0
SESS_REAL_07320,4.888350798642531,0,0.9001302025121394,1,0
SESS_REAL_08286,8.48516027649308,3,0.9493975691336296,1,0
SESS_FAKE_00920,59.93806547994875,11,0.393762650161467,0,1
SESS_REAL_02674,28.010776743275898,1,0.929059054860771,0,0
SESS_REAL_00829,8.722533281908072,1,0.9322505780445274,1,0
SESS_REAL_00143,5.7951655209485615,2,1.0,1,0
SESS_REAL_02780,2.115254634433522,3,0.9349584173276813,1,0
SESS_REAL_03344,9.207651669800276,0,0.9545909525834345,1,0
SESS_REAL_07131,8.913554446801795,1,0.9571568801878833,1,0
SESS_REAL_05467,24.950460345571717,2,0.9781840846185169,1,0
SESS_REAL_02882,4.284331918957237,0,0.9398942495213157,1,0
SESS_REAL_05743,58.88910902349079,2,0.9759037842891577,0,0
SESS_FAKE_00311,12.344341070260018,8,0.17565818936946453,0,1
SESS_FAKE_01377,52.78811581978558,8,0.2956577335821954,0,1
SESS_FAKE_01499,39.98848916551067,8,0.0261500599932617,0,1
SESS_FAKE_00646,101.61018245249176,8,0.3819039220747399,0,1
SESS_REAL_03820,6.684526547757799,3,0.9347415531773402,1,0
SESS_REAL_08248,30.830608130037525,1,0.8876907943281686,1,0
SESS_REAL_00369,2.3626098636378843,0,0.9803571675124931,1,0
SESS_REAL_03477,10.712769843315158,0,0.928903793596154,1,0
SESS_REAL_08268,12.845386321778077,2,0.9572996207425768,1,0
SESS_REAL_06214,19.285212374780972,1,0.9549201048091867,1,0
SESS_REAL_01001,10.868038153820837,0,0.9485336829944121,1,0
SESS_REAL_03599,14.504705145293798,0,0.8968473566290431,1,0
SESS_REAL_01745,9.378176652457928,1,0.9823783307823958,1,0
SESS_REAL_00553,11.377374971761766,1,0.9340712105853721,1,0
SESS_REAL_00257,15.789907173095246,0,0.9623666208069633,1,0
SESS_FAKE_01490,127.5586817081269,5,0.0575235321346968,0,1
SESS_REAL_05846,4.351577187153787,0,0.9374456439517174,1,0
SESS_REAL_03473,15.933265090536013,1,0.940825416100211,1,0
SESS_FAKE_00217,80.45232698138068,14,0.12158615329410619,0,1
SESS_REAL_03419,1.6738303364644722,2,0.9699173098270056,1,0
SESS_REAL_04233,30.575247774822827,2,0.9221371099864746,1,0
SESS_REAL_01955,33.957067252851786,1,0.9558953577800364,1,0
SESS_REAL_02290,12.823328701678992,1,0.8890452933103358,1,0
SESS_FAKE_00741,74.1464862082669,8,0.16586105651502273,0,1
SESS_REAL_01019,1.9144262825305418,4,0.9467768073548911,1,0
SESS_FAKE_00004,120.65992838919227,6,0.2978476964098228,0,1
SESS_REAL_05045,12.569793471566294,0,0.9336329554911845,1,0
SESS_FAKE_00525,14.422409663733868,11,0.4878031108816616,0,1
SESS_REAL_03554,3.36692336173629,2,0.981148952353088,1,0
SESS_REAL_05123,9.477849417887645,0,0.926559535952877,1,0
SESS_REAL_00938,3.003372526154436,2,0.9456580280324439,1,0
SESS_REAL_03283,27.201919978016377,0,0.9894284552908856,1,0
SESS_REAL_05540,2.8541524703281915,3,0.9359248622900201,1,0
SESS_REAL_06286,25.774298705783785,1,0.9906973660577683,1,0
SESS_REAL_02114,14.24594866241644,1,0.960158754729098,1,0
SESS_REAL_05200,5.8573259965270275,1,0.9360872691560144,1,0
SESS_REAL_06937,18.944813494401195,3,0.9496747898082427,1,0
SESS_REAL_07714,2.401550695039736,4,0.9675895912674473,1,0
SESS_REAL_02862,37.55949735042911,2,0.9689752092818541,1,0
SESS_REAL_03467,14.72279352373458,2,0.9503901429194992,1,0
SESS_REAL_02456,8.544788081314834,0,0.9399760028346991,1,0
SESS_REAL_07165,2.1403801908184974,1,0.960606975931255,1,0
SESS_REAL_05786,5.270448431197382,0,0.9406202380995622,1,0
SESS_FAKE_00706,25.27726676464546,12,0.3077859460391481,0,1
SESS_REAL_03395,68.24012683378047,0,0.9077465257819386,1,0
SESS_REAL_03017,7.72079854528595,0,0.947437947467952,1,0
SESS_REAL_00168,1.9995571175321425,0,0.9795755533700451,1,0
SESS_REAL_05537,26.659302604367,1,0.9541072997226018,1,0
SESS_REAL_06311,10.414472341949832,3,0.9476505894971169,1,0
SESS_REAL_05844,26.313406453239203,1,0.9403915714848172,1,0
SESS_REAL_05415,7.358748429674998,0,0.8884840632330109,1,0
SESS_REAL_05854,7.76615298927681,0,0.9726494583233224,1,0
SESS_REAL_04715,6.1430394193389395,1,0.9069778200999429,1,0
SESS_REAL_01112,4.540413047635717,1,0.8646087705101956,1,0
SESS_REAL_07281,2.1607823840364215,1,0.9430006744435334,1,0
SESS_FAKE_00504,17.456578303740255,10,0.32991653246627956,0,1
SESS_REAL_00178,34.62412581365169,0,0.9655850844258027,1,0
SESS_REAL_06245,12.698685543998003,0,0.901962910351491,1,0
SESS_REAL_05595,9.298003368216062,1,0.9074157284419159,1,0
SESS_FAKE_00185,86.74743636885577,11,0.2311182016480443,0,1
SESS_FAKE_00412,120.4194643613137,9,0.3542630220660297,0,1
SESS_REAL_05969,22.452362665785383,1,0.9619285050215958,1,0
SESS_REAL_04385,11.293915632766977,1,0.9450815053355214,1,0
SESS_REAL_07817,35.36887286776306,1,0.9395658450608049,1,0
SESS_REAL_04295,5.717277800789277,1,0.9447396075516742,1,0
SESS_REAL_06627,15.666139305534408,2,0.9749951411126272,1,0
SESS_FAKE_00224,37.8165622495895,5,0.21138624296362743,0,1
SESS_REAL_05853,25.422656381816974,2,0.9231968581296185,1,0
SESS_REAL_03088,11.993901013088054,1,0.9401286711427284,1,0
SESS_REAL_01497,8.972131380203368,0,0.9142322777301862,1,0
SESS_REAL_00385,21.02394967192774,2,0.8963903297056762,1,0
SESS_REAL_07305,30.902931816645566,1,0.9754982865844608,1,0
SESS_FAKE_01366,38.01802635291598,9,0.3897743603592921,0,1
SESS_REAL_07462,30.91504309720296,2,0.8896197405803278,1,0
SESS_REAL_06803,8.991297393315882,1,0.9499693429339191,1,0
SESS_REAL_02030,4.149220981611355,0,0.9470946301714465,1,0
SESS_REAL_06103,29.86225524248344,2,0.9563639521187934,1,0
SESS_REAL_00593,6.589671789537663,3,0.9769489061361813,1,0
SESS_REAL_05983,2.047352579794615,2,0.910964476024143,1,0
SESS_FAKE_01318,111.28684396388996,10,0.348469780711669,0,1
SESS_REAL_02135,28.015483268825136,0,0.9365833661160845,1,0
SESS_REAL_03892,15.077521607785027,1,0.9025557371587345,1,0
SESS_REAL_02472,30.322848208783718,2,0.9583729201166462,1,0
SESS_REAL_00243,7.0474487579684,1,0.9807621971225385,1,0
SESS_REAL_01268,12.49610524190296,1,0.963788781116476,1,0
SESS_REAL_03935,10.988023141737274,2,0.9199117159072975,1,0
SESS_FAKE_01199,117.38724489385139,7,0.4244491740103454,0,1
SESS_REAL_00691,8.149734600837967,1,0.9065761322891852,1,0
SESS_REAL_05126,10.986661468751612,0,0.9341679328739644,1,0
SESS_REAL_01636,7.6162335949744175,0,0.9798468000466514,1,0
SESS_REAL_00319,4.956071869519003,3,0.9301950774015931,1,0
SESS_REAL_04950,7.531379839014493,3,0.9563800986851045,1,0
SESS_REAL_06626,21.292589243689076,0,0.9730211648367942,1,0
SESS_FAKE_01357,21.100028522365918,8,0.2736464335666485,0,1
SESS_FAKE_00316,97.44020327171047,8,0.5635965573548388,0,1
SESS_REAL_00529,25.505113680039724,1,0.9426829115419747,1,0
SESS_REAL_03587,18.74837218256407,1,0.9159854241873814,1,0
SESS_REAL_04553,27.576726480369015,1,0.9742863727850234,1,0
SESS_REAL_06918,12.9649900227899,4,0.992805314588471,1,0
SESS_REAL_04190,18.30336180670815,2,0.958109637375301,1,0
SESS_REAL_00861,8.746015803523461,1,0.9659118291777425,1,0
SESS_REAL_03371,12.355407565549756,1,0.9683886825249882,1,0
SESS_REAL_07604,6.131147267972334,1,1.0,1,0
SESS_REAL_03051,9.417470302420561,1,0.8451486433253418,1,0
SESS_REAL_04792,2.245402363346146,1,0.9560397790286483,1,0
SESS_REAL_03723,3.9656045443740844,3,0.947703921821948,1,0
SESS_REAL_03228,2.8358118169316007,4,0.9579484580359061,1,0
SESS_REAL_00381,15.817864901278961,2,0.9869508290130201,1,0
SESS_REAL_02351,30.84181031447775,0,0.8822217148569339,1,0
SESS_REAL_05159,4.57093855084001,0,0.9097874245518752,1,0
SESS_FAKE_00170,25.23636022284729,8,0.31898450727273026,0,1
SESS_REAL_07729,10.880765629615718,1,0.9390993771467612,1,0
SESS_REAL_02892,19.194836796711144,2,0.9735286437718311,1,0
SESS_REAL_03888,13.425212076450377,2,0.9030877673698585,1,0
SESS_REAL_07971,13.661801456233453,1,0.9500507396385696,1,0
SESS_REAL_07538,7.723345150712718,2,0.9255524497059505,1,0
SESS_FAKE_00193,27.30964017667891,9,0.19204098584408502,0,1
SESS_FAKE_00508,85.63867390203889,8,0.24178385499033472,0,1
SESS_REAL_02636,42.093515292486494,1,0.9544311746228902,1,0
SESS_REAL_05152,30.239891631111625,0,0.9474747402397663,1,0
SESS_FAKE_00030,25.28188734732103,8,0.0,0,1
SESS_REAL_04514,11.096278886279045,1,1.0,0,0
SESS_REAL_00705,56.71441573674389,2,0.9460074671623794,0,0
SESS_REAL_05057,5.388072578105719,0,0.9854670565706498,1,0
SESS_REAL_07052,33.388937923172286,1,0.9979676634257623,1,0
SESS_REAL_01201,1.7987306673901358,3,0.9194171979867322,1,0
SESS_REAL_06241,2.6958445425039788,0,0.9563857494567831,1,0
SESS_REAL_05336,6.393422792669178,3,0.923259209577438,1,0
SESS_FAKE_00964,27.979537504451738,5,0.17368032875703393,0,1
SESS_REAL_03703,24.115124014898342,0,0.8894813306816306,1,0
SESS_REAL_07005,7.174858057487814,1,0.9121228482766314,1,0
SESS_REAL_07640,8.67457288314655,2,0.9210402659075795,1,0
SESS_REAL_02492,18.715644350603466,2,0.9500520480762161,1,0
SESS_FAKE_00237,57.470743570277406,13,0.272682565373343,0,1
SESS_REAL_04436,6.668247729258954,2,0.9664693539261111,1,0
SESS_REAL_02921,16.463454431909078,0,0.9392494720293334,1,0
SESS_FAKE_00778,67.39180526064217,8,0.47086313011933123,0,1
SESS_REAL_03887,13.607925534408189,0,1.0,1,0
SESS_REAL_07241,29.82030003728456,1,0.9178479582089897,1,0
SESS_REAL_08351,2.1063481362026626,2,0.9417570412298542,1,0
SESS_FAKE_00465,22.093130336101865,7,0.533315999446841,0,1
SESS_REAL_07821,7.2586478842474955,1,1.0,1,0
SESS_REAL_07364,9.350232004643981,0,0.9711147846061919,1,0
SESS_REAL_02803,40.16726033337838,1,0.9765191552803557,1,0
SESS_REAL_05702,11.477718438539025,0,0.9187306930193825,1,0
SESS_REAL_04325,37.57735054687322,0,0.9483653571842658,0,0
SESS_REAL_06517,17.086560412471133,0,0.902548964788253,1,0
SESS_REAL_02014,10.622235372746518,3,0.9507392469991384,1,0
SESS_REAL_03603,5.419454473261696,3,0.9476972296171181,1,0
SESS_REAL_01440,43.543564682750514,4,1.0,1,0
SESS_REAL_01184,2.7978359719832953,2,0.9338667033258635,1,0
SESS_REAL_08322,4.26917692665283,0,0.9885523276699043,1,0
SESS_REAL_00285,1.9392492505302839,3,0.9758425507962877,1,0
SESS_REAL_01895,17.349284190817627,2,0.9525700501506252,1,0
SESS_FAKE_00822,16.387939349685517,11,0.28935375526522883,0,1
SESS_REAL_02265,13.473509516291116,3,0.95863982937281,1,0
SESS_REAL_01027,23.837127279588948,0,0.9971117552101344,1,0
SESS_REAL_06029,2.7798778556488313,0,0.8958310012513236,1,0
SESS_REAL_06112,32.312055982272454,0,0.965052338501329,1,0
SESS_REAL_08074,22.99664676878986,3,0.9180421548721763,1,0
SESS_FAKE_01278,32.25899433367789,8,0.16551645033836251,0,1
SESS_REAL_03004,11.67646514547043,1,0.9523312538007501,1,0
SESS_REAL_05712,8.737119170631981,0,0.9071961490152747,1,0
SESS_FAKE_00018,102.84998400975907,7,0.43580326692965315,0,1
SESS_REAL_02178,15.715948421155664,0,0.9012070772325027,1,0
SESS_REAL_00426,8.490663299847402,3,0.9667437203925018,1,0
SESS_REAL_07747,17.7407144959709,0,0.9601917626657089,1,0
SESS_REAL_04130,5.308701771891974,1,0.9614517994036366,1,0
SESS_REAL_00077,2.423151186165556,2,0.9391546408264859,1,0
SESS_REAL_01907,7.005265695475241,2,1.0,0,0
SESS_FAKE_01415,42.86545121723958,9,0.2512268957970648,0,1
SESS_REAL_00903,11.9972247449324,2,0.9078276117232883,1,0
SESS_REAL_01126,2.59205876102821,0,0.9708474443273417,1,0
SESS_REAL_01581,7.449391980782462,1,0.9718134129001622,1,0
SESS_REAL_01756,40.0001706022948,1,0.9592007809884023,1,0
SESS_REAL_00601,5.418577423573746,3,0.9874249017070482,1,0
SESS_FAKE_00915,87.88669229947318,9,0.3536066271709269,0,1
SESS_REAL_02038,4.563615301690588,1,0.9562197750258092,1,0
SESS_REAL_07782,26.863858815478363,1,0.9266956541298729,1,0
SESS_REAL_00113,21.310644965814834,1,0.9244632982501062,1,0
SESS_FAKE_00962,20.86996804002586,5,0.4555726935456825,0,1
SESS_FAKE_01261,53.96263645797889,7,0.3841715681656735,0,1
SESS_FAKE_00944,30.001039238332773,5,0.0,0,1
SESS_REAL_06090,8.014670069680196,1,0.9301906878301643,1,0
SESS_REAL_02235,12.293839680916083,0,0.9633529177352643,1,0
SESS_REAL_01980,3.9710341522867436,1,0.9622942639894878,1,0
SESS_REAL_04156,10.826158628162993,3,1.0,1,0
SESS_REAL_07863,13.342438350104354,2,0.9756147072600696,1,0
SESS_REAL_02000,5.140952776276598,1,0.9110384109503187,1,0
SESS_REAL_04626,6.334724288391188,1,0.9345571241624538,1,0
SESS_REAL_02692,1.6196806854978325,1,0.9294215823828575,1,0
SESS_REAL_02695,10.283461459017907,2,0.9377159582426583,1,0
SESS_REAL_01425,41.76965169383891,0,0.9286682493019852,1,0
SESS_REAL_03943,7.492772216600009,1,0.9776752638981446,1,0
SESS_REAL_01685,25.26727852003741,3,0.94634208759254,1,0
SESS_REAL_03065,5.233898360034791,1,0.9669114416728678,1,0
SESS_REAL_04952,7.667491705762276,1,0.931668118563048,1,0
SESS_REAL_02326,22.157733730380794,3,0.9504591972453652,1,0
SESS_REAL_05270,4.068368344920475,1,0.9165503149280896,1,0
SESS_FAKE_00352,81.93202736919716,17,0.49874101679409544,0,1
SESS_REAL_08179,2.6947744186916998,0,0.9588743580622539,1,0
SESS_REAL_05185,35.53081957971361,1,0.8921147093137498,1,0
SESS_REAL_05102,11.652980707207792,1,0.9462989568386929,1,0
SESS_FAKE_00894,55.122082773154084,6,0.4190613076941813,0,1
SESS_REAL_07358,4.1343915250171595,0,0.9909150464060931,1,0
SESS_REAL_08167,15.382728123159836,0,0.9358563736052539,1,0
SESS_REAL_07926,24.53619121427287,0,0.9590283981457748,1,0
SESS_REAL_03435,7.416427140577303,2,0.9318299485472445,1,0
SESS_REAL_05450,5.605287129883248,0,0.9421083098633134,1,0
SESS_REAL_03210,3.597461868879641,0,0.9855426651023317,1,0
SESS_REAL_05012,10.69759249808875,3,0.9793993112107798,1,0
SESS_REAL_06275,14.191767610203467,0,0.9954243342431682,1,0
SESS_REAL_00823,7.593337138256138,2,0.8948905051632456,1,0
SESS_REAL_03240,7.949631282935702,2,0.9572300941298708,0,0
SESS_REAL_00656,5.505146163140447,0,1.0,1,0
SESS_REAL_06793,6.0735968225228625,0,0.9725571267995939,1,0
SESS_REAL_07813,8.277218985923474,0,0.902402073160367,1,0
SESS_REAL_00375,6.109886259538422,1,0.9795178072761866,1,0
SESS_REAL_03305,6.679008706804581,0,0.9105884196562052,1,0
SESS_REAL_04769,6.588063587939658,4,0.9063909830384511,1,0
SESS_REAL_05169,19.087226990379502,1,0.919945904984208,1,0
SESS_FAKE_00870,104.32661364615177,11,0.45668965349702906,0,1
SESS_REAL_05600,5.246045436422644,2,0.940599772719586,1,0
SESS_REAL_04598,7.736890171396103,2,0.9543657763462092,1,0
SESS_REAL_01182,13.516364368140277,2,0.9769341584433597,1,0
SESS_FAKE_00912,100.48632153971892,6,0.47086594901153633,0,1
SESS_REAL_00657,6.913377905695482,1,0.9615933855055413,1,0
SESS_FAKE_00960,63.18433508984771,6,0.26369551863557766,0,1
SESS_FAKE_00527,19.063070830281454,8,0.28549877280516905,0,1
SESS_REAL_06696,14.51155429685199,2,0.9718455113926858,1,0
SESS_REAL_01279,9.791111474508089,0,0.9278111285459423,0,0
SESS_REAL_07399,4.950612518628067,0,0.9368039311277354,1,0
SESS_REAL_07111,31.554217540859234,0,0.9349967567591382,1,0
SESS_REAL_00216,6.223618907017014,2,0.9145698497470716,1,0
SESS_FAKE_00562,18.182525179680937,7,0.20701875128253816,0,1
SESS_REAL_08494,3.9670633717959927,0,0.9706954828297563,1,0
SESS_REAL_02328,13.640456220805454,0,0.9316852302118389,1,0
SESS_REAL_03613,20.677956362607446,1,0.9361833328053615,1,0
SESS_REAL_04026,7.5699010121024335,1,0.998603348150193,1,0
SESS_FAKE_01273,11.801577660733223,10,0.32312601267283186,0,1
SESS_REAL_07553,9.002605574237789,1,0.9683584570173962,1,0
SESS_REAL_00822,6.368566759082024,0,1.0,1,0
SESS_FAKE_00187,65.01711342549143,6,0.13886808110307694,0,1
SESS_REAL_03384,1.9110781827309573,1,0.9576571386811679,1,0
SESS_FAKE_00199,138.854022994993,6,0.43916538347190737,0,1
SESS_REAL_07091,32.30231870615076,1,0.9407195248399525,1,0
SESS_REAL_03822,21.16112021238143,1,0.9701443301429625,1,0
SESS_REAL_03937,3.5954639496952057,0,0.9589949139238323,1,0
SESS_REAL_08318,24.903342181142214,2,0.9348950278742612,1,0
SESS_REAL_03865,6.760156134160899,0,0.9066684345650519,1,0
SESS_REAL_06743,25.252446221724433,2,0.9666407314546963,1,0
SESS_FAKE_01407,50.42241724071889,12,0.19782308883991206,0,1
SESS_REAL_04433,32.17955698929033,0,0.9406488735737676,1,0
SESS_REAL_07814,4.635105094623107,3,0.9739944020097716,1,0
SESS_REAL_00052,35.16113303149899,1,0.9413053427339481,1,0
SESS_REAL_02983,21.887635212111903,3,0.9549931519211246,1,0
SESS_REAL_05884,9.351353323927462,1,0.8952309473894899,1,0
SESS_REAL_00131,4.514008059309894,1,0.9792744396080759,1,0
SESS_REAL_08453,8.49102402340666,1,0.9379118045258218,1,0
SESS_FAKE_00833,27.279874501824988,7,0.01875198166584735,0,1
SESS_REAL_03181,5.596158257813157,1,0.9044145998527674,1,0
SESS_FAKE_00095,72.28085270214443,5,0.5000367860083381,0,1
SESS_FAKE_01161,48.02214429934762,8,0.22721923800743948,0,1
SESS_REAL_06126,10.053492168628981,1,0.8884261187727133,1,0
SESS_REAL_04953,14.94132498781434,1,0.9985794193889204,1,0
SESS_REAL_07405,4.432624987498798,1,0.967300289346179,1,0
SESS_FAKE_00351,15.483987642821258,11,0.4165167444726088,0,1
SESS_FAKE_00214,99.18924858018053,6,0.22359334820876184,0,1
SESS_REAL_07053,9.435059756058237,2,0.9572923488511389,1,0
SESS_REAL_02134,16.74791813696513,2,0.9841755894005231,1,0
SESS_REAL_00532,69.83848080893199,0,0.923894705896238,1,0
SESS_REAL_08295,23.599448334036573,2,0.9699877562075091,1,0
SESS_REAL_06761,3.5886620398761266,1,0.9434036310572502,1,0
SESS_FAKE_01330,24.553920323349377,10,0.4472112108444737,0,1
SESS_FAKE_01033,12.097837942398554,9,0.27804773483257783,0,1
SESS_REAL_01213,20.505800407647698,2,0.9458832447032439,1,0
SESS_FAKE_00490,41.93221632303626,8,0.4492987272748248,0,1
SESS_REAL_07733,21.437625581861646,2,0.9769558097924443,1,0
SESS_REAL_02599,3.224066338887554,1,0.9864732426922391,1,0
SESS_REAL_05372,8.283531559561403,1,0.9368880053991915,1,0
SESS_FAKE_00148,80.1118732630919,10,0.35867985533688496,0,1
SESS_REAL_01267,9.345706185360152,0,0.9160106571592619,1,0
SESS_FAKE_00849,110.24920793673671,6,0.37346793341958007,0,1
SESS_REAL_00484,12.033910341669067,0,0.9079843282690786,1,0
SESS_FAKE_00499,33.785087899112426,11,0.3170335492795855,0,1
SESS_REAL_01168,1.576876183408982,1,0.9629244221209224,1,0
SESS_REAL_06916,7.224157144580787,1,0.9738689261830444,1,0
SESS_REAL_07974,10.214190417641202,1,0.936043181710345,0,0
SESS_REAL_00661,53.17434926603775,0,0.955308777492195,1,0
SESS_REAL_02177,13.856265213002818,0,0.9390838760461006,1,0
SESS_REAL_00346,13.597374432490945,1,0.984096045673243,1,0
SESS_REAL_05311,12.956317684419039,2,0.9605078314390114,1,0
SESS_REAL_03567,14.703007699418436,0,0.9960598320012983,1,0
SESS_REAL_01306,16.524809674464315,0,0.9744595065562371,1,0
SESS_REAL_00075,17.167954905455986,2,0.909093924088159,1,0
SESS_REAL_03984,21.89926670609224,3,0.9254225746181399,1,0
SESS_REAL_04412,14.819755853350358,0,0.9534587680871057,1,0
SESS_REAL_05387,42.423528838881936,3,0.9576483152427124,1,0
SESS_REAL_07000,1.9748664940601273,1,0.9571231297195477,1,0
SESS_REAL_04991,11.727495522938803,3,0.9596143036823466,1,0
SESS_REAL_02044,25.10533396986105,0,1.0,1,0
SESS_REAL_06838,3.583599254620326,1,0.9381258849751509,1,0
SESS_REAL_06033,4.694028924822353,1,0.9334852065106364,1,0
SESS_REAL_06528,6.956497803043513,3,0.9428598142780864,1,0
SESS_REAL_06729,21.257060470264697,1,0.979144579948043,1,0
SESS_REAL_06490,12.609814373229622,1,1.0,1,0
SESS_REAL_07154,5.282260561393176,0,0.921417602120932,1,0
SESS_REAL_06318,14.019949434312226,3,0.9885771476199586,1,0
SESS_FAKE_00580,22.22383255363161,4,0.4234591466235532,0,1
SESS_REAL_01107,18.53764170577525,2,0.965909185467488,1,0
SESS_REAL_00271,21.435938389044345,1,0.9661728231276531,1,0
SESS_REAL_04114,12.522880190541036,2,0.9157315247382066,1,0
SESS_REAL_04273,9.287638861175136,1,0.9294116478314569,1,0
SESS_REAL_00629,4.991239462588767,2,0.9219190246085546,1,0
SESS_REAL_03578,17.74088324716884,1,0.9811342082458131,1,0
SESS_REAL_00313,40.94855907922322,0,0.9547749578096416,1,0
SESS_REAL_07764,14.4253771887002,2,0.9379137849379288,1,0
SESS_REAL_04088,24.22123384045306,1,0.9599617736284726,1,0
SESS_REAL_05653,6.71528657648251,1,0.945015483191019,1,0
SESS_REAL_00039,8.461090111024781,2,0.9101151928342124,1,0
SESS_FAKE_00141,49.89229637712388,9,0.20328080507566487,0,1
SESS_REAL_05943,26.882621091199454,1,0.9887722070273466,1,0
SESS_REAL_03889,7.694292566979992,2,0.9548888501256904,1,0
SESS_REAL_02707,5.204136772176418,1,0.9538932719698285,1,0
SESS_FAKE_00743,58.93002827313928,7,0.32550053974818,0,1
SESS_REAL_01236,25.472856705921522,2,0.9759088973173671,1,0
SESS_REAL_03558,2.530254982921296,0,0.9594934027574664,1,0
SESS_FAKE_01125,20.935081076559626,10,0.20149570026640642,0,1
SESS_REAL_08203,7.183359761629086,3,0.9695310157484599,1,0
SESS_REAL_05681,9.68342047797783,0,0.9707454756759599,1,0
SESS_REAL_07486,8.055289326829538,0,0.9805439445255414,1,0
SESS_REAL_03700,12.844421385142734,2,0.9060854424754687,1,0
SESS_REAL_06749,7.788840071608274,1,0.9435563849459931,1,0
SESS_REAL_00249,24.50864420615303,2,0.9756500490413066,1,0
SESS_REAL_04973,16.24242049311961,0,0.9362733745585562,1,0
SESS_REAL_07634,14.708014669427925,0,0.8994441640757627,1,0
SESS_REAL_04589,17.181363446619034,0,0.9260667536591488,1,0
SESS_REAL_01158,26.154039865715227,2,0.9283299912844938,1,0
SESS_REAL_00088,27.687022948818175,0,0.9812823989852403,1,0
SESS_REAL_05700,5.691579280538999,2,0.9257842440789226,1,0
SESS_FAKE_01066,55.16909855898897,10,0.30300376711727617,0,1
SESS_REAL_03159,5.650229377753627,1,1.0,1,0
SESS_REAL_08477,14.101035666065965,2,0.9793567918636776,1,0
SESS_REAL_00495,6.7314424154008,0,0.8971241866596495,1,0
SESS_REAL_02701,46.263331014430136,2,0.9828780844282272,1,0
SESS_REAL_07531,3.0240728209212397,2,0.9094702689383344,1,0
SESS_REAL_02435,7.421367956299463,1,0.9849419912633994,1,0
SESS_REAL_03939,7.998403669354024,1,0.949627059434546,1,0
SESS_REAL_06285,11.594553564094646,0,0.9643134418345259,1,0
SESS_REAL_06177,3.7477251373340166,1,0.9998710000883145,1,0
SESS_REAL_08103,2.0829192590630483,2,0.9548225449939145,1,0
SESS_REAL_03804,5.1079245534526105,0,0.9158650354762109,1,0
SESS_REAL_05754,30.42152572359829,1,0.9061121537782696,1,0
SESS_REAL_06796,40.61995007001791,1,0.9599731073346481,1,0
SESS_REAL_07310,42.386181134363824,1,0.9624986355821226,1,0
SESS_REAL_06076,6.183582362757663,3,0.9166300347899303,1,0
SESS_REAL_05605,12.42615950728944,2,0.9685705694044211,1,0
SESS_REAL_03690,22.543757422541105,3,0.9817155361565327,1,0
SESS_REAL_02249,2.9651031276338076,1,0.9480720461471116,1,0
SESS_FAKE_01051,79.28035686437661,7,0.24539884900766007,0,1
SESS_REAL_01722,5.836376471293318,0,0.9858018330919361,1,0
SESS_FAKE_01195,195.33949889563593,6,0.7158916924658427,0,1
SESS_REAL_02838,18.675898563606893,1,0.929353152150832,1,0
SESS_REAL_03256,15.634735659795462,0,0.9492297421893654,1,0
SESS_REAL_01773,38.80269675626759,3,0.9658206424025708,1,0
SESS_REAL_08345,18.279732543475788,0,0.9310095853305871,1,0
SESS_REAL_04649,3.7194621333086615,0,0.9679384584197821,1,0
SESS_REAL_02227,12.446314204986864,1,0.982067552457141,1,0
SESS_REAL_04604,18.19707826312637,1,0.9547781591650102,1,0
SESS_REAL_00784,3.9048152941983822,0,0.9141884365319382,1,0
SESS_REAL_03160,8.542105550734757,1,0.9020913177290248,1,0
SESS_FAKE_00702,21.17920346778853,3,0.3176120660270281,0,1
SESS_FAKE_00687,40.083020716815284,10,0.0,0,1
SESS_REAL_02991,20.81346385684851,3,0.932967553516574,1,0
SESS_FAKE_01041,23.929879212344268,9,0.3707604970117877,0,1
SESS_REAL_05340,21.472025194402285,0,0.9700518011177236,1,0
SESS_REAL_01626,4.191736124907095,2,0.9873717523280898,1,0
SESS_REAL_05678,16.446716311349228,0,0.9543025265885808,1,0
SESS_REAL_04999,12.415129799281509,0,0.9429318126990834,1,0
SESS_REAL_00785,30.19051367188382,0,1.0,1,0
SESS_REAL_05036,13.022730466084436,2,0.9550820024178064,1,0
SESS_FAKE_01168,132.09591037345217,12,0.24582597157588842,0,1
SESS_REAL_03900,8.272862701172203,3,0.9946234816495557,1,0
SESS_REAL_03983,4.5754268344723705,3,1.0,1,0
SESS_FAKE_01036,42.86935910429793,9,0.4184946180623995,0,1
SESS_REAL_01199,3.1723343860056694,1,0.9000745113628692,1,0
SESS_REAL_03075,25.627553009927883,1,0.9032684865041108,1,0
SESS_REAL_05425,11.811696050209006,3,0.8997635333226408,1,0
SESS_REAL_04467,3.5742079640838376,0,0.9914584796460197,1,0
SESS_REAL_07975,3.503275702548917,1,0.9425865079728675,1,0
SESS_REAL_07701,18.17352350536805,0,0.9348868356027182,1,0
SESS_REAL_00598,4.062611771941141,2,0.9567103908948666,1,0
SESS_REAL_06086,18.60142765673716,0,0.9025112576835573,1,0
SESS_FAKE_01054,30.69372232915143,6,0.38313404765440057,0,1
SESS_REAL_06297,2.54314590651886,2,0.9625063853601095,1,0
SESS_REAL_04669,15.82922678931837,1,0.9238164971643897,1,0
SESS_REAL_07120,30.061783441557782,2,0.9140852773792393,1,0
SESS_REAL_02427,38.960670577691694,2,0.9345905295365348,1,0
SESS_FAKE_00811,84.0076211039927,8,0.28397624207947675,0,1
SESS_FAKE_00801,22.311420467303016,4,0.23257486353730583,0,1
SESS_REAL_02146,8.87791582108899,0,0.9213494688938156,1,0
SESS_FAKE_00900,24.96650745983496,12,0.02983268042499826,0,1
SESS_REAL_07430,5.546238261577613,1,0.908087218208179,1,0
SESS_REAL_04335,2.1733268614577823,1,0.9575589081238419,1,0
SESS_FAKE_01081,72.42130950366234,11,0.35508745962229016,0,1
SESS_REAL_02587,15.27176075429256,2,0.9325655146678429,1,0
SESS_REAL_00053,28.525823970410357,2,0.9671267475910491,1,0
SESS_REAL_06617,7.068657975496376,2,0.9008947672181973,1,0
SESS_REAL_02660,9.170314293128918,0,0.8928580634412802,1,0
SESS_FAKE_00483,39.33987972278024,7,0.24842018177900985,0,1
SESS_REAL_02157,6.631450338672674,2,0.9072576227196145,1,0
SESS_REAL_03767,8.32662580943487,1,0.9949786327542706,1,0
SESS_REAL_07592,16.988003359653234,2,0.94902676313362,1,0
SESS_REAL_06477,2.99403634707999,4,0.9692541035552751,1,0
SESS_REAL_02203,2.015199099682577,1,0.9573001869579248,1,0
SESS_REAL_03218,16.72169294215517,5,0.9376245485202929,1,0
SESS_REAL_00972,17.326863255060516,2,0.9169082220760695,1,0
SESS_REAL_05309,28.42426948420509,0,0.9637756556867482,1,0
SESS_REAL_00297,4.41741604115884,1,1.0,1,0
SESS_REAL_06339,5.547172286671602,1,0.9356741044100388,1,0
SESS_REAL_05393,11.999072447148516,2,0.8972493791482271,1,0
SESS_REAL_07127,5.411149294467224,0,0.9848459870363491,1,0
SESS_REAL_01786,13.649314704051253,4,0.9256392537633852,1,0
SESS_REAL_07706,11.194113743009478,3,1.0,1,0
SESS_REAL_07552,14.515441861026218,1,0.9307303580116412,1,0
SESS_FAKE_00277,124.02838690034052,6,0.2690637639646754,0,1
SESS_REAL_07988,20.35356937505529,1,0.931604536147945,1,0
SESS_REAL_01790,3.452613285079458,2,1.0,1,0
SESS_REAL_07884,2.826629431040038,0,0.9326839644230837,1,0
SESS_REAL_00764,1.9092904782940552,0,0.9558832787639551,1,0
SESS_REAL_08404,8.772249847191176,0,0.9673113224769899,1,0
SESS_REAL_07556,4.008406448522745,2,1.0,1,0
SESS_FAKE_00250,93.56720041647245,8,0.1650046333539398,0,1
SESS_FAKE_00419,26.864767219145833,7,0.27781173583671287,0,1
SESS_REAL_03119,4.395789291101671,2,0.9566425118517278,1,0
SESS_REAL_07380,8.266140945285494,1,0.9552400866719472,1,0
SESS_REAL_01518,4.848352131333282,0,0.9141611719041143,1,0
SESS_REAL_06185,20.976200582203024,1,0.9173669413310729,1,0
SESS_REAL_00537,4.909829334973758,1,0.9491156565493418,1,0
SESS_REAL_06251,3.793597733780704,1,0.9676105771938557,1,0
SESS_FAKE_01345,52.98066004076062,9,0.002664009013303492,0,1
SESS_REAL_03917,6.592217830285688,4,0.9081858666230105,1,0
SESS_REAL_05275,4.597193478058081,4,0.9078324775076768,1,0
SESS_REAL_01353,17.003058809866445,1,0.8772355130434194,1,0
SESS_REAL_01828,20.73635338613232,0,0.9702310335694516,1,0
SESS_REAL_05490,3.540383450936142,0,0.9503702585191477,1,0
SESS_REAL_05767,2.3358621124229813,3,0.9813741035410397,1,0
SESS_REAL_04888,1.8081049770333328,1,0.9491634355357517,1,0
SESS_REAL_05550,5.114040169815765,0,0.9522330569152718,1,0
SESS_FAKE_00385,48.85541511643964,6,0.24926051111655706,0,1
SESS_REAL_03132,33.88501431835661,2,0.8930786800843155,1,0
SESS_REAL_06084,4.848110196123321,2,0.9246758682891749,1,0
SESS_REAL_00783,6.590198325519161,1,0.9456988920508409,1,0
SESS_REAL_03757,6.524567022927234,2,0.9348303116546458,1,0
SESS_REAL_00781,10.889629214347657,1,0.9421853440155994,1,0
SESS_REAL_04155,1.6557763714180247,2,0.9065760074817815,1,0
SESS_REAL_03895,22.379447476712453,2,0.9579749650956619,1,0
SESS_REAL_00631,28.56920105196736,1,0.9487065036465874,1,0
SESS_REAL_04084,4.461766281601307,2,0.9544631104774824,1,0
SESS_FAKE_00740,45.3227715090806,12,0.2834791764480967,0,1
SESS_REAL_06739,34.954405091323636,0,0.942416850210263,1,0
SESS_REAL_03790,4.400210780594389,3,0.9544832345784114,1,0
SESS_REAL_01403,17.499961449478008,4,0.9419399415077288,1,0
SESS_REAL_04829,9.89831906269372,3,0.9299489712580626,1,0
SESS_FAKE_00092,28.3147046713041,7,0.42001083190638877,0,1
SESS_REAL_03038,2.338666301953476,2,0.9703513159893388,1,0
SESS_REAL_02693,8.985584039599427,1,0.9582344872288526,1,0
SESS_REAL_02338,3.0479858839694076,0,0.9333606767586197,1,0
SESS_REAL_01012,36.101565447844976,0,0.9440591834120778,1,0
SESS_REAL_02569,33.27951113452114,3,0.9670708443794438,1,0
SESS_REAL_05636,12.134914184376338,1,0.8872743560806065,1,0
SESS_REAL_01727,70.05455864159921,1,0.9532874675131507,1,0
SESS_REAL_03478,9.544789863931221,2,0.9766415856213577,1,0
SESS_REAL_03704,36.7861738221781,1,0.9643577332960922,1,0
SESS_REAL_03310,16.89349773423505,0,0.9148313554278598,1,0
SESS_REAL_06454,29.957216733563907,1,0.9505713548062826,1,0
SESS_REAL_07314,2.3245551868610166,2,0.9674018914211188,0,0
SESS_REAL_01195,26.12535413852295,1,0.9145992825770448,1,0
SESS_REAL_07868,6.815035073380407,2,0.9101951858339894,1,0
SESS_FAKE_00014,18.07296740337956,13,0.6795948139959349,0,1
SESS_FAKE_00696,50.98658144726032,12,0.15828070359334823,0,1
SESS_FAKE_00137,48.42388432518067,8,0.1813406672799397,0,1
SESS_REAL_07746,3.7543798325453204,0,0.9973191289541231,1,0
SESS_REAL_05211,4.4626543810021335,0,0.9722007275834029,1,0
SESS_REAL_04556,14.553036901225877,1,0.9452136416034619,1,0
SESS_REAL_08287,1.717452755321817,2,0.9518710844061397,1,0
SESS_REAL_05698,51.189284947101996,0,0.9917820235626508,1,0
SESS_REAL_02242,11.990471270634806,1,0.9504795130016659,1,0
SESS_REAL_04728,17.771148194513888,2,0.9726012165149384,1,0
SESS_REAL_07387,46.19202186746521,0,0.9200252016964406,1,0
SESS_REAL_00666,4.887682192741691,4,0.9607856948084096,1,0
SESS_REAL_01868,3.195013681832223,0,0.9571170462689305,1,0
SESS_REAL_05980,13.932724185129537,2,0.9696474529606257,1,0
SESS_REAL_07925,5.124072185624762,1,0.9710546609084202,1,0
SESS_REAL_06770,2.936766520807252,0,0.9699076087759728,1,0
SESS_REAL_01106,7.554982258726569,1,0.8961150602249425,1,0
SESS_REAL_04122,15.861296693483947,1,0.9317920511793357,1,0
SESS_REAL_01852,25.211360870396344,0,0.9244384058707249,1,0
SESS_REAL_03749,27.410847734021218,0,0.9083908865620761,0,0
SESS_REAL_00616,2.256273930721961,1,0.9089619384172597,1,0
SESS_FAKE_00272,35.96925438537485,10,0.4237230246724288,0,1
SESS_REAL_02291,5.453441134936945,0,0.9448857155305491,1,0
SESS_REAL_04611,2.2735832749990394,3,0.9901818836731746,1,0
SESS_REAL_05929,28.259723695359156,0,0.9506734675911628,1,0
SESS_REAL_07407,43.848925875749,1,0.9228166138093282,1,0
SESS_REAL_04954,8.681691225885311,1,0.9812513059562789,1,0
SESS_REAL_08415,2.08975015770866,2,0.8797460766839273,1,0
SESS_REAL_06580,27.115287983917344,1,0.9729982073349263,1,0
SESS_REAL_05633,4.002491280259324,2,0.906692346517617,1,0
SESS_REAL_01259,11.966465187899407,0,0.9182711320929557,1,0
SESS_REAL_02087,14.332607317571549,0,0.9363830365661941,1,0
SESS_REAL_06391,7.906378480430128,0,0.9443129679004549,1,0
SESS_FAKE_01477,18.381624779103326,11,0.5041395999215688,0,1
SESS_REAL_01958,13.633065549358253,1,0.950842285433485,1,0
SESS_REAL_04767,2.729269362554365,0,0.9493755773201618,1,0
SESS_REAL_05343,3.6129397166663515,0,0.9558561573305752,1,0
SESS_FAKE_00585,87.5366451791533,4,0.378183640452313,0,1
SESS_REAL_00099,2.8700092223023903,2,0.9478380736849845,1,0
SESS_REAL_02039,4.967661426736438,2,0.9409446231754173,1,0
SESS_REAL_05629,2.6495863942557425,1,1.0,1,0
SESS_REAL_02560,20.488618682371413,1,0.9417847510906211,1,0
SESS_REAL_03674,12.747705870799196,0,0.9545901611953599,1,0
SESS_REAL_02652,7.040869013424448,0,0.971108116042362,1,0
SESS_REAL_03579,9.640736128021665,3,0.9485348182662179,1,0
SESS_REAL_03260,4.242643664761843,0,0.8773934758562087,1,0
SESS_REAL_05530,10.96078623049986,1,0.9342456583394534,1,0
SESS_REAL_07149,13.042149246081692,0,1.0,1,0
SESS_REAL_00558,18.384689431951028,2,0.9514649337442522,1,0
SESS_REAL_02222,2.7182078583181144,1,0.9497783339035902,1,0
SESS_REAL_00851,18.13363506259199,0,0.952277030686531,1,0
SESS_REAL_03099,8.321092281900826,1,0.9983717186647267,1,0
SESS_FAKE_00374,55.230425873561636,7,0.29878858176491535,0,1
SESS_FAKE_00426,25.09506348504503,7,0.36614352563356967,0,1
SESS_FAKE_01217,32.127127122661086,11,0.36870331057722955,0,1
SESS_REAL_02970,7.24645398818605,0,0.9543750879872591,0,0
SESS_REAL_06377,22.595969317328407,3,0.9501458676480077,1,0
SESS_REAL_04793,5.739885826856046,1,0.9385204295506544,1,0
SESS_REAL_04516,10.34210511234959,2,0.9081503330425804,1,0
SESS_REAL_03912,1.5767937173499447,2,0.9943738366536632,1,0
SESS_REAL_05704,31.122251000608134,1,0.9953098750944118,1,0
SESS_REAL_06562,3.9373397783774493,0,0.9750996011553786,1,0
SESS_REAL_03752,6.020399232250593,2,0.9508901547493233,1,0
SESS_REAL_07878,14.00300542083388,0,0.9571807679710294,1,0
SESS_REAL_06498,4.508944386851267,0,0.9080753197891761,1,0
SESS_REAL_06994,33.15799504744828,2,0.9526757453092574,1,0
SESS_REAL_06777,8.748812396598915,1,0.966387957350374,1,0
SESS_REAL_05365,57.10922106276405,3,0.91212648184974,1,0
SESS_REAL_07028,7.303996038363572,3,0.9674932480223956,1,0
SESS_REAL_03921,7.634153753379784,1,0.9484340748361142,1,0
SESS_REAL_06997,30.607462646543645,1,0.947241531269809,1,0
SESS_REAL_05290,5.472504139560257,2,0.9729508158546355,1,0
SESS_REAL_04967,16.568458331756897,3,0.9525747752003901,1,0
SESS_REAL_05896,31.058984209538405,0,0.9468398563162541,1,0
SESS_REAL_07900,11.82517598455146,4,0.9607192302810634,1,0
SESS_REAL_05676,11.904089523995934,0,0.9593736456845516,1,0
SESS_FAKE_00999,17.44538029049632,6,0.6392718456034951,0,1
SESS_REAL_00715,33.33067257864937,4,0.9558088475275478,1,0
SESS_FAKE_01309,41.94867517856012,13,0.03334858790289236,0,1
SESS_FAKE_00907,20.890699098472155,10,0.3069727717622268,0,1
SESS_REAL_01857,8.90622849422537,2,0.9865051037427331,1,0
SESS_REAL_05888,20.862441608515912,1,0.9695760708905659,1,0
SESS_REAL_07667,15.663122154075594,2,0.9007935323412266,1,0
SESS_FAKE_01042,23.515027942279158,11,0.23861847543873785,0,1
SESS_FAKE_00771,17.34024601235368,4,0.4514469163863781,0,1
SESS_REAL_08071,7.930580059874346,0,0.9856585614748674,1,0
SESS_REAL_05115,13.456039930244728,2,0.9165892545473519,1,0
SESS_REAL_00819,6.3991786356088936,1,0.9702321440317084,1,0
SESS_REAL_03649,94.18235426474952,1,0.9589187488311621,1,0
SESS_REAL_03354,3.9978826853311022,1,0.9580795171353923,1,0
SESS_FAKE_00804,85.41384513448567,4,0.1554636288503467,0,1
SESS_REAL_06874,24.749071170973586,1,0.987934286286412,1,0
SESS_REAL_01719,4.780303403485764,3,0.9461148885911799,1,0
SESS_REAL_06276,5.043188642363284,3,0.9516510745709164,1,0
SESS_REAL_06957,15.072411681361093,1,0.9746199268087007,1,0
SESS_REAL_00302,10.834925312336907,0,0.9078950294900453,1,0
SESS_REAL_05218,4.610398853028063,1,0.9822485191611178,1,0
SESS_REAL_08093,46.295647675706206,3,0.9631243696784337,0,0
SESS_REAL_06603,21.247437039623865,0,0.9051626638691229,1,0
SESS_FAKE_00586,31.635074499224174,7,0.29690308028547174,0,1
SESS_REAL_06936,6.0796794729314385,0,0.9003855686803479,1,0
SESS_REAL_02046,2.3408003126341956,0,0.9280636103139089,1,0
SESS_REAL_03333,4.102586333530042,1,0.9618074195100714,1,0
SESS_FAKE_00534,25.604755568813463,9,0.4453177551313947,0,1
SESS_REAL_01937,22.419020265734773,0,0.9550604257823152,1,0
SESS_REAL_05476,6.294618381258144,2,0.9433313997893029,1,0
SESS_REAL_02018,1.7647805922600184,6,0.9284055934702018,1,0
SESS_REAL_07698,6.558761379830304,2,0.9531130474901599,1,0
SESS_REAL_03165,9.605944242767695,1,0.945609539894954,1,0
SESS_REAL_00069,53.50975607504783,1,0.9661864260008305,1,0
SESS_REAL_05037,43.50645847834156,2,0.9188075567320585,1,0
SESS_FAKE_01351,35.411578996800216,9,0.2743040287090266,0,1
SESS_FAKE_01428,57.791461164183836,16,0.33273910188482353,0,1
SESS_FAKE_00296,15.132930139334269,10,0.1720239158160643,0,1
SESS_FAKE_00800,11.41240067743635,12,0.40966224624479863,0,1
SESS_FAKE_01071,26.089641362100448,7,0.4214810169615737,0,1
SESS_REAL_01577,13.825712256595047,0,0.8832386612928286,1,0
SESS_REAL_00429,2.9940717306294102,0,0.9728095794727827,1,0
SESS_REAL_05500,10.276367038347274,2,0.9321162266285948,1,0
SESS_REAL_00253,6.073754777168605,2,0.9675987464785046,1,0
SESS_REAL_04354,10.84743700992395,0,0.9328452264282665,1,0
SESS_REAL_06470,14.37357713012906,2,0.9941816822412716,1,0
SESS_REAL_06270,6.669521796361171,0,0.9639881377931971,1,0
SESS_REAL_02702,3.1099248874124985,0,0.9691706142640695,1,0
SESS_REAL_03454,35.60418893941858,0,0.9631249488922536,1,0
SESS_REAL_06576,31.81446971395939,2,0.934866107493588,1,0
SESS_REAL_05385,10.087016062406903,2,1.0,1,0
SESS_REAL_03808,2.119935422562059,1,0.9317711394642499,1,0
SESS_REAL_00695,12.818395889152278,0,0.9528328167306058,1,0
SESS_REAL_03683,4.744918392865402,1,0.9792187008063775,1,0
SESS_REAL_04582,19.773119307049072,2,0.9689091774937227,1,0
SESS_REAL_05910,7.7572251297512125,1,0.9526388467585383,1,0
SESS_REAL_03164,2.1937878341754597,3,0.9455377785560258,1,0
SESS_FAKE_01228,34.20931067520747,12,0.19521258415280962,0,1
SESS_REAL_01964,11.680004354520541,0,0.9624004633565075,1,0
SESS_REAL_04176,11.98781421336171,2,0.9231583100168408,1,0
SESS_REAL_03254,6.435502972424765,2,0.9314327562613535,1,0
SESS_FAKE_00047,10.081987510962586,10,0.11544282639779124,0,1
SESS_REAL_01648,19.780668804223982,0,0.9392216289513885,1,0
SESS_REAL_04344,12.14079665354926,1,0.9222646137875309,1,0
SESS_REAL_00494,8.976703185649185,0,0.9711215368990116,1,0
SESS_REAL_01110,21.802956035835784,1,0.9488644792756965,1,0
SESS_REAL_05183,34.37346687085529,2,0.9291094864667697,1,0
SESS_REAL_08489,3.8992495451211346,0,0.9514774980775902,1,0
SESS_REAL_02725,5.830187639787757,1,0.9175874679251489,1,0
SESS_REAL_02438,10.855121962726564,0,0.9561696399778915,1,0
SESS_REAL_08018,8.812864036159512,2,0.985643571699695,1,0
SESS_FAKE_00323,30.26841725388382,5,0.36134300889660664,0,1
SESS_REAL_02026,17.248542756877683,1,0.9561623809165598,1,0
SESS_REAL_05049,10.290459707148782,1,0.9460354732959542,1,0
SESS_REAL_02476,3.180146028914771,0,0.9144952435287252,1,0
SESS_REAL_02292,4.283072382591002,1,0.9638984102537116,1,0
SESS_REAL_02511,27.294739056843873,1,0.9978939357440055,1,0
SESS_REAL_03281,3.9318908965851485,0,0.9779025741437409,1,0
SESS_FAKE_00203,26.99705976070169,7,0.0,0,1
SESS_REAL_06904,5.15403772875626,1,0.9454430832485673,1,0
SESS_FAKE_00156,13.925926884475818,10,0.3550146427532652,0,1
SESS_REAL_05009,8.252724654734205,0,0.9223332643599834,1,0
SESS_REAL_01586,15.755010749045564,1,0.9516725931047831,1,0
SESS_FAKE_00325,98.75822970824278,10,0.32846201412236625,0,1
SESS_REAL_07188,9.864310253538079,3,1.0,1,0
SESS_REAL_05627,6.529812232260509,2,0.9459731784819817,0,0
SESS_REAL_06104,3.1248497486983475,0,0.9260119527516151,1,0
SESS_FAKE_00716,17.703759505206307,7,0.4431557320268803,0,1
SESS_REAL_03143,10.774909656418636,1,0.9762797114773787,1,0
SESS_FAKE_01017,29.445467917150193,4,0.11946043858855052,0,1
SESS_REAL_06893,7.3056752953336765,2,0.917942357910696,1,0
SESS_REAL_00365,7.355130328202246,4,0.9213059856878116,1,0
SESS_REAL_06296,6.6728390134105116,2,0.9155095542032623,1,0
SESS_REAL_04652,9.243162617065,3,0.9479660738666024,1,0
SESS_REAL_02055,14.768452683122614,1,0.9328217517318468,1,0
SESS_REAL_00591,13.789008612909678,1,0.9090667832344621,1,0
SESS_REAL_04886,6.539570496271991,0,0.9371962581380442,1,0
SESS_FAKE_00705,19.586418811936838,10,0.018240999781590717,0,1
SESS_REAL_06849,2.3932607631301184,1,0.9101741502209135,1,0
SESS_REAL_00023,6.975326618650165,0,1.0,1,0
SESS_REAL_06224,2.841977215029389,2,0.9766130798613906,1,0
SESS_REAL_03781,6.248459430620311,1,0.9450785843555538,1,0
SESS_REAL_03064,14.046711369877581,1,0.9872335511748611,1,0
SESS_REAL_08223,28.86939082449902,1,0.9661715098628619,1,0
SESS_REAL_01643,13.22477818346077,3,0.8723492250934565,1,0
SESS_FAKE_00838,32.57248071447219,14,0.1185251985093091,0,1
SESS_FAKE_01119,85.20201143253284,10,0.5862864264010079,0,1
SESS_REAL_03265,2.358543738352464,0,0.9857301964925207,1,0
SESS_FAKE_00921,53.618723058774734,12,0.3470868241293591,0,1
SESS_FAKE_00320,108.27638620566113,12,0.09547213084864614,0,1
SESS_REAL_03307,2.3542620751517402,2,0.9502857913165941,1,0
SESS_REAL_00332,1.6739769566496514,1,0.9335551136317954,1,0
SESS_REAL_06922,4.332863843082408,2,0.9673037746377786,1,0
SESS_REAL_08440,5.277490063166351,0,0.8905828409731877,1,0
SESS_REAL_01146,20.65980160503279,0,0.9136913265730886,1,0
SESS_REAL_04578,46.54025966816178,2,0.9514065757705517,1,0
SESS_REAL_02191,30.027061106341087,1,0.9137263108581157,1,0
SESS_REAL_08250,32.029420883144596,2,0.9037799860642611,1,0
SESS_FAKE_00153,28.715789299034345,10,0.3897841463603332,0,1
SESS_REAL_06211,3.0793381474726407,2,0.9549891448475651,1,0
SESS_REAL_01538,3.902478737803767,3,0.9600901568499659,1,0
SESS_REAL_02663,15.091485340601338,1,0.9654244072290291,0,0
SESS_REAL_01482,10.936027540131395,0,0.9811889698790335,1,0
SESS_REAL_01190,2.336711128737136,0,0.9402670225475454,1,0
SESS_FAKE_00489,58.79585269334794,14,0.28247740905792335,0,1
SESS_REAL_04835,2.5981028049545407,1,0.9668473065174816,1,0
SESS_REAL_07852,20.24263383106134,1,1.0,1,0
SESS_REAL_00865,11.341961485654497,2,0.9384659566190173,1,0
SESS_REAL_02728,4.8979657020111995,2,0.9630836926630937,1,0
SESS_REAL_05833,8.289027922826497,1,0.9945849093489547,1,0
SESS_REAL_06673,2.28410976461771,0,0.9159682839388636,1,0
SESS_REAL_03841,1.8984512580675394,3,0.9339885571986591,1,0
SESS_REAL_06010,21.03693384629469,0,0.924323554808671,1,0
SESS_REAL_05638,1.7118374089899855,1,0.9626928873198027,1,0
SESS_REAL_03382,1.8797344975356456,0,0.9582700422810856,1,0
SESS_REAL_01371,3.895716657061895,2,0.9518919508846435,1,0
SESS_REAL_04260,2.967993851336818,2,0.938812657877162,1,0
SESS_REAL_00431,18.701166564949126,1,0.9617681757995165,1,0
SESS_REAL_08044,8.695587029217933,0,0.9836716982666178,1,0
SESS_FAKE_01362,51.030635595838234,8,0.22488559274458642,0,1
SESS_REAL_07561,14.580289732823736,0,0.9667670157122532,1,0
SESS_REAL_08110,9.808611547538304,0,0.9976102783962824,1,0
SESS_REAL_06054,24.122544287230312,1,0.971804718805426,1,0
SESS_REAL_01343,17.086835745814668,0,0.8936682540826938,1,0
SESS_REAL_00932,51.42748995824681,2,1.0,1,0
SESS_REAL_01443,8.538454077086083,3,0.9793094842298586,1,0
SESS_REAL_07895,24.167249461840534,0,1.0,1,0
SESS_FAKE_00125,10.401080142980254,10,0.35038220062803876,0,1
SESS_REAL_05770,13.53456482466958,0,0.9781234254545461,1,0
SESS_REAL_00005,3.535155502975262,0,0.9442316506156566,1,0
SESS_REAL_04090,17.39793329943482,2,0.8853391198682624,1,0
SESS_REAL_07169,4.821135185297154,1,0.918935244141112,1,0
SESS_REAL_04670,6.911504227575722,1,0.984326143937124,1,0
SESS_REAL_07456,12.730661285560076,3,0.9717529056534602,1,0
SESS_REAL_06351,10.262857035644295,1,0.9118537924916532,1,0
SESS_REAL_07007,1.5028924047771677,1,0.9027326975246003,1,0
SESS_REAL_07808,5.063940437653073,1,0.9543227864988353,1,0
SESS_REAL_00326,11.198765783175975,1,0.9618883261966061,1,0
SESS_FAKE_00599,74.63093475914026,11,0.3554174141207032,0,1
SESS_REAL_03831,21.328504396395026,0,0.9560834108841498,1,0
SESS_REAL_06754,1.517152369602549,3,0.9736015131412689,1,0
SESS_REAL_04202,3.1099190570389736,0,1.0,1,0
SESS_FAKE_00467,80.25777979575184,6,0.5083570271040312,0,1
SESS_REAL_02023,2.1440740595498884,1,0.9513484687106213,1,0
SESS_FAKE_00728,11.346435975317835,6,0.29573035188364205,0,1
SESS_REAL_01830,48.42648687260662,2,0.9976629566968945,1,0
SESS_REAL_08343,9.067889277429183,0,0.947695168969656,1,0
SESS_REAL_01978,26.237357197387112,3,0.9280358329408778,1,0
SESS_FAKE_00257,42.896645699524676,8,0.4591266467547205,0,1
SESS_REAL_07862,1.6109218479306764,1,0.9588212326149205,1,0
SESS_REAL_08313,12.649521824009504,1,0.9828944467159786,1,0
SESS_REAL_01639,32.90770916590287,0,0.922369222153204,1,0
SESS_REAL_08394,20.123076073431776,3,1.0,1,0
SESS_REAL_06003,12.895571885055661,0,0.9417569721687356,1,0
SESS_FAKE_00303,54.92642715088975,10,0.1419611227919425,0,1
SESS_FAKE_01296,69.1232330121976,9,0.27551070276000583,0,1
SESS_REAL_06073,8.909193920253056,0,0.9618276707834303,1,0
SESS_FAKE_00271,42.974374581006444,7,0.3320994002791749,0,1
SESS_REAL_05843,1.70174502048248,0,0.9402578493583716,1,0
SESS_REAL_03176,14.595567165435984,2,0.9148943877367293,1,0
SESS_REAL_00413,11.723967492663165,1,0.959054374582276,1,0
SESS_REAL_00515,1.8206498023981363,2,0.9565387452691221,1,0
SESS_REAL_05597,15.267772878957091,0,0.9278683223672947,1,0
SESS_REAL_04011,7.469199688955687,0,0.9514654540071281,1,0
SESS_REAL_03606,22.46448192124219,3,0.9378665095259267,1,0
SESS_REAL_02851,4.799542426662116,0,0.9693949389678798,1,0
SESS_FAKE_00737,63.41691790313016,13,0.09283124294436926,0,1
SESS_REAL_07544,3.690206662505204,0,0.9752238957149808,1,0
SESS_FAKE_01442,67.1089072841261,8,0.28223821164258933,0,1
SESS_REAL_01503,6.508894576929572,1,0.9183458735920291,1,0
SESS_REAL_06036,16.50691622133204,1,0.9937793244006128,1,0
SESS_REAL_05422,45.72069214582664,1,0.9449361376523,1,0
SESS_FAKE_00042,86.64885252345012,4,0.35535129537365806,0,1
SESS_REAL_07186,12.274580159628043,0,0.901698722018722,0,0
SESS_REAL_01342,25.824239102290086,3,0.9235169456498326,1,0
SESS_FAKE_01468,75.14399393581076,12,0.2566301600965795,0,1
SESS_REAL_00014,3.9081478649959602,2,0.975358130883376,1,0
SESS_REAL_02631,16.102957711621492,0,0.9981010847602213,1,0
SESS_FAKE_01444,67.87304247508229,4,0.464685713575011,0,1
SESS_FAKE_00053,57.80924960389334,6,0.4367465573598417,0,1
SESS_REAL_06871,2.5386559320399082,1,0.9253426167074631,1,0
SESS_REAL_07201,3.2474819080581137,1,0.91202120528599,1,0
SESS_REAL_00519,3.456114119213756,1,0.941120854883414,1,0
SESS_REAL_02678,2.9188125162805365,1,0.8915652880069715,1,0
SESS_REAL_01345,8.150922952888966,1,0.9706330019003367,1,0
SESS_FAKE_00144,43.88187244746957,4,0.3875786365173459,0,1
SESS_REAL_04841,38.353905860977704,2,1.0,1,0
SESS_REAL_04883,3.8837331634413728,1,0.9768632267284497,1,0
SESS_REAL_08333,8.283489440379384,4,1.0,1,0
SESS_REAL_05043,14.68403095161222,1,0.9568564330961576,1,0
SESS_REAL_07940,6.921522901182215,1,0.9564860422558397,1,0
SESS_REAL_05758,8.410025577901585,2,0.9913920563325971,1,0
SESS_FAKE_00134,39.0157285367347,10,0.15560507877005275,0,1
SESS_FAKE_01381,100.341515122435,8,0.29413390460830685,0,1
SESS_REAL_05110,43.60851445442285,1,0.9287326782502823,1,0
SESS_REAL_05762,35.41204801103393,0,0.9330784387476145,1,0
SESS_REAL_04549,20.732871601210935,3,0.9871908359019272,1,0
SESS_FAKE_01431,27.146456782061428,6,0.2400838296493687,0,1
SESS_FAKE_01023,29.30941405100666,12,0.11955054416193167,0,1
SESS_REAL_00020,12.856450486797584,1,0.933594882627186,1,0
SESS_REAL_02458,9.5542292517537,0,0.9562012674803256,1,0
SESS_REAL_08379,8.108085546679007,2,0.9758222727571082,1,0
SESS_REAL_01688,12.684558597899887,2,0.9615491294395909,1,0
SESS_REAL_04667,23.40532362794788,1,0.9526054555716619,1,0
SESS_REAL_03489,8.105928243760872,3,0.9458882355375888,1,0
SESS_REAL_05609,8.87877004559256,2,0.9461639888955137,1,0
SESS_REAL_05915,2.5556578356472928,2,0.9092814854086533,1,0
SESS_REAL_04707,4.1135839301823935,1,0.9037195403008241,1,0
SESS_FAKE_00571,16.1806548565416,12,0.36516781743606347,0,1
SESS_REAL_00628,1.9484754278577414,2,0.9797327862979411,1,0
SESS_REAL_08413,8.721766544606147,0,0.9921820783930893,1,0
SESS_REAL_05994,2.3994395779633173,1,0.9229808075606564,1,0
SESS_REAL_03861,12.855774227642378,0,0.9424274083477888,1,0
SESS_REAL_07950,37.49958405179825,1,0.9564876750702078,1,0
SESS_REAL_00790,3.497634601542008,1,0.9071343015831969,1,0
SESS_REAL_02107,29.891827752374,0,0.9271795478034229,1,0
SESS_FAKE_01440,31.85920658181323,9,0.33018614118904577,0,1
SESS_REAL_05030,5.827767506850923,2,0.8902964978825318,1,0
SESS_REAL_03916,17.139810936980226,1,0.9880138442817421,1,0
SESS_REAL_04807,38.83323035594258,0,0.9653622445748348,1,0
SESS_REAL_06499,19.695258805118222,0,0.8900413542423818,1,0
SESS_FAKE_00594,26.232641454772008,7,0.3238104499409755,0,1
SESS_REAL_00132,3.0321646985477617,1,1.0,1,0
SESS_REAL_06910,7.955703773401275,2,0.9248754582406871,1,0
SESS_REAL_05942,1.73816568826405,1,0.948782244912143,1,0
SESS_REAL_06368,9.907366273339946,1,0.9127555074217847,1,0
SESS_REAL_03641,30.1884153886159,4,0.9188722438553103,1,0
SESS_REAL_08468,5.69351761475268,1,0.9529545529105838,1,0
SESS_REAL_01906,39.562040634717434,1,0.9475647916904962,1,0
SESS_REAL_05503,9.627326829639765,1,0.9113377431314096,1,0
SESS_REAL_07427,5.946362580213552,0,0.9435144960741881,1,0
SESS_REAL_05859,12.100126013562871,3,0.9439460869099516,1,0
SESS_REAL_02477,20.256939497138816,1,0.9581193465877988,1,0
SESS_REAL_06266,49.3289548765443,2,0.9920910028258059,1,0
SESS_REAL_03483,32.00649098281202,0,0.9394474759457399,1,0
SESS_REAL_02001,4.9039427555487265,1,0.9014566454656849,1,0
SESS_REAL_04041,5.600414570330544,0,0.9598967779214362,1,0
SESS_FAKE_01098,27.992265614678335,10,0.4408821203474248,0,1
SESS_REAL_02101,10.637854049464574,0,0.9427682319850403,1,0
SESS_REAL_07832,4.271125920384534,4,0.9732936029946946,1,0
SESS_REAL_04152,16.44324919023142,1,0.9317210181648086,1,0
SESS_REAL_05443,38.26997529009621,1,0.9493618145110672,1,0
SESS_REAL_05072,9.463479673914227,1,0.9484761789431632,1,0
SESS_REAL_02534,17.566954541216404,1,0.9161007238764675,1,0
SESS_FAKE_00425,19.59323724463254,6,0.21436972364546175,0,1
SESS_REAL_03110,13.683002896238015,2,0.9253865459968375,1,0
SESS_REAL_08152,2.8063565199451883,3,0.9385085996690747,1,0
SESS_FAKE_00813,31.505001878726887,8,0.41975076562227076,0,1
SESS_FAKE_00052,110.52935636399586,10,0.2384824884066649,0,1
SESS_REAL_03598,7.08589241673698,1,0.9601220321097398,1,0
SESS_REAL_07635,2.0380461915304053,0,0.9531925796823413,1,0
SESS_REAL_08279,1.8216349544534451,1,0.9619463863527945,1,0
SESS_REAL_01390,4.731042521972643,2,0.9456290780083533,1,0
SESS_REAL_05711,42.927473235315134,1,0.996532993975908,1,0
SESS_REAL_05837,7.850778790516349,1,0.8911573877260088,1,0
SESS_REAL_03681,3.1090477786935984,2,0.9605351042828519,1,0
SESS_REAL_05194,4.249975837699285,1,1.0,1,0
SESS_REAL_00840,1.6581713379079108,1,0.9883752733204457,1,0
SESS_REAL_05590,5.981545039802918,1,0.9394926999527641,1,0
SESS_FAKE_00131,108.24872933216356,7,0.05767412213197781,0,1
SESS_REAL_05028,17.03924277002681,3,0.9610336366719681,0,0
SESS_FAKE_00136,17.262780679610124,10,0.5079606147564517,0,1
SESS_REAL_06109,36.03888623568859,2,0.9615948432444114,1,0
SESS_REAL_02831,14.531931202746547,0,0.9515290315279904,1,0
SESS_REAL_00686,11.672730737503038,1,1.0,1,0
SESS_REAL_01037,16.98163724664453,0,0.9347915392922111,1,0
SESS_FAKE_00916,14.779319053707798,9,0.38831803383228375,0,1
SESS_REAL_00653,17.918599785700913,2,0.9103364617566878,1,0
SESS_REAL_00580,8.87504360844837,3,0.9230967426647854,1,0
SESS_REAL_03727,2.662896439444656,0,0.9778277456352263,1,0
SESS_REAL_01512,38.85358470005046,0,0.9148619536952415,1,0
SESS_FAKE_00952,13.668655170368432,8,0.4427686134029304,0,1
SESS_REAL_06525,80.02406941480554,1,0.9869835281641004,1,0
SESS_REAL_04808,4.903661777424975,0,0.9611050890446101,1,0
SESS_REAL_02197,25.49103830228357,1,0.973178689579041,1,0
SESS_REAL_01492,4.593901170396586,0,0.9664311857948943,1,0
SESS_REAL_07923,2.495208518538977,0,0.9137590883564454,1,0
SESS_FAKE_01173,30.564171015259994,9,0.36879994135789107,0,1
SESS_REAL_02754,31.437424823552455,4,0.9656070468747637,1,0
SESS_REAL_01233,1.8795485891466601,4,1.0,1,0
SESS_REAL_01033,3.0417332096597285,1,1.0,1,0
SESS_REAL_07757,27.116133733649,2,0.9800022967263569,1,0
SESS_FAKE_00244,55.936544478221165,8,0.23242697240316762,0,1
SESS_REAL_05462,2.34555002012491,3,0.9826030689361158,1,0
SESS_FAKE_00724,101.04763497815811,10,0.424235293193419,0,1
SESS_REAL_06809,6.065795437667848,2,0.8914790931673967,1,0
SESS_REAL_04820,5.511990496788261,2,0.9046901069175709,1,0
SESS_REAL_01888,17.05576422733543,1,0.9597182834215481,1,0
SESS_FAKE_00938,149.13541735413,5,0.6174267803631375,0,1
SESS_REAL_04729,3.7044002545784136,1,0.9608384631860118,1,0
SESS_REAL_07166,25.071757067549417,0,0.8981811446400052,1,0
SESS_REAL_02669,6.051032287922121,0,0.9131194028535765,1,0
SESS_REAL_00295,10.363843059348188,0,0.988933214413735,1,0
SESS_REAL_04346,20.800263850521375,1,0.9827470261767346,1,0
SESS_REAL_02689,7.716010598876663,2,0.9381362270988641,1,0
SESS_REAL_03974,5.301080105144422,0,0.9591021401179176,1,0
SESS_REAL_05626,8.415982308502818,3,0.9461566371464759,1,0
SESS_FAKE_01393,20.424224246814596,4,0.19485393028527281,0,1
SESS_REAL_02863,11.956447790086365,2,0.9696836136910594,1,0
SESS_REAL_05094,2.0544293739617348,3,0.9258519089848768,1,0
SESS_REAL_07802,53.02812134700919,2,0.9295365602206246,1,0
SESS_REAL_07006,10.651367406063324,1,0.9748417467231687,1,0
SESS_REAL_06611,18.831943006548954,2,0.9481928828692522,1,0
SESS_REAL_07600,14.732146844250266,0,0.9470123533637621,1,0
SESS_FAKE_00034,31.39155531193317,2,0.3434656130918647,0,1
SESS_REAL_01208,5.336293950700885,4,0.9231876415364704,1,0
SESS_REAL_08441,4.280720032588079,1,0.9183504305918938,1,0
SESS_REAL_02404,15.065718277904418,1,0.9346391145722216,1,0
SESS_REAL_01663,9.745110155049474,4,0.9319953051497352,1,0
SESS_REAL_00874,1.8085697847917643,2,0.9446498483751584,1,0
SESS_FAKE_00171,136.97595784270533,11,0.3190452619223825,0,1
SESS_REAL_05588,33.16601777869679,1,0.9411449420610267,1,0
SESS_REAL_05208,25.939681285000894,1,0.9127513981502549,1,0
SESS_REAL_01922,13.098047026711022,1,0.9858621949676881,1,0
SESS_FAKE_00853,14.218636952314913,6,0.24355676601077542,0,1
SESS_REAL_03664,11.113064608037627,1,0.9186234851744679,1,0
SESS_FAKE_01050,65.04044413932442,14,0.2590385026598509,0,1
SESS_REAL_01455,33.574866087590074,1,0.9080883493055908,1,0
SESS_REAL_03117,1.6660907863071177,1,0.9515465665229829,1,0
SESS_REAL_00078,6.82671206899479,1,0.971985254209929,1,0
SESS_FAKE_00102,18.774197383676764,4,0.20039510997983676,0,1
SESS_REAL_02884,2.3580498848274556,1,0.9278980703744932,1,0
SESS_REAL_02546,2.4699575588919043,1,0.9392752145818482,1,0
SESS_REAL_04248,12.04051718913144,0,0.9448401504370432,1,0
SESS_FAKE_01304,10.700104905602668,4,0.5805664810991062,0,1
SESS_REAL_06288,42.28707691866311,1,0.9141911273190486,1,0
SESS_REAL_08095,29.787261667618502,1,0.9627692153866046,1,0
SESS_REAL_04570,9.819164468770953,1,0.9439496591746667,1,0
SESS_REAL_05444,2.405292378287077,0,0.9543301201174911,1,0
SESS_REAL_03098,1.6002569535029383,1,0.976021986244678,1,0
SESS_REAL_01684,3.2060185051987133,0,0.9118563890171655,1,0
SESS_FAKE_00359,31.213866503711536,15,0.16226459494268922,0,1
SESS_REAL_02496,11.832515534082601,1,0.9481910445339687,1,0
SESS_REAL_03877,26.876370230874233,2,0.9262289220745805,1,0
SESS_REAL_08377,4.587186218612197,0,0.957602109956488,1,0
SESS_REAL_01890,2.7533725165331133,2,0.9634415839581477,1,0
SESS_REAL_01071,4.692733991513961,1,0.907280589985371,1,0
SESS_REAL_00086,17.19450940749289,0,1.0,1,0
SESS_REAL_03763,5.5752072553440915,4,0.9434652255550479,1,0
SESS_REAL_04581,5.838278022096993,3,1.0,1,0
SESS_REAL_05715,5.8073336920543905,0,0.997424447188797,1,0
SESS_REAL_04982,14.563137126955954,0,0.9810873306500419,1,0
SESS_REAL_01361,4.338730787400294,1,0.9293742850428509,1,0
SESS_REAL_00841,14.571218364431868,1,0.9720469082761499,1,0
SESS_FAKE_00669,29.775227316141002,6,0.4201866210769272,0,1
SESS_REAL_03352,30.110555481226662,3,0.9432972958177503,1,0
SESS_FAKE_00091,21.834927040836615,7,0.4861021248318398,0,1
SESS_REAL_07467,14.12492412144443,0,0.9385173166529731,1,0
SESS_REAL_06274,12.224558421597635,2,0.9369313526374203,0,0
SESS_REAL_04146,2.810201965517089,1,0.9111311498158408,0,0
SESS_REAL_02893,14.258386468166647,1,0.918110888090656,1,0
SESS_FAKE_01087,25.126564795194426,7,0.4724289394031057,0,1
SESS_FAKE_01115,37.00725748146502,7,0.07138461771611102,0,1
SESS_REAL_04304,22.653773669362565,4,0.9549177786030011,1,0
SESS_REAL_01211,8.704344581094514,0,0.9578895837231414,1,0
SESS_REAL_00447,18.298790761396102,4,0.9754662149085513,1,0
SESS_REAL_04069,24.01896640650451,1,0.9217979763382445,1,0
SESS_REAL_03738,18.32265165159926,2,0.9512096363221876,1,0
SESS_REAL_06252,6.440400884898809,1,0.9860156927586026,1,0
SESS_REAL_03568,19.509654526080343,2,0.9295580026190117,1,0
SESS_REAL_01690,3.806115701454951,0,0.9234883010543947,1,0
SESS_REAL_01489,8.64557502676714,1,0.9182123454889375,1,0
SESS_REAL_07791,4.471085497737565,2,0.9409020286826897,1,0
SESS_FAKE_01169,42.839912361472244,10,0.07921361875509647,0,1
SESS_REAL_01608,4.694367692210472,0,0.9689990370876694,1,0
SESS_REAL_03655,4.244634405971355,2,0.9706236919363408,1,0
SESS_REAL_07192,9.936741315746495,1,0.9384900217905782,1,0
SESS_REAL_07866,4.0838465334359295,0,0.9334165784759657,1,0
SESS_REAL_03794,1.8957768250626366,2,0.9475324974004002,1,0
SESS_REAL_06160,3.5179856457377676,0,0.9284178388066876,1,0
SESS_REAL_06450,23.573473276770905,1,0.9120594189472913,1,0
SESS_REAL_01459,14.406443924017065,0,0.913124151428644,1,0
SESS_REAL_07944,7.263727926148562,0,0.9981189514360708,1,0
SESS_FAKE_00819,125.81985887483982,4,0.28893227250044284,0,1
SESS_REAL_06982,34.26760692978883,0,0.9372796120624352,1,0
SESS_REAL_01227,5.346020760802575,1,0.9632331345310106,1,0
SESS_REAL_02082,8.981917173252754,0,0.9589745291887233,1,0
SESS_FAKE_00559,66.85560755185813,9,0.17014088362567958,0,1
SESS_REAL_02064,2.1402596821013917,2,0.8898406280955181,1,0
SESS_REAL_01898,6.769216446275888,2,0.95201563026482,1,0
SESS_REAL_04905,3.6164730001488667,0,0.9133170973032837,1,0
SESS_REAL_07324,2.345201314158378,2,0.946333971406521,1,0
SESS_REAL_05670,24.333855061184444,1,0.9646894298652499,1,0
SESS_REAL_08289,10.069820176418302,3,0.9983924235043036,1,0
SESS_REAL_05832,21.81753637842436,1,0.9509255584553138,1,0
SESS_REAL_05158,9.213052664080164,3,0.9576213584886433,1,0
SESS_REAL_05567,17.00606113935808,2,0.9209399816687985,1,0
SESS_REAL_04047,11.467738400083132,1,1.0,1,0
SESS_REAL_05960,7.63704214254053,1,0.9749612913778886,1,0
SESS_REAL_02817,1.646123470652404,3,0.922921406258863,1,0
SESS_REAL_05334,42.275469871350104,3,0.9707749914291375,1,0
SESS_REAL_05061,32.212222410308485,2,0.9498076634788447,1,0
SESS_FAKE_00103,17.27241947264467,9,0.5370470630094002,0,1
SESS_REAL_00059,6.222385041637041,2,0.9337365263995134,1,0
SESS_REAL_01524,9.48339058679294,2,0.9539345811613241,1,0
SESS_REAL_03148,20.079381516899524,1,0.9833092152724436,1,0
SESS_FAKE_00596,70.79669828432804,9,0.17862839924894103,0,1
SESS_REAL_01232,4.375920976546295,3,0.9173922855049833,1,0
SESS_REAL_04454,25.65694274911619,2,0.9500524238082255,1,0
SESS_REAL_04572,4.778509891352831,1,0.918785447052625,1,0
SESS_REAL_02199,7.244184677370942,0,0.940374623169947,1,0
SESS_REAL_05694,18.369516776686396,0,0.9480682267568118,1,0
SESS_REAL_00769,22.161695562492035,2,0.944925951179841,1,0
SESS_FAKE_00046,74.17934097552076,7,0.353793666401687,0,1
SESS_REAL_05737,5.212612370149888,2,0.9060664383462556,1,0
SESS_REAL_07941,13.79339716074982,2,0.9469995723083927,1,0
SESS_REAL_00919,3.3114539774762504,2,0.8941454222143483,1,0
SESS_FAKE_00556,16.787660887719554,6,0.3735369253157173,0,1
SESS_REAL_00950,12.511004622064164,1,0.9476922273266253,1,0
SESS_REAL_04253,9.960977037408846,0,0.945894704754257,1,0
SESS_REAL_03803,50.80171605445441,2,0.9443478255154775,1,0
SESS_REAL_00104,30.075186358151704,2,0.9047805925555441,1,0
SESS_REAL_04440,26.386986137342348,0,0.9457597038357588,1,0
SESS_REAL_07648,6.120706537259872,2,0.992019697237046,1,0
SESS_REAL_00855,4.03884515770579,0,0.9060981911448431,1,0
SESS_REAL_07526,12.064581616922881,0,0.9426234571330017,1,0
SESS_REAL_01357,8.072384416248298,0,0.9481483636795572,1,0
SESS_REAL_00161,13.506044972781256,2,0.9507711464608372,1,0
SESS_REAL_02251,30.345692769412068,1,0.9226342018638164,1,0
SESS_REAL_06839,42.812549913138646,4,0.9374222015788702,1,0
SESS_FAKE_00312,34.338346308921075,10,0.3757756085206019,0,1
SESS_REAL_07911,7.890950102151857,3,0.9711834299204141,1,0
SESS_REAL_04739,13.153101766516379,0,0.9383823783770314,1,0
SESS_REAL_06361,9.022148070287999,1,0.9815375663082266,1,0
SESS_REAL_02285,5.389071049240094,0,0.9507086180724394,1,0
SESS_REAL_06416,7.344381496401289,0,0.9763847453385712,1,0
SESS_REAL_02945,2.797919352463129,1,0.9899564091282606,1,0
SESS_REAL_05264,44.34049227254357,1,0.9365552714364435,1,0
SESS_REAL_02441,10.862901457074152,0,0.928586016015839,1,0
SESS_REAL_00463,12.006645326434423,1,0.9669576516877396,1,0
SESS_FAKE_00003,20.95724731462365,7,0.23987790720086802,0,1
SESS_FAKE_00033,37.452594402856704,8,0.4974060623049152,0,1
SESS_FAKE_00593,34.80171191088012,3,0.18813107617512792,0,1
SESS_REAL_06819,16.3456010932198,0,0.9432541890835153,1,0
SESS_REAL_03480,3.502449461527654,2,0.9620145657572434,1,0
SESS_FAKE_01037,92.37570404772086,6,0.2963836465503525,0,1
SESS_REAL_05449,3.1112049969381577,3,0.9606069751367243,1,0
SESS_REAL_05825,6.878268026917725,1,0.9270332573026991,1,0
SESS_REAL_08047,1.8800542577253625,0,0.9315012908249629,1,0
SESS_REAL_02889,23.181935986571638,1,0.9772738805779865,1,0
SESS_REAL_07276,5.805088523989288,1,0.9156129107870272,1,0
SESS_FAKE_01181,35.48524248116228,7,0.28378573627691833,0,1
SESS_REAL_02373,8.243976103248073,2,0.9423584363004232,1,0
SESS_FAKE_00514,42.51988675447379,5,0.3570752562657451,0,1
SESS_REAL_04828,5.958130282472678,0,0.9411921213676019,1,0
SESS_FAKE_01472,72.04288904562789,7,0.3416895555699966,0,1
SESS_REAL_04250,7.194680649805609,2,0.985017412803371,1,0
SESS_FAKE_00959,35.72172485054141,10,0.37900671903873423,0,1
SESS_REAL_02517,9.274494767253879,2,0.9352880224231274,1,0
SESS_REAL_03286,7.388866440421794,2,0.9993434493864917,1,0
SESS_REAL_08132,43.94614828087914,1,0.9058650985173019,1,0
SESS_REAL_00918,18.807054044791634,2,0.9543026956260375,1,0
SESS_REAL_07575,3.71571729155735,1,0.9658443640911201,1,0
SESS_REAL_01557,7.8525291880029275,3,0.9492858887571279,1,0
SESS_REAL_08239,3.487812983651942,1,0.9438784865862776,1,0
SESS_REAL_05716,4.003530910475122,4,0.9408330861607148,1,0
SESS_REAL_04460,7.684822641774646,3,0.9708812723328946,1,0
SESS_FAKE_00005,31.94479306464782,7,0.15683574362056305,0,1
SESS_REAL_05021,8.359575015800418,0,0.9804694019899914,1,0
SESS_REAL_06500,4.1953640612764165,1,1.0,1,0
SESS_FAKE_01467,49.31522310538838,10,0.1271068688157847,0,1
SESS_REAL_02391,3.6906459096577966,3,0.9528638140267648,1,0
SESS_REAL_05142,11.959294392660055,1,0.9537216625351561,1,0
SESS_FAKE_01185,32.56555871947168,15,0.0,0,1
SESS_REAL_06427,18.97282234063821,1,0.9670032404371163,1,0
SESS_REAL_00966,16.73476783966424,0,0.9642317319546817,1,0
SESS_REAL_01885,8.928894223996512,0,0.9539026080878521,1,0
SESS_REAL_06783,6.056442466073679,2,0.954967715145124,1,0
SESS_FAKE_00163,14.047426303641416,5,0.048705136903309576,0,1
SESS_REAL_01908,6.250900131640276,0,0.9799690350594986,1,0
SESS_REAL_03311,14.330837620503695,0,0.9483797839424222,1,0
SESS_REAL_07555,8.665296056804248,1,0.9542588653222752,1,0
SESS_REAL_07845,12.939845931470916,2,0.9268494062515131,1,0
SESS_REAL_07917,3.051261412163865,0,0.9554187730821524,1,0
SESS_FAKE_01433,11.437137420984891,11,0.31496794621327945,0,1
SESS_REAL_05778,22.279508894732068,0,1.0,1,0
SESS_FAKE_00795,14.745268131563952,8,0.09572459991407592,0,1
SESS_REAL_08431,12.132142432544484,0,1.0,1,0
SESS_REAL_03788,3.0164101138716837,0,0.9111068487324501,1,0
SESS_REAL_02300,20.96940731310775,0,0.9136185477260345,1,0
SESS_REAL_05565,1.7994379353895797,1,0.8780045385963293,1,0
SESS_REAL_07179,9.85241149983619,0,0.9509323855471178,1,0
SESS_REAL_01757,9.529747489334015,2,0.9397813084631547,1,0
SESS_REAL_07069,3.924262208447587,1,0.9547414136555484,1,0
SESS_REAL_00422,2.6476433584838333,1,0.9347025649448518,1,0
SESS_REAL_00508,37.40086230040123,1,0.9674650099021204,1,0
SESS_REAL_03840,10.600478364399759,2,0.9811727126593021,1,0
SESS_FAKE_01327,28.593079773145355,8,0.5310175327037401,0,1
SESS_REAL_07304,1.9971875702907207,1,0.9258089396986274,1,0
SESS_REAL_04717,66.98621556760585,3,0.9459559966339944,1,0
SESS_REAL_04086,3.1845832677196473,1,0.96592960488086,1,0
SESS_FAKE_00982,139.9217503570714,10,0.47229369302672086,0,1
SESS_REAL_06014,8.782684412196918,1,0.9370420109197692,1,0
SESS_REAL_03306,7.092775623525075,2,0.937506117936175,1,0
SESS_REAL_02601,2.1703651167109963,1,0.9326823253702475,1,0
SESS_REAL_02598,5.513495959964905,0,0.933251528209692,0,0
SESS_REAL_05710,3.7178881368137873,0,0.9221560431845064,1,0
SESS_REAL_06597,4.984199082351582,1,0.971290212207542,1,0
SESS_REAL_03874,2.0138280555721746,1,0.9450104882021094,1,0
SESS_REAL_07770,9.911462128424208,0,0.9663525726923362,1,0
SESS_REAL_00780,15.708020509051403,1,0.951798286681915,1,0
SESS_REAL_04923,27.033014038813,1,0.9729744144176117,1,0
SESS_FAKE_00015,52.38814270992209,7,0.27638853334739344,0,1
SESS_FAKE_00825,10.897310782907994,15,0.2793574307522694,0,1
SESS_REAL_08451,2.9661599045810263,1,0.8983177002603718,1,0
SESS_REAL_02968,36.77010636611042,0,0.9451334255293534,1,0
SESS_REAL_06064,4.767016258499259,2,0.9744652467241126,1,0
SESS_REAL_07377,7.685747887769647,2,0.9500495515139731,1,0
SESS_REAL_05760,18.73235252895482,0,0.9085895503706762,1,0
SESS_REAL_06408,10.111456790787189,1,0.971395197263768,1,0
SESS_REAL_06167,53.222716230132555,0,0.966549431192757,1,0
SESS_REAL_00643,6.260990762783792,1,0.9537247581154165,1,0
SESS_REAL_06585,7.837771889562795,1,0.9437260668580506,1,0
SESS_REAL_01633,20.543311714996204,0,0.9519758919895926,1,0
SESS_REAL_08198,11.830265102745733,1,0.9332215256465233,1,0
SESS_REAL_01952,12.44236536550513,1,0.9526057932744083,1,0
SESS_REAL_04682,35.679798682208144,1,0.9125441395302719,1,0
SESS_REAL_03785,2.8238672325585075,0,0.9795345500730397,1,0
SESS_REAL_00383,26.69298976904336,0,0.9483672709888608,1,0
SESS_FAKE_00433,128.412674046004,10,0.531184737481352,0,1
SESS_FAKE_00758,86.18574499465029,4,0.3267623040557207,0,1
SESS_REAL_01383,5.083030565088074,0,0.9564659593938224,0,0
SESS_REAL_00910,12.207813001719664,4,0.8765751457295101,1,0
SESS_REAL_00562,3.259350614739344,2,0.9707552541202656,1,0
SESS_REAL_02049,2.5231049456360193,0,0.98650579127387,1,0
SESS_FAKE_01418,62.22760879917993,9,0.15658064656250434,0,1
SESS_FAKE_00693,120.72550038174194,10,0.08290213189142509,0,1
SESS_REAL_03975,29.65133507696592,1,0.9599322767297147,1,0
SESS_REAL_05342,2.6492231115161022,0,0.9221045686095437,1,0
SESS_REAL_03491,12.702675801756309,1,0.9595055701619987,1,0
SESS_REAL_01065,17.55381331168399,1,0.9299346112139366,1,0
SESS_REAL_08417,11.646721355757899,0,0.9097686045624442,1,0
SESS_FAKE_01424,26.0118112171672,13,0.12030380552819195,0,1
SESS_FAKE_01280,57.12587381541178,6,0.35600168592603565,0,1
SESS_REAL_06828,15.027587362876389,3,0.9255503934706967,1,0
SESS_REAL_01564,22.25314710622842,1,0.9730697460903475,1,0
SESS_FAKE_01121,23.465112841465988,14,0.3001235915106655,0,1
SESS_REAL_08051,3.8182455779153535,1,0.9533863629095775,1,0
SESS_REAL_00352,14.399697168659973,0,0.9853617225975686,1,0
SESS_REAL_01367,30.26703847547094,2,0.9611184191584357,1,0
SESS_REAL_07704,2.1049241588303573,1,0.9984431790668667,1,0
SESS_FAKE_01333,12.542114676927461,9,0.3503199889616516,0,1
SESS_REAL_07333,10.270013494883557,1,0.9690091121594805,1,0
SESS_REAL_07773,6.206528164402247,2,0.9502185491672441,1,0
SESS_REAL_05156,3.940749518782954,0,0.9354494548092116,1,0
SESS_REAL_03881,17.27824277367594,1,0.9560010248639051,1,0
SESS_REAL_02367,11.31479807673896,3,0.9175982757409478,1,0
SESS_REAL_00485,29.27079323379177,0,0.9949415085360979,1,0
SESS_REAL_08249,20.68211645346867,3,0.9360789271775956,1,0
SESS_FAKE_00868,18.33453173211852,8,0.5165432561312129,0,1
SESS_FAKE_00074,72.56582480225939,10,0.5149661895818283,0,1
SESS_REAL_01736,8.669346357513387,2,0.9512448825866857,1,0
SESS_REAL_01743,1.6331107202584063,1,0.9407505689237046,1,0
SESS_REAL_00662,12.669996101606511,0,1.0,1,0
SESS_REAL_06321,10.048177083621841,0,0.9509073448302394,1,0
SESS_REAL_00887,4.7645834665079425,0,0.9551172674443106,1,0
SESS_REAL_05220,5.778889059264883,2,0.9795620545072081,1,0
SESS_REAL_01247,1.8968029601998286,1,1.0,1,0
SESS_FAKE_00877,106.33942017978988,3,0.5617610815321157,0,1
SESS_REAL_04031,5.287118957201947,3,0.962718321172119,1,0
SESS_REAL_07986,19.887084862014447,3,0.8736753613871397,1,0
SESS_REAL_04584,15.618457285197785,4,0.9474911094548323,1,0
SESS_FAKE_00852,132.6524552793097,12,0.34087646495756585,0,1
SESS_REAL_03981,21.15706169845827,2,0.9119360626241332,1,0
SESS_FAKE_01243,100.50079753444209,4,0.339999268816462,0,1
SESS_REAL_03829,4.500608327865445,2,0.9369777853472178,1,0
SESS_REAL_05807,49.30437709086815,0,0.9407857247228617,1,0
SESS_REAL_04400,3.078863022737207,3,0.9384468386946664,1,0
SESS_REAL_06483,1.6211735110859469,1,0.8859411574976093,1,0
SESS_REAL_00218,14.085285771633217,1,0.9538629120904529,1,0
SESS_REAL_03600,3.3269595314525486,1,0.8728658944068376,1,0
SESS_REAL_07126,2.3767940147087296,2,0.9380810476537039,1,0
SESS_FAKE_00409,27.440146607502506,10,0.24075047345519993,0,1
SESS_REAL_05469,6.8493635458548034,1,0.9483936304312272,1,0
SESS_REAL_01246,3.18832783113099,2,0.9447321159601114,1,0
SESS_REAL_04744,4.67897240167853,0,0.950747704584626,1,0
SESS_REAL_01018,31.150383169506362,1,0.9529695946112074,1,0
SESS_REAL_04021,4.801638535420446,1,0.9673075154121106,1,0
SESS_REAL_06264,23.68287091823769,0,0.9311917809334678,1,0
SESS_REAL_07183,19.200185805547378,2,0.9621003490303561,1,0
SESS_REAL_00273,30.835391542039638,2,0.9282198769026199,1,0
SESS_REAL_04840,38.88756669922968,1,0.9409313467071948,1,0
SESS_FAKE_00428,27.984502891884418,8,0.2641030841919465,0,1
SESS_REAL_06963,13.830363108767372,1,1.0,1,0
SESS_FAKE_00628,53.16489532345229,10,0.21439247246794324,0,1
SESS_REAL_04865,13.615529946184129,3,0.9794083697332813,1,0
SESS_REAL_01328,14.400194464098224,3,0.9155345519549997,1,0
SESS_REAL_03913,47.49565152184229,0,0.9722346747225474,1,0
SESS_REAL_06166,7.778987322610792,0,0.9166856263473128,1,0
SESS_REAL_04477,6.814476172233123,2,0.9258880213123015,1,0
SESS_FAKE_01170,108.31421388230657,7,0.2278934544459881,0,1
SESS_REAL_02976,23.416011793327698,1,0.9472704158588229,1,0
SESS_REAL_07627,8.467137786482727,2,0.9748967570006026,1,0
SESS_REAL_03931,3.898740049396389,2,1.0,1,0
SESS_REAL_01995,14.338729207391328,2,0.9334789735409823,1,0
SESS_REAL_02106,24.853979766160347,2,0.9608818869969791,1,0
SESS_REAL_07720,11.190806881801645,1,0.9263335539399333,1,0
SESS_REAL_03183,4.951496031554423,1,0.9637541770759664,1,0
SESS_REAL_00317,3.7836784337053047,3,0.9697373789477828,1,0
SESS_REAL_03350,4.4035233239105995,4,0.9736509440233206,1,0
SESS_REAL_07343,9.564209856926432,0,0.9601546340631282,1,0
SESS_REAL_06212,7.649329728129273,1,0.9654030855904401,1,0
SESS_REAL_05274,9.155419246326591,0,0.920517299214775,1,0
SESS_REAL_04537,12.96726572378969,1,0.9569211846937308,1,0
SESS_REAL_04075,11.778138967346184,1,0.9215274191514463,1,0
SESS_REAL_02781,23.76787255664917,0,0.9584790156877967,1,0
SESS_REAL_02494,10.091475187368745,2,0.9651600183162209,1,0
SESS_REAL_07420,4.121369368813571,0,0.9107594307660752,1,0
SESS_REAL_07435,28.746823593145955,2,0.969764833314212,1,0
SESS_REAL_00820,20.985694932794146,2,0.9552799175638218,1,0
SESS_REAL_03952,45.61895105550505,2,0.9703058641200324,1,0
SESS_REAL_07849,1.664804677903899,1,0.9091611219914087,1,0
SESS_REAL_04365,14.678139755139712,3,0.9044176437189857,1,0
SESS_REAL_00751,35.227400207186506,0,0.965391900290407,1,0
SESS_REAL_06424,8.373912002648455,2,0.948968542091124,1,0
SESS_REAL_08411,48.839650218544655,1,0.9628278895832172,1,0
SESS_REAL_01644,2.6201877545162615,0,0.9505075939750025,1,0
SESS_REAL_05998,9.469834507211152,1,0.9928617340137976,1,0
SESS_REAL_06131,18.442305014604933,4,0.9243249149418041,1,0
SESS_REAL_07236,12.897250698134012,2,0.9270417760014119,1,0
SESS_REAL_05187,6.919439288583725,3,0.9640610890174822,1,0
SESS_REAL_08191,7.530128872121627,0,0.898100066260492,1,0
SESS_REAL_00193,13.532039033794618,0,0.9708788376591081,1,0
SESS_REAL_05515,19.446736873092046,4,0.9388186908614075,1,0
SESS_REAL_08297,13.908167206853577,0,0.9193404939495702,1,0
SESS_REAL_07315,56.00579709614686,0,0.8809335896133426,1,0
SESS_REAL_01540,16.315091993276226,3,0.9751661258203408,1,0
SESS_REAL_01933,12.600577592488941,6,0.9534995195004682,1,0
SESS_REAL_06730,8.886075432617131,3,0.9186422393046303,1,0
SESS_REAL_03388,1.9771122201665516,2,1.0,1,0
SESS_REAL_01235,7.016388650066416,1,1.0,1,0
SESS_REAL_07590,4.05855999896877,2,0.9567868864284654,1,0
SESS_FAKE_00300,31.928062309959056,10,0.1642769422610487,0,1
SESS_REAL_07854,9.713910979716733,3,0.924431030027012,1,0
SESS_REAL_05296,9.06704123446446,1,0.9824496554530904,1,0
SESS_FAKE_01245,19.411380275435278,9,0.2475430106648559,0,1
SESS_REAL_05350,17.35328961880458,2,0.9865769041277611,1,0
SESS_REAL_02419,7.392016351560978,2,0.9427609693489606,1,0
SESS_FAKE_01073,73.16127916473583,10,0.24999277434675765,0,1
SESS_REAL_01479,8.363549960902638,2,0.9372269038167391,1,0
SESS_FAKE_01176,21.370530087616363,10,0.4046176187192675,0,1
SESS_REAL_03015,6.378487617394008,2,0.942069517434087,1,0
SESS_REAL_06723,8.196455203138171,2,0.941854042498328,1,0
SESS_REAL_05958,19.12210685771155,2,0.971530855105599,1,0
SESS_REAL_04956,6.798998751031714,0,0.9516351326532186,1,0
SESS_REAL_03149,8.769229757055582,3,0.9538988561470734,1,0
SESS_REAL_00801,3.4861261094894607,1,0.9287545381130295,1,0
SESS_REAL_01008,4.946874186481441,0,0.9401789392716874,1,0
SESS_FAKE_00903,20.176693140062078,3,0.2649634164142419,0,1
SESS_REAL_07843,8.998899211911901,1,0.891448781108437,1,0
SESS_REAL_03134,4.181953629592165,0,0.9065425685951913,1,0
SESS_REAL_07619,8.41575981892952,1,0.9584593400469339,1,0
SESS_REAL_06552,12.072656579356327,2,0.9282477518898049,1,0
SESS_FAKE_00336,41.74211784636245,12,0.5275303933732687,0,1
SESS_REAL_05898,38.004837038585805,1,1.0,1,0
SESS_FAKE_00610,69.64274464242476,8,0.17842676021473658,0,1
SESS_REAL_08255,25.080888496546606,1,0.9575857473769505,1,0
SESS_FAKE_01292,47.87805110934502,2,0.4468675766169347,0,1
SESS_REAL_06554,18.675801127508418,1,0.9432440171245038,1,0
SESS_REAL_05816,3.039158150534166,0,0.986823832768386,1,0
SESS_REAL_04621,18.860226591837417,3,0.9802665841030028,1,0
SESS_FAKE_00301,80.34103978330585,8,0.23181732357465676,0,1
SESS_REAL_01742,19.0998999140423,2,0.9909749686636962,1,0
SESS_REAL_05787,22.05606728590528,1,0.9811292004428955,1,0
SESS_REAL_05371,6.613383462645237,0,0.9615499756771855,0,0
SESS_REAL_00864,7.645178415299056,1,0.9180069957480447,1,0
SESS_FAKE_00726,205.3206580021488,13,0.3530696804110946,0,1
SESS_REAL_07253,29.615019632604813,1,0.9694101191708177,1,0
SESS_REAL_01181,6.520273079869334,3,0.9538501708160881,1,0
SESS_REAL_06005,40.84926211990419,0,0.9768024787006799,0,0
SESS_REAL_07003,18.968677685753484,2,0.9469933295186538,1,0
SESS_REAL_03741,21.906003445609976,4,1.0,1,0
SESS_REAL_00862,10.417891855111161,1,1.0,1,0
SESS_REAL_00603,2.614630894324411,1,0.9425874050989014,1,0
SESS_REAL_02550,6.647639967592568,1,0.9603391681841462,1,0
SESS_REAL_08256,4.981255285195277,2,0.923618095303589,1,0
SESS_REAL_08181,3.4918501247934555,4,0.9697861557677426,1,0
SESS_FAKE_01131,14.623074533318306,8,0.2963726220444507,0,1
SESS_REAL_04110,11.459142872749634,2,0.9757022952753162,1,0
SESS_REAL_07894,9.594580410647874,0,0.9692055393426968,1,0
SESS_FAKE_00012,40.14545515490123,5,0.34468589354365153,0,1
SESS_REAL_04188,15.68740185052779,1,0.97588452665691,1,0
SESS_REAL_04095,9.013422162566961,1,0.9479569827697346,1,0
SESS_REAL_02217,5.467428931287829,1,0.963504492801792,1,0
SESS_FAKE_00712,14.52225378061874,1,0.5004449649108005,0,1
SESS_REAL_05734,15.065852957354483,0,0.9271443936796872,1,0
SESS_REAL_06060,7.700514651011559,2,0.9480269382932822,1,0
SESS_REAL_04789,6.308524264264886,1,0.9480295858157903,1,0
SESS_FAKE_01277,15.722713018379153,9,0.367439059017671,0,1
SESS_REAL_03973,16.331295312805434,2,0.9529080087719222,1,0
SESS_REAL_03893,8.213005672832892,0,0.909982353718469,1,0
SESS_FAKE_00108,20.94825188815272,9,0.3682581838448884,0,1
SESS_REAL_01396,8.264126288227109,3,0.9368683444410228,1,0
SESS_REAL_06544,9.694227105469198,2,0.9147235938618622,1,0
SESS_REAL_06063,11.705263722482375,3,0.930379171719654,1,0
SESS_REAL_05543,22.636104264933522,0,0.982969099874574,1,0
SESS_FAKE_01420,24.804053048532026,9,0.5711068353969082,0,1
SESS_REAL_05809,7.957559127574956,0,0.955231869121337,1,0
SESS_REAL_01222,8.29468167004094,1,0.984159168490614,1,0
SESS_REAL_04170,3.8360864940946837,0,0.9587940831867167,1,0
SESS_REAL_01967,6.897433134587165,2,0.91716362074643,1,0
SESS_REAL_02961,6.583706929992173,0,0.899687163245835,1,0
SESS_REAL_06667,17.871678551748587,1,0.9407689513839819,1,0
SESS_REAL_04256,74.65864258328591,1,0.9536019168719443,1,0
SESS_REAL_00986,15.492511868797692,1,0.9583266191047958,1,0
SESS_REAL_00961,12.590426627821387,1,0.9582470633924666,1,0
SESS_REAL_06088,16.325401787722477,3,0.9586914506970841,1,0
SESS_REAL_05808,13.420769889917478,1,0.9938621564500629,1,0
SESS_REAL_03032,18.180727657184086,0,0.8971187902987519,1,0
SESS_FAKE_00035,28.12908377504148,9,0.3032076550247343,0,1
SESS_FAKE_00177,49.45582896864562,3,0.5136088487589169,0,1
SESS_REAL_08378,11.782148069448134,3,0.9482097552534932,1,0
SESS_REAL_02156,3.3374224087300215,1,0.9852632193486759,1,0
SESS_REAL_00212,14.165297785622984,3,0.9264110778387542,1,0
SESS_REAL_03661,9.848420758751432,1,0.9766985028822825,1,0
SESS_REAL_04464,15.004011582027438,1,0.9895418386951217,1,0
SESS_REAL_07913,2.1066764222411685,1,0.9832352090008081,1,0
SESS_FAKE_00764,26.012427307112688,7,0.4798272107068306,0,1
SESS_FAKE_00598,86.89634348102781,11,0.42663259190738767,0,1
SESS_FAKE_00530,28.056462989842174,9,0.4298690349668895,0,1
SESS_REAL_06451,70.62150767654515,0,0.9198886769082627,1,0
SESS_REAL_06283,16.504698773041223,2,0.9084330720830188,1,0
SESS_REAL_06322,10.969282401151801,1,0.958187395554981,1,0
SESS_REAL_03133,10.929834814200422,1,0.9648076545762257,1,0
SESS_FAKE_00820,86.4075860030257,7,0.2272057935554783,0,1
SESS_REAL_06573,27.069633329187468,1,0.9502104255154249,1,0
SESS_REAL_03686,33.26538903154175,1,0.9210352342700588,1,0
SESS_REAL_01500,10.284696657619122,3,0.9488414859935386,1,0
SESS_REAL_01325,6.429877491977152,2,0.9477783039006777,1,0
SESS_REAL_01622,11.414571121727533,1,0.9044176432737707,1,0
SESS_FAKE_00510,47.73247709206967,9,0.5409779097672853,1,1
SESS_REAL_03728,3.6321783054727774,1,0.9752556988818945,1,0
SESS_REAL_06545,2.580621013951779,2,0.9649591797655008,1,0
SESS_REAL_01224,8.0310857123226,1,0.9965684872813014,1,0
SESS_REAL_00565,12.196768507979336,1,0.9688211801056226,1,0
SESS_REAL_03682,19.281585675826364,2,0.9466017574016553,1,0
SESS_REAL_02638,37.63568506052255,1,0.902667403165994,1,0
SESS_REAL_04677,40.559203870848854,1,0.9332415868060661,1,0
SESS_REAL_02559,9.832757961256723,2,0.9712374001716051,1,0
SESS_REAL_08007,5.0706146869714255,0,0.9363553384500772,1,0
SESS_REAL_05254,25.34975611479108,1,0.9336484758675114,1,0
SESS_FAKE_00943,15.37399290697472,12,0.5265180525023905,0,1
SESS_REAL_06462,37.16196206642409,1,0.9320763478756632,1,0
SESS_FAKE_01108,109.94792552297066,8,0.062003316432425154,0,1
SESS_REAL_07011,21.17294267875408,2,0.9780192296605587,1,0
SESS_REAL_02753,6.580962413927554,2,0.9968582221156034,1,0
SESS_REAL_03180,2.904230085727578,2,0.9451606183167938,1,0
SESS_REAL_05424,8.559237359140761,0,0.947602667069855,1,0
SESS_REAL_01180,41.059455333211986,0,0.9384811939389548,1,0
SESS_REAL_01278,3.3447468260767037,3,1.0,1,0
SESS_FAKE_00500,33.17813993267817,11,0.08731774230063172,0,1
SESS_REAL_01914,8.643768726124435,2,0.9341383510148955,1,0
SESS_REAL_01295,4.179976491094166,1,0.8911102427704183,1,0
SESS_REAL_04252,6.473560467535929,1,0.9723779667357134,1,0
SESS_REAL_08361,3.2071157808758004,2,0.9194805533303868,1,0
SESS_REAL_07736,31.02722247088677,2,0.9011878485426362,1,0
SESS_REAL_04631,5.988714402465258,1,0.907306906673526,1,0
SESS_REAL_05616,26.658609785225522,0,0.9727062579638995,1,0
SESS_REAL_01125,11.104977378838786,2,0.9402949199172508,1,0
SESS_REAL_01077,15.159991783517366,0,0.9684244308211319,1,0
SESS_REAL_05364,10.187410029431074,2,0.9503282934435042,1,0
SESS_REAL_06417,31.14015044889997,0,0.9269205769743618,1,0
SESS_REAL_07726,2.712781737592154,3,0.93277932968151,1,0
SESS_FAKE_00157,43.37465611582984,10,0.20635412230404615,1,1
SESS_REAL_02358,10.661998150714163,0,0.9082105514697443,1,0
SESS_REAL_08026,22.49940056208556,2,0.9528428322758599,1,0
SESS_REAL_05621,30.54568529868383,0,0.9383204083104405,1,0
SESS_FAKE_00204,93.81050093910318,9,0.28235284288076035,0,1
SESS_REAL_04504,9.727845242636826,0,0.8916858545932146,1,0
SESS_REAL_06861,30.263486281539237,1,0.9559599875811193,1,0
SESS_REAL_01223,36.006821193595854,2,0.8698949619988535,1,0
SESS_REAL_05162,6.237333630520869,1,0.9363873164716547,1,0
SESS_REAL_01957,8.062575719383172,1,0.9753753153405406,1,0
SESS_REAL_02119,27.187265284107276,1,0.9427659516683629,1,0
SESS_REAL_01308,6.4761929897572035,0,0.9273354981938925,1,0
SESS_FAKE_01384,24.03175260012687,7,0.17432560317728155,0,1
SESS_REAL_04032,2.5166287500472593,1,0.9821047560323761,1,0
SESS_REAL_06744,9.28060576122698,0,0.9664490900268727,1,0
SESS_REAL_04948,21.123058573040815,0,0.9456938468821396,1,0
SESS_REAL_00002,17.30094832254539,1,0.9035573483092252,1,0
SESS_REAL_06914,5.64148319793285,1,0.9338172181562185,1,0
SESS_REAL_01709,14.104762071895436,1,0.9733893155708455,1,0
SESS_REAL_02170,15.412858368298636,3,0.9374069086289956,1,0
SESS_REAL_03340,27.892538522395842,0,0.9660691276539548,1,0
SESS_REAL_06887,6.822098630953742,1,0.9645379130752575,1,0
SESS_FAKE_00441,14.911954724135052,6,0.3676174965200567,0,1
SESS_REAL_06129,5.520215148292651,2,0.9075724065191407,1,0
SESS_REAL_03871,3.907471745253506,1,0.9561243981352416,1,0
SESS_FAKE_01120,60.521981056924254,7,0.5236043159847225,0,1
SESS_REAL_06206,5.089888165718351,3,0.9270508637236267,1,0
SESS_REAL_00889,4.843434196937367,1,0.9261888626149328,1,0
SESS_FAKE_00128,102.71095727580004,13,0.34450398136680066,0,1
SESS_REAL_06401,27.18979885723607,2,0.9336417882325634,1,0
SESS_FAKE_00354,25.372007558590713,12,0.35364161633212515,0,1
SESS_REAL_06295,27.06888691875522,0,0.9649633115525801,1,0
SESS_REAL_02624,7.184632926714192,0,0.9585489474548808,1,0
SESS_REAL_00726,3.3066989569703114,1,0.9278022881445347,1,0
SESS_REAL_03071,12.799530698301837,0,0.9786213023438992,1,0
SESS_REAL_00701,2.1385758174854557,0,0.9151505784308858,1,0
SESS_FAKE_01379,34.20001310792468,10,0.16808459238654194,0,1
SESS_REAL_05628,10.988494621827737,3,0.9828681301168624,1,0
SESS_REAL_03318,21.08600994589686,1,0.9390097003823146,1,0
SESS_REAL_01551,12.543941073045895,1,1.0,1,0
SESS_REAL_02977,1.6378040292511626,1,0.9591620804568027,1,0
SESS_REAL_04118,3.3557500506083247,1,0.9712070684188076,1,0
SESS_REAL_04872,4.12814811790723,2,0.9729689101451484,1,0
SESS_REAL_02296,4.467218842409167,1,0.9508671977997738,1,0
SESS_REAL_05696,8.629870642674561,2,0.930752992893514,1,0
SESS_FAKE_00844,15.789452181748956,11,0.4142444974819051,0,1
SESS_REAL_00637,4.83231363912784,0,0.949919657373256,1,0
SESS_REAL_02485,49.05182655771566,0,0.9439801057066458,1,0
SESS_REAL_05788,89.56800680250399,0,0.8750960564864274,1,0
SESS_REAL_07780,8.794685399570822,2,0.9530363483569999,1,0
SESS_REAL_08409,7.235654518795378,2,0.970018159765965,1,0
SESS_REAL_04873,4.75357051056522,6,0.9356621519366836,1,0
SESS_REAL_03758,8.244534835847865,2,0.9684511288328312,1,0
SESS_REAL_05907,19.560122445296308,1,0.9130761018123071,1,0
SESS_REAL_05217,17.77476705260745,2,0.9876932892138914,1,0
SESS_REAL_04576,7.845485004380125,2,0.958767578287288,1,0
SESS_FAKE_01056,55.205314023503945,9,0.13750896168513854,0,1
SESS_REAL_08357,10.5822238697741,1,0.9720737916193914,1,0
SESS_REAL_06011,21.933257420330264,0,0.9950408751446069,1,0
SESS_REAL_07204,34.1149191183159,0,0.9212243611371226,1,0
SESS_FAKE_00493,112.91354703593396,11,0.0944221190620452,0,1
SESS_REAL_05707,2.8107500531291727,1,0.9820206412974853,1,0
SESS_REAL_03230,10.288260012229973,1,0.9786125077818542,1,0
SESS_REAL_06620,2.942052129207328,0,0.9228374224647968,1,0
SESS_REAL_03284,9.03527611205409,1,0.8900348740220234,1,0
SESS_REAL_02343,6.757805264837164,0,0.935866609292261,1,0
SESS_REAL_01046,4.682587715590194,2,0.960741465165697,1,0
SESS_REAL_01963,7.310846043418959,2,0.9375495859461028,1,0
SESS_REAL_06157,16.919171010001648,1,1.0,1,0
SESS_REAL_01808,3.795514577460263,1,0.8930442076933228,1,0
SESS_FAKE_01380,12.058237818180206,14,0.1703646475882901,0,1
SESS_REAL_03845,14.319660466983649,3,0.9970915876226257,1,0
SESS_REAL_08435,4.9002561204712904,2,0.9326813644819199,0,0
SESS_FAKE_01481,35.17159735582591,6,0.10396405432655184,0,1
SESS_REAL_02433,5.58296357878334,0,0.9620565398938263,1,0
SESS_REAL_07901,4.49920485275439,2,1.0,1,0
SESS_REAL_06901,4.171298574029491,0,0.9416407747352425,1,0
SESS_REAL_06854,1.7351030403251437,2,0.9472455984878723,1,0
SESS_REAL_04332,8.454728906985686,2,0.8927834278697624,1,0
SESS_FAKE_01282,10.201552816315438,7,0.3991164781496041,0,1
SESS_FAKE_01007,50.10339671534105,4,0.09695811106570229,0,1
SESS_REAL_03971,10.928378733383134,1,0.9831049250381697,1,0
SESS_REAL_05679,3.8214192809466514,0,0.9026620079129516,1,0
SESS_REAL_05632,3.9782413272655517,0,0.9162962897852176,1,0
SESS_FAKE_00707,96.2758870259626,7,0.09853234999707913,0,1
SESS_REAL_03031,8.002303746130707,1,0.9516776198276965,1,0
SESS_REAL_04594,8.192208950141175,5,0.9917859406925412,1,0
SESS_REAL_04105,14.581462309784545,0,0.9572992467586625,1,0
SESS_REAL_04158,39.43624283728469,2,0.9322749407022839,1,0
SESS_REAL_04786,26.54048727954641,2,0.9450784003073356,0,0
SESS_REAL_06441,1.755135974367272,1,0.9704165161345725,1,0
SESS_REAL_02635,14.673226622009668,4,0.9059818280542365,1,0
SESS_REAL_00316,7.810315733581703,0,0.9955023439260144,1,0
SESS_REAL_01603,6.761990817725049,3,0.984326154759738,1,0
SESS_FAKE_00725,39.12354199142402,13,0.32828112793609016,0,1
SESS_REAL_05291,3.9445242150641278,1,0.9707252470957201,1,0
SESS_FAKE_00247,30.681025712409667,12,0.37937470309575566,0,1
SESS_REAL_01599,28.45342214958707,1,0.9418598250432196,1,0
SESS_REAL_08391,2.626873399171651,0,0.9362704644332732,1,0
SESS_REAL_07505,36.609696383397534,1,0.9392912539332102,1,0
SESS_REAL_03154,8.512493038847703,1,0.9129799963778021,1,0
SESS_REAL_00354,2.37818923507489,1,0.9279340800227724,1,0
SESS_REAL_02453,6.61922994620521,1,0.9242452519926362,1,0
SESS_REAL_03702,6.084786905577978,0,0.9993314085710373,1,0
SESS_REAL_07284,4.295657873993354,0,0.9693440845758953,1,0
SESS_REAL_00557,1.8504602571851363,3,0.9575734566486098,1,0
SESS_REAL_02565,5.699635312560588,0,0.9424947011225926,1,0
SESS_REAL_00203,28.95876600213007,0,0.906596280385104,1,0
SESS_REAL_07860,2.18306574970495,0,0.9635511186018783,1,0
SESS_REAL_07644,3.6598270036385676,1,0.9406275930850666,1,0
SESS_REAL_01591,58.37264169437243,1,0.9262631847005904,1,0
SESS_REAL_05052,3.966251269046669,2,0.9518869975221992,1,0
SESS_REAL_00118,28.269760862826733,0,1.0,1,0
SESS_REAL_01575,2.7073225351536117,0,0.9520971996337647,1,0
SESS_REAL_00868,25.247391939553683,1,0.9819336862442191,1,0
SESS_FAKE_00448,17.279054790749356,10,0.303663298752167,0,1
SESS_REAL_07603,29.625259154094046,2,0.9438207116410986,1,0
SESS_REAL_08412,6.674424428517328,2,0.9783409661551841,1,0
SESS_REAL_05086,19.070921972972158,2,0.9455933568829402,1,0
SESS_REAL_00303,13.67444937845539,3,0.9172189441025874,1,0
SESS_REAL_04192,9.816782014231874,1,0.9315590953097699,1,0
SESS_REAL_00543,14.865954470079004,1,0.9271368441983697,1,0
SESS_FAKE_00874,34.155956458405,7,0.36105493131905336,0,1
SESS_REAL_00242,31.062118615606096,1,0.9188307954885571,1,0
SESS_REAL_02814,11.491264652503894,1,0.8911271146181434,0,0
SESS_REAL_04712,5.059014298383889,2,0.9692046032707142,1,0
SESS_REAL_07559,21.46697299920054,0,0.9703912038989626,1,0
SESS_REAL_01171,49.177961615692894,0,0.9141698250614217,1,0
SESS_REAL_00886,14.192389067046921,0,0.9297613842692992,1,0
SESS_FAKE_00165,56.63454382023799,9,0.21906639551576484,0,1
SESS_REAL_05233,7.84648098745982,0,0.9472780315312666,1,0
SESS_REAL_08459,6.305281170997107,0,0.9336892087066284,1,0
SESS_REAL_03106,16.924269023472714,2,0.9869713760005187,1,0
SESS_REAL_02535,23.05966723792081,1,0.9613901856705321,1,0
SESS_REAL_05592,2.320056703083829,3,0.9337453081618603,1,0
SESS_REAL_06800,2.20552882978533,1,0.9046716269797979,1,0
SESS_REAL_06593,24.622665608180792,0,0.9316766330707491,1,0
SESS_REAL_03360,20.589834806499876,1,0.9396515205435657,1,0
SESS_REAL_04875,13.853347556408913,1,0.916653129725352,1,0
SESS_REAL_06518,48.90989849434952,0,0.9482957780985362,1,0
SESS_REAL_07557,10.008816961987321,2,0.9141623105893438,1,0
SESS_REAL_00420,20.318344994653785,1,0.9581296464406159,1,0
SESS_REAL_04916,6.267074303039743,1,1.0,1,0
SESS_REAL_02395,6.593526914087281,2,0.9593362278251831,1,0
SESS_FAKE_00072,90.15032854708085,5,0.2714526670725121,0,1
SESS_REAL_05728,3.69047849364261,1,0.8977322309155994,1,0
SESS_REAL_06534,2.440886837338108,0,0.9737799520052025,1,0
SESS_REAL_04418,6.402326410305422,2,0.9055019302865466,1,0
SESS_REAL_06250,8.979196513531894,0,0.9125187654657525,1,0
SESS_REAL_02334,2.9590663374817563,0,0.9421952966111997,1,0
SESS_REAL_06482,13.192613515199811,2,0.9067749086368705,1,0
SESS_REAL_04459,11.04450900540188,1,0.9654983557573039,1,0
SESS_REAL_07445,16.26987380392313,1,0.9744776685749765,1,0
SESS_REAL_02430,12.584101448217268,3,1.0,1,0
SESS_REAL_00853,28.899778281739565,1,0.921596478087614,1,0
SESS_REAL_01504,7.240216378785663,1,0.9991326505561433,1,0
SESS_REAL_01600,4.056348382319568,1,0.9576360290311083,1,0
SESS_REAL_01573,25.33553115854253,0,0.9786108539790732,1,0
SESS_REAL_01478,20.682785717373307,1,0.9230812045572734,1,0
SESS_REAL_03285,2.444619476255494,0,0.9443534724794298,1,0
SESS_REAL_05196,17.5979654808415,3,0.9408652563777402,1,0
SESS_REAL_01632,14.62033527451306,2,0.9723852216110014,1,0
SESS_REAL_07054,9.590706276466854,3,0.9204193692748679,1,0
SESS_REAL_07004,6.681265935865533,0,0.9339807598817261,1,0
SESS_REAL_05496,11.890405766364871,1,0.917923732247917,1,0
SESS_REAL_00803,12.698650284408181,2,0.9215264711516004,1,0
SESS_REAL_06774,8.241875070164406,2,0.931077653997094,1,0
SESS_REAL_01754,46.193460277714536,2,0.9568678220810826,1,0
SESS_REAL_05995,15.34070088280381,0,0.928391600476373,1,0
SESS_REAL_04267,2.2609823413288694,2,0.9115703622878767,1,0
SESS_FAKE_00392,11.099150041472972,9,0.2578368927722218,0,1
SESS_REAL_05755,7.291395202084352,1,0.9652086660621048,1,0
SESS_REAL_06098,4.150698863416135,1,1.0,1,0
SESS_REAL_05386,8.576647198044459,1,0.9465135986853319,1,0
SESS_REAL_07779,10.263170454509815,2,0.9825816956808114,1,0
SESS_REAL_03472,12.789996092630876,0,0.9715543921604193,1,0
SESS_REAL_08309,10.024469648401142,0,0.9409360884463789,1,0
SESS_REAL_06089,1.7565202235055715,2,0.9138754677223216,1,0
SESS_REAL_05718,2.6715842806455496,2,0.9918509942036207,1,0
SESS_FAKE_00226,44.43298399848349,11,0.5322936398483564,0,1
SESS_REAL_03533,5.769533243905545,1,0.9516492761468686,1,0
SESS_REAL_08332,20.99922714285091,1,0.8885168452505428,1,0
SESS_REAL_05484,15.667772705864978,7,0.9436466861219637,1,0
SESS_REAL_08371,8.394426668935807,0,0.9369552613677626,1,0
SESS_REAL_06944,11.525459823327338,2,0.974318203282874,1,0
SESS_REAL_06171,13.29689951211994,1,0.9244127879857729,1,0
SESS_FAKE_01446,116.13152006768127,11,0.4995117312571071,1,1
SESS_REAL_01495,14.739137700852828,0,0.9469150548104213,1,0
SESS_REAL_04465,7.550192172297435,1,0.9602898534221391,1,0
SESS_REAL_02354,16.94708151488593,1,0.9290692656786138,1,0
SESS_FAKE_00477,37.7123902055571,6,0.02322204885977902,0,1
SESS_REAL_05615,23.404242039442888,1,0.9214610361051043,1,0
SESS_FAKE_00231,39.295977902225665,9,0.45483187176065487,0,1
SESS_REAL_07104,5.140395010083173,2,0.9168627011369703,1,0
SESS_FAKE_01124,117.13139934945856,8,0.5397565140789014,0,1
SESS_REAL_04784,7.982945743914428,0,0.9545524742292649,1,0
SESS_REAL_07097,2.0357130208240735,0,0.9554854596492781,1,0
SESS_REAL_04213,4.694817298633555,1,0.9367844916692056,1,0
SESS_REAL_04644,16.15102317435216,3,0.9603343532254107,1,0
SESS_REAL_06543,5.253519771661272,2,0.9430898138269849,1,0
SESS_REAL_03331,17.769330259540755,1,0.9993147779026728,1,0
SESS_REAL_05510,3.2165306394482918,1,0.9022875638971753,1,0
SESS_REAL_01732,10.48497067055441,0,0.9632143939216165,1,0
SESS_REAL_02846,20.088531714925185,1,0.9729053770152438,1,0
SESS_REAL_06953,1.5854619917788886,1,0.9530078588258659,1,0
SESS_REAL_01764,3.4509142046150934,2,0.9152766514290213,1,0
SESS_REAL_03141,31.924289504439194,0,0.9108564274562442,1,0
SESS_FAKE_00381,37.806898479313006,11,0.4498897209574228,0,1
SESS_REAL_08348,9.07017187854969,0,0.970176490237038,1,0
SESS_FAKE_00222,46.442848389045324,9,0.27693453141186997,0,1
SESS_REAL_03884,27.57783114607399,0,0.9650055026460477,1,0
SESS_REAL_02726,2.3154262876112504,1,1.0,1,0
SESS_FAKE_00067,67.28883412900933,7,0.27255901812117966,0,1
SESS_REAL_04446,3.894470583485232,2,0.9235715177000733,1,0
SESS_REAL_04837,7.903329551080953,4,0.972561024775906,1,0
SESS_REAL_08430,4.163965197311205,0,0.9434438523799334,1,0
SESS_REAL_07646,10.172669789391326,0,0.9292036751740149,1,0
SESS_REAL_03726,2.265613813562056,2,0.9311904867868508,1,0
SESS_REAL_06614,2.788981701385161,1,0.9384535288159787,1,0
SESS_REAL_06024,2.641238067053762,1,0.955630000254258,1,0
SESS_REAL_06520,4.56900172840519,2,0.9439326426844874,1,0
SESS_REAL_04140,6.535941528028012,0,0.9628930886571493,1,0
SESS_REAL_06775,5.563624167444153,0,0.9627627691771667,1,0
SESS_REAL_03259,28.62290545064556,0,0.9493706012775665,1,0
SESS_REAL_04081,4.688429995483843,1,0.9875683983654767,1,0
SESS_REAL_00905,28.28235624986193,1,0.9580560779073372,1,0
SESS_REAL_07869,1.6018489495602926,1,0.984678468095858,1,0
SESS_REAL_00137,16.069043722570257,2,0.9646360050108802,1,0
SESS_REAL_05989,22.25606652219003,0,0.9128248435065854,1,0
SESS_REAL_04928,17.846490491624632,1,0.914778386591052,1,0
SESS_REAL_03631,3.4791830128395578,1,0.9341765290122364,1,0
SESS_REAL_05656,15.031393214239815,1,0.9859774699524126,1,0
SESS_REAL_03955,25.836727597526608,0,0.9256720032608353,1,0
SESS_REAL_01942,19.9396582727641,1,0.9458324858907523,1,0
SESS_REAL_02971,3.635681135281821,1,0.9741707442176675,1,0
SESS_REAL_01093,10.126221031109294,2,0.9360526077333192,1,0
SESS_FAKE_01469,34.173272150185106,4,0.3177531101203796,0,1
SESS_REAL_00555,7.699767767857404,0,0.9391327490672786,1,0
SESS_REAL_06691,4.4474432768373635,1,1.0,1,0
SESS_REAL_06750,5.566062979104341,0,0.963604292139322,1,0
SESS_REAL_02342,2.5029275467771175,0,0.9755073655810665,1,0
SESS_REAL_04630,3.033358771607064,0,0.957861745476723,1,0
SESS_REAL_07593,28.518368445129138,1,0.9782630394925872,1,0
SESS_REAL_04183,6.0442324974883626,1,0.9629092869351985,1,0
SESS_REAL_07643,5.1570160826143105,1,0.9367375704258871,1,0
SESS_REAL_08320,3.1839965444307254,1,0.9928936946001624,1,0
SESS_REAL_01985,2.5084277048798804,1,0.931335771362836,1,0
SESS_REAL_01597,2.49300824817357,1,0.9698354297177815,1,0
SESS_REAL_01256,4.185596098699634,1,0.9547570008640582,1,0
SESS_REAL_01780,1.9702094009250728,1,0.9618071603346378,1,0
SESS_REAL_04154,5.024101244000124,0,0.9491016965882675,1,0
SESS_REAL_06228,19.706794657551455,2,0.9534454837424574,1,0
SESS_FAKE_01388,30.074927649571226,10,0.29240626204782494,0,1
SESS_REAL_01138,9.360661649227092,1,0.979020030940345,1,0
SESS_REAL_02493,7.363692513628511,1,0.9652900182639079,1,0
SESS_REAL_00082,6.321825615015612,0,0.9567154006933897,1,0
SESS_REAL_08133,7.1133020323490195,1,0.9703223895419744,1,0
SESS_REAL_02948,7.030733714247081,1,0.9473628751458592,1,0
SESS_REAL_04658,4.016744099560027,0,0.9600977611670618,1,0
SESS_REAL_05321,5.425531681982786,0,0.9189430747154056,1,0
SESS_REAL_00550,10.31171832508218,1,0.9854095495095833,1,0
SESS_REAL_02703,1.7051150407016065,4,0.9050121171032189,1,0
SESS_REAL_08284,12.13482555897259,1,0.9379327865381272,1,0
SESS_REAL_00677,7.587095924909165,1,0.905384665563499,1,0
SESS_REAL_04563,2.1056824862458745,3,0.9970158594280921,1,0
SESS_REAL_06728,40.5988001074513,0,0.9242179340679895,1,0
SESS_REAL_08266,14.34445633700447,2,0.9719961101672109,1,0
SESS_REAL_02172,3.806738285509458,0,0.9559781663824534,1,0
SESS_REAL_07452,5.241624946354421,1,0.9612586402408357,1,0
SESS_FAKE_01060,21.651912835977008,7,0.37268293893919374,0,1
SESS_REAL_07086,14.235597635595916,1,0.9598935867878089,1,0
SESS_REAL_00711,12.365359130029677,0,0.9449527338940844,1,0
SESS_REAL_00645,28.044958799316298,1,0.9372817610131765,1,0
SESS_REAL_05895,4.885468069777048,1,0.9413777297052287,1,0
SESS_REAL_06951,9.204277875302086,1,0.892502249938427,1,0
SESS_REAL_02670,13.921992752165977,1,0.9240403302185659,1,0
SESS_REAL_00359,11.781389346930533,2,0.9473350357746526,1,0
SESS_REAL_00255,11.264843904722733,1,0.9485054500728198,1,0
SESS_REAL_00336,24.710436403387902,0,0.9217743941125345,1,0
SESS_FAKE_00124,92.55839726357533,4,0.3019931777441533,0,1
SESS_REAL_02520,15.652627988533295,0,0.9375686070287733,1,0
SESS_REAL_00416,5.664273344954364,1,0.9391546031867939,1,0
SESS_FAKE_01358,40.03581633696675,8,0.40237199561228465,0,1
SESS_REAL_08349,13.982574262078256,2,0.9303656998308893,1,0
SESS_REAL_07633,50.8237116915669,0,0.9254838918901184,1,0
SESS_REAL_08474,26.2868761130697,1,0.9342288558409405,1,0
SESS_REAL_04732,16.949522103374633,1,0.9574174119913791,1,0
SESS_REAL_04832,13.94572623393467,1,0.9801051458724924,1,0
SESS_FAKE_00635,99.03783715787887,10,0.3198767546157994,0,1
SESS_REAL_06203,14.106613976847145,2,0.9308535568166217,1,0
SESS_REAL_03745,4.365899531163873,1,0.9405288334331912,1,0
SESS_REAL_02885,35.41886751940255,0,0.9755616134543007,1,0
SESS_REAL_07094,6.794161410596642,4,0.9776547887452186,1,0
SESS_REAL_06999,13.158702268511496,0,0.9710634241753026,1,0
SESS_FAKE_00742,97.49318439294484,5,0.2886034908750614,0,1
SESS_FAKE_01003,21.741142479176883,5,0.1965707937481482,0,1
SESS_REAL_07723,18.051291412125106,2,0.9804626124493102,1,0
SESS_REAL_05294,19.37245533383074,1,0.9706974129966466,1,0
SESS_REAL_00647,15.13959549471638,0,0.9156172411864071,1,0
SESS_REAL_06093,11.454122868183065,2,0.9293649441997316,1,0
SESS_FAKE_01008,115.40241528183742,16,0.14597876387040284,0,1
SESS_REAL_03220,10.181627695524615,0,0.9555700867713346,1,0
SESS_REAL_02668,17.600325045425652,0,0.9525351741727036,1,0
SESS_REAL_05149,3.18892310209108,0,0.9902131740789527,1,0
SESS_REAL_05134,41.28635514936954,5,0.8797540877182678,1,0
SESS_FAKE_01117,28.982731031975476,11,0.39380570585112457,0,1
SESS_REAL_04917,7.0841532039929795,2,0.9859849235217545,1,0
SESS_REAL_04534,11.219780236892028,0,0.9834108703515507,1,0
SESS_REAL_03759,22.830670155497078,1,0.9514449107341157,1,0
SESS_REAL_01238,42.87698809440961,1,0.9693615401527064,1,0
SESS_REAL_01317,17.28285401984305,1,0.9323764617543288,1,0
SESS_REAL_08231,8.714892611642156,1,0.9336184585970891,1,0
SESS_REAL_03782,1.6304393765161767,1,0.9128932043728786,1,0
SESS_REAL_07523,17.150608558019353,1,0.965787351327188,1,0
SESS_FAKE_00207,13.820189219776587,11,0.31406030594302287,0,1
SESS_REAL_04593,5.99090710776063,0,0.952443417033885,1,0
SESS_REAL_02576,47.848007615715865,1,0.9676257587019198,1,0
SESS_REAL_07381,3.805360786102421,1,0.903921281046738,1,0
SESS_FAKE_00463,75.36039422837604,7,0.35150762440208416,0,1
SESS_REAL_07847,9.674900092633976,1,0.9599850842945787,1,0
SESS_REAL_01509,18.872077545442572,1,0.9371056423150586,1,0
SESS_FAKE_01276,18.464651850735677,8,0.15969619047804665,0,1
SESS_REAL_07153,28.0113962885507,1,0.9391290813230795,1,0
SESS_REAL_07278,18.54490540091033,5,0.9454983677833657,1,0
SESS_REAL_05312,32.89236440286578,0,0.9185278892122779,1,0
SESS_REAL_05913,8.014476912290844,0,0.9236399571448507,1,0
SESS_FAKE_01464,107.2459926251982,9,0.5707962084699345,0,1
SESS_FAKE_00873,111.70143631224545,7,0.16434282154569274,0,1
SESS_REAL_01169,5.559928112542261,2,0.9057296375542953,1,0
SESS_REAL_02019,14.580220569992274,2,0.9620517691317848,1,0
SESS_REAL_04486,1.8062643438287127,0,0.939478186142964,1,0
SESS_FAKE_00561,38.21833865043696,12,0.20280714736439298,0,1
SESS_REAL_07002,22.85174508974645,0,0.8748660017275984,1,0
SESS_REAL_05007,24.07083695550416,4,0.9155224844242915,1,0
SESS_REAL_00245,33.12628148798268,1,0.9158020618419231,1,0
SESS_REAL_04533,5.890585534976848,1,0.9294421007458865,1,0
SESS_REAL_06435,11.410402937037379,1,0.9535563767477521,1,0
SESS_REAL_04702,14.55727699252332,2,0.9298699476406658,1,0
SESS_REAL_02741,4.564611952783093,0,0.9501188654336322,1,0
SESS_REAL_07856,7.842230520611249,3,0.9538413272903755,1,0
SESS_REAL_02744,13.187471668703772,1,0.9652748804023001,1,0
SESS_REAL_01568,13.23350482878449,0,0.937852439278895,1,0
SESS_FAKE_00650,40.48762618876336,18,0.0,0,1
SESS_REAL_03347,4.2115830507815115,1,0.9380424900709741,1,0
SESS_REAL_02617,5.282995661865073,0,1.0,1,0
SESS_REAL_06004,3.552362459820802,0,0.8967766906316373,1,0
SESS_REAL_05229,12.429908709171386,4,0.9792649867778692,1,0
SESS_REAL_02166,13.56612452411727,0,0.9288372885799264,1,0
SESS_FAKE_01086,46.2338273056651,6,0.4559866746071374,0,1
SESS_REAL_03242,10.841977524237796,0,0.9359815813949534,1,0
SESS_REAL_06125,20.04196269298664,0,0.9437270276930224,1,0
SESS_FAKE_01266,21.090311245823386,8,0.33475782074603283,0,1
SESS_REAL_02700,10.340075114433079,0,0.9224391691723981,1,0
SESS_REAL_06359,14.935941346617266,2,0.9144896364643931,1,0
SESS_REAL_06966,23.684111059814867,2,0.9815466855143123,1,0
SESS_REAL_00200,13.82772832281246,2,0.9558628974807956,1,0
SESS_REAL_04719,31.912904605331597,1,0.9460375354538332,1,0
SESS_REAL_07516,5.5297743862280875,2,0.9637320212770911,1,0
SESS_REAL_01836,3.1449079437646192,2,0.9595850229924655,1,0
SESS_REAL_01276,4.825575393416619,0,0.9706852048498718,1,0
SESS_REAL_07436,4.339406959072691,3,0.9406609067746899,1,0
SESS_REAL_02964,24.80015611646931,0,0.9095500548415838,1,0
SESS_REAL_01819,7.274029869951909,1,0.9508425385111579,1,0
SESS_REAL_06589,20.257157929888294,0,0.9460531344227227,1,0
SESS_REAL_03944,2.7676008176249596,1,0.9557236981006036,1,0
SESS_REAL_00979,12.401146079850722,2,0.9751323867666545,1,0
SESS_REAL_03471,19.62068252485087,2,0.9164434712137443,1,0
SESS_REAL_01242,19.184304526680435,1,0.9014700858610083,1,0
SESS_REAL_02077,8.701114757187517,2,0.9672416882322579,1,0
SESS_REAL_06256,13.097834270120487,0,0.9601654128932483,1,0
SESS_REAL_05412,17.503201344962584,2,0.9380056851634008,1,0
SESS_REAL_01704,8.44736268751858,1,0.910376197891415,1,0
SESS_REAL_08230,4.222710226903649,1,0.9427078534635498,1,0
SESS_REAL_07220,36.542070580927714,1,0.9448337677053413,1,0
SESS_REAL_06114,5.272296246959099,1,0.9353274951861336,1,0
SESS_REAL_02654,19.009871659356598,2,0.9475782518506117,1,0
SESS_REAL_03247,7.871484800088867,2,0.9785276635556349,1,0
SESS_REAL_07195,10.864354954145485,4,0.9675305767482608,1,0
SESS_REAL_00745,29.080078194607005,1,0.9594365838757215,1,0
SESS_REAL_06330,1.9594803012423914,3,0.953818936511778,1,0
SESS_REAL_06664,28.376447115867755,2,0.9509298730896771,1,0
SESS_REAL_08323,8.484200967639516,1,0.9489241503998509,1,0
SESS_REAL_05308,27.709577826159638,2,0.9598695583671378,1,0
SESS_REAL_06081,41.90778550784817,1,0.9822367582533795,1,0
SESS_REAL_01950,2.613286459230741,1,0.9449923599923215,1,0
SESS_REAL_05782,12.377379797301398,1,0.9135391705217898,1,0
SESS_REAL_01307,20.91739047116071,2,0.9561997909548346,1,0
SESS_REAL_05175,21.856643778666953,1,0.943115018486552,1,0
SESS_REAL_02028,5.057123371003817,0,0.9369664940105465,1,0
SESS_FAKE_01070,64.5080271278755,14,0.22322099147469104,0,1
SESS_REAL_01387,3.183201355321641,1,0.949975304334083,1,0
SESS_REAL_00392,7.082926943540793,1,0.9500246401033837,1,0
SESS_REAL_01177,2.8577642075499488,1,0.9888558853070231,1,0
SESS_REAL_07771,16.303523385989884,1,0.9261484373057158,1,0
SESS_REAL_02664,12.730335574117081,0,0.955474979333381,0,0
SESS_REAL_06319,1.8568469346953822,0,1.0,1,0
SESS_REAL_01789,10.267896503870617,0,0.9437089368111333,1,0
SESS_REAL_08213,11.292190912359997,1,0.9503578314694346,1,0
SESS_FAKE_00150,18.015451386874723,9,0.3904133729515236,0,1
SESS_REAL_04420,2.743333748395531,0,0.9120729805446683,0,0
SESS_REAL_07325,4.0849193449468455,2,0.9133733744055796,1,0
SESS_FAKE_00143,60.3330479663244,11,0.4882314617381004,0,1
SESS_REAL_03487,2.1406745363900264,3,1.0,1,0
SESS_REAL_00182,32.534284765808685,3,0.9987257398316619,1,0
SESS_REAL_08225,11.117274295630711,0,0.9495069392350657,1,0
SESS_REAL_03233,2.2135885534521784,1,0.9450011867583681,1,0
SESS_FAKE_00458,15.018579329383298,7,0.2289799400250376,0,1
SESS_REAL_00439,2.518185006963745,1,0.9606103878651711,1,0
SESS_FAKE_01275,59.228323006942766,8,0.06560581687170158,0,1
SESS_FAKE_00050,24.824017427931537,8,0.3629529496813675,0,1
SESS_REAL_06672,4.893898608436875,1,0.9376891304075494,1,0
SESS_REAL_04932,40.600987494010575,1,1.0,1,0
SESS_REAL_06420,54.9505925150726,3,0.9128208745617902,1,0
SESS_REAL_02588,4.823781190698126,2,0.9734189202305448,1,0
SESS_REAL_05369,3.7426437165414224,2,0.9640213870918036,1,0
SESS_REAL_05991,10.871033978639996,4,0.9380438374102978,1,0
SESS_REAL_04401,10.271726083650872,2,0.9280209145385716,1,0
SESS_REAL_07748,5.8254478889420644,2,0.9599747294236812,1,0
SESS_REAL_01778,5.027148482987732,5,0.9179942047501308,1,0
SESS_REAL_03742,18.47870229746097,0,0.9113833045848772,1,0
SESS_REAL_02181,4.3689031219762295,1,0.9203488681275769,1,0
SESS_REAL_06668,3.478215284871666,1,0.9150391970046973,1,0
SESS_REAL_01927,9.369589942723337,0,0.9654080370192408,1,0
SESS_REAL_06366,6.795044192852101,0,0.944171875860921,1,0
SESS_REAL_03925,1.8132894208424783,2,0.9840182766091752,1,0
SESS_REAL_07334,6.712096433243305,2,0.8947448127627716,1,0
SESS_REAL_06625,3.7602425612828547,0,0.9057785482477121,1,0
SESS_REAL_05166,4.314964911551309,1,0.9727556762229419,1,0
SESS_REAL_05519,13.89079240782371,3,1.0,1,0
SESS_REAL_06383,4.8988069120882045,3,0.9475390979817077,1,0
SESS_FAKE_00998,11.377183674338715,6,0.5587165601695749,0,1
SESS_REAL_01265,2.4024626676803744,1,0.9496534196307033,1,0
SESS_REAL_04718,8.356726408762233,2,0.9320233461640745,1,0
SESS_REAL_05655,3.169172741335709,1,0.9377944078321032,1,0
SESS_REAL_02121,9.943383936982034,1,0.9446013335245887,1,0
SESS_FAKE_00259,20.532401923935158,6,0.2753959759035187,0,1
SESS_REAL_01788,2.3277264093828647,0,0.9314463682886175,1,0
SESS_REAL_04983,23.42364423615564,1,0.9606052405779947,1,0
SESS_REAL_02614,6.062308741436997,0,0.9460405730380795,1,0
SESS_REAL_08372,7.567856056352666,5,0.94514531722141,1,0
SESS_REAL_00973,4.403947358928567,2,1.0,1,0
SESS_FAKE_01462,87.52275984428142,5,0.4518630678359933,0,1
SESS_REAL_08402,12.005612655922297,1,0.9710476654786102,1,0
SESS_FAKE_00086,138.73925588925664,9,0.27441827903459304,0,1
SESS_REAL_05946,6.459068342608426,2,0.928235740492433,1,0
SESS_REAL_01039,6.045124577012139,0,0.922608524480098,1,0
SESS_REAL_01579,10.994344960602788,3,0.9377091833014191,1,0
SESS_FAKE_01426,161.14629302522764,13,0.20643686373862785,0,1
SESS_REAL_02606,2.075819908335026,1,0.9425994989723476,1,0
SESS_REAL_07249,21.582192562720238,0,0.9646107932782595,1,0
SESS_REAL_04885,27.317332510663725,0,0.9173018630043093,1,0
SESS_REAL_06497,1.8141439528999233,4,0.9478231380423118,1,0
SESS_REAL_03175,3.9643318041322693,2,0.9688894404028968,1,0
SESS_REAL_06789,11.096642522056161,3,0.9458432775070705,1,0
SESS_REAL_01291,3.2086620710959366,0,0.9814425099371565,1,0
SESS_REAL_04276,7.659178738223492,1,0.8698681410389073,1,0
SESS_REAL_07742,17.479563409994284,0,0.9181299642698675,1,0
SESS_REAL_03221,3.611725042089059,0,0.9488191812556954,1,0
SESS_REAL_07143,5.191618903767194,1,0.9144600938966718,1,0
SESS_REAL_05883,66.73765485196131,0,0.9501494391181876,1,0
SESS_REAL_01004,21.21352591288509,0,0.9901999965642863,1,0
SESS_FAKE_01150,22.604335442702695,10,0.32709667964944766,0,1
SESS_REAL_04543,5.496914095952537,2,0.9776728325185493,0,0
SESS_REAL_03846,44.048120853156455,0,0.9514405345147423,1,0
SESS_REAL_04724,4.475921142381672,1,0.9554051706649084,1,0
SESS_REAL_03695,1.8667955756715267,0,0.9805337896161226,1,0
SESS_REAL_02382,31.314354611918127,2,0.9567253845456137,1,0
SESS_REAL_00852,4.327234059003159,1,0.9471487398892123,1,0
SESS_REAL_07697,15.536178687439005,0,0.9672994873993721,1,0
SESS_REAL_03216,3.667971827316582,0,0.9636471658653404,1,0
SESS_REAL_03519,4.3407211656601525,1,0.9773363931138612,1,0
SESS_FAKE_00338,30.317794678940317,7,0.2683925610515729,0,1
SESS_REAL_00108,4.617661883008728,1,0.9477625930968945,1,0
SESS_REAL_06913,4.410352213615909,3,0.9491331113705397,1,0
SESS_REAL_07710,1.9079756384217355,1,0.9262074772537018,1,0
SESS_REAL_01178,18.676901768837794,0,0.9503783850305673,0,0
SESS_REAL_02730,18.01348659128059,2,0.9394961548544731,1,0
SESS_REAL_05740,28.094014025478593,2,0.9728248763456755,1,0
SESS_REAL_03046,8.093313876238916,2,1.0,1,0
SESS_REAL_03843,7.785878835488036,0,0.9370003334193009,1,0
SESS_FAKE_01194,49.46413795341314,10,0.06120972124632021,0,1
SESS_REAL_03452,15.081002101171595,1,0.9717811637933108,1,0
SESS_REAL_04519,1.77387583116001,4,0.9704918813419713,1,0
SESS_REAL_02072,4.251166017445061,0,0.9701555092152557,1,0
SESS_FAKE_00815,46.89003877006191,8,0.3806578479274236,0,1
SESS_FAKE_00437,127.47568740798602,12,0.3101186056027529,0,1
SESS_REAL_04771,7.699729602669388,0,0.9252220293622617,1,0
SESS_FAKE_01072,22.848990719571667,12,0.29972007805736484,0,1
SESS_FAKE_01405,69.98794522861452,4,0.36676970004818465,1,1
SESS_REAL_05295,3.232451870480452,0,0.9669559161751259,1,0
SESS_REAL_07081,18.88348138985669,1,0.9245954345672798,1,0
SESS_REAL_03317,1.5639317086256785,0,0.904769574855314,1,0
SESS_REAL_03642,9.074899191092054,0,0.9464609724749394,1,0
SESS_REAL_07562,2.9441616215360513,1,0.9521841838658781,1,0
SESS_FAKE_01043,47.15575189241025,5,0.15981884688475465,0,1
SESS_REAL_05675,1.907938881941841,0,0.919556249339278,1,0
SESS_REAL_05119,5.474064066373991,1,0.9842887921075484,1,0
SESS_REAL_02250,2.682701556893538,1,0.8971024720402418,0,0
SESS_REAL_00401,29.441348170411583,1,0.9394264188938642,1,0
SESS_REAL_05150,5.947403828093936,1,0.9859450000436923,1,0
SESS_REAL_01407,21.158379854032216,2,0.9091509035546056,1,0
SESS_REAL_02113,28.43062937020959,0,0.9694654262187394,1,0
SESS_REAL_07945,3.322000856723365,1,0.960537578888668,1,0
SESS_REAL_04132,14.510641320708478,0,0.932148418811273,1,0
SESS_REAL_04761,53.518003011844726,0,1.0,1,0
SESS_REAL_03097,2.789594117047532,1,0.9706112327566591,1,0
SESS_REAL_04386,40.06397922345027,2,0.9598270753055379,1,0
SESS_REAL_02673,4.165957508472852,0,0.9329556528423375,1,0
SESS_REAL_07248,3.6337789483311265,1,0.9439134674896987,1,0
SESS_REAL_05763,3.8052818224823666,1,0.9330570968359805,1,0
SESS_REAL_02900,3.141757390159968,2,0.9756924051801736,1,0
SESS_FAKE_00503,14.585138664647666,6,0.4848411594175337,0,1
SESS_REAL_04612,9.490439028764373,3,0.9578295155004821,1,0
SESS_REAL_05362,10.917547530721222,2,0.9270173472577182,1,0
SESS_FAKE_01450,40.42321464047616,12,0.4332161358459284,0,1
SESS_REAL_03875,8.019831987199037,2,0.9572586620696303,1,0
SESS_REAL_05363,15.748146995725243,1,0.9848746085173892,1,0
SESS_REAL_00753,6.393915786615713,0,0.928273360585072,1,0
SESS_REAL_00800,16.240769440710217,0,0.9477904392122672,1,0
SESS_FAKE_01055,13.821784562805677,10,0.42087179332586755,0,1
SESS_REAL_07058,29.084609707211353,2,0.9893618703134843,1,0
SESS_REAL_07115,30.142521094360134,2,0.9731125174039762,1,0
SESS_REAL_02793,5.105832869907834,0,0.9535817675118259,1,0
SESS_REAL_00528,2.1963235661380347,1,0.9705387498893567,1,0
SESS_REAL_03234,7.45189182028051,0,0.9406599003965843,1,0
SESS_REAL_03806,8.271431379757018,0,0.9460789901980238,1,0
SESS_REAL_00029,2.0707661970769027,0,0.9133479089092247,1,0
SESS_REAL_03272,16.924088711872784,1,0.9244121503311248,1,0
SESS_FAKE_00152,21.845939923644917,8,0.44648299645431794,0,1
SESS_REAL_03257,4.271872702553357,3,0.9116626068033058,1,0
SESS_REAL_07695,15.10301094453622,0,0.9838890060990525,1,0
SESS_REAL_07883,27.751554245983556,2,0.9495888984139161,1,0
SESS_REAL_02834,7.5867178113942035,1,0.9627794936535511,1,0
SESS_REAL_05278,35.245812702693684,2,0.9692636536660225,1,0
SESS_REAL_06752,5.8541719032521,1,0.9234469292383883,1,0
SESS_REAL_03413,6.863450910303994,1,0.9157317603823918,1,0
SESS_REAL_05956,5.933956711344692,1,0.9402767275100269,1,0
SESS_REAL_05815,2.1995039905294127,2,0.9400566062117491,1,0
SESS_REAL_05774,1.8422938655331103,0,0.9595262827105703,1,0
SESS_REAL_04198,8.523006659484398,0,0.9133819967831951,1,0
SESS_REAL_01820,4.263336227470843,0,0.9271574309636773,1,0
SESS_REAL_02734,35.81854994822452,0,0.9092652798010011,1,0
SESS_REAL_05005,2.607152425911939,2,0.9504938486731414,1,0
SESS_FAKE_00636,41.70600434712369,13,0.18973177308571415,0,1
SESS_FAKE_01246,57.00176153480004,9,0.16517095680058042,0,1
SESS_REAL_04618,5.822453712896855,0,0.976389829921068,1,0
SESS_REAL_02990,3.8705227219194587,3,0.9831526726050632,1,0
SESS_REAL_00312,1.8081313144976925,0,0.9244782802836021,1,0
SESS_REAL_08461,29.310661169671647,7,0.9722959203477479,1,0
SESS_REAL_04177,21.586041866640464,1,0.993525420071964,1,0
SESS_REAL_05097,5.152379558591771,1,0.9366684114468331,1,0
SESS_REAL_00184,5.079928440737866,0,0.9203702501120468,1,0
SESS_REAL_01672,25.80459502986752,0,0.9283352251543491,1,0
SESS_REAL_05862,1.5898935479006857,0,0.9767630612134099,1,0
SESS_REAL_05745,15.62320566782384,1,0.9407904427422501,1,0
SESS_REAL_00458,2.1954051727911095,1,0.906118479937181,1,0
SESS_REAL_04425,7.493626863205563,1,0.9870516720652275,1,0
SESS_REAL_03500,5.551202892924812,1,0.9590086067476251,1,0
SESS_REAL_04937,11.598526885956709,0,0.926871379715814,1,0
SESS_FAKE_01239,150.47504086048932,6,0.3265978794122633,0,1
SESS_REAL_05705,5.205815476293731,0,1.0,1,0
SESS_FAKE_01429,116.68398272459834,5,0.12211195213780385,0,1
SESS_FAKE_01126,194.3670850235136,8,0.4401553429100041,0,1
SESS_FAKE_01346,12.876419658501167,11,0.19241879053892869,0,1
SESS_FAKE_01479,17.893893505812265,10,0.24455969519088339,0,1
SESS_REAL_03045,16.13124778443787,0,0.9390949926690347,1,0
SESS_REAL_01772,28.21690219588496,2,0.9530728599223403,1,0
SESS_FAKE_00442,40.02180886408928,14,0.16139662014506745,0,1
SESS_REAL_04497,3.2151166617028055,2,0.9405181108508764,1,0
SESS_FAKE_00609,43.674764394171994,4,0.37368112053767855,0,1
SESS_REAL_02645,6.856391504493085,2,0.9612684163143697,1,0
SESS_REAL_01946,8.462086942774839,0,0.9416600863476441,1,0
SESS_FAKE_00776,92.97194285038857,7,0.15181887077697606,0,1
SESS_REAL_03118,4.92623311780417,2,0.9439425919915677,1,0
SESS_REAL_01584,54.36159796057592,1,0.9634857526448063,1,0
SESS_REAL_08066,9.373123270936567,0,0.9983681036490087,1,0
SESS_FAKE_00972,23.99320397297564,11,0.2738179603191533,0,1
SESS_REAL_02708,1.71249879247758,1,0.9661712777318783,1,0
SESS_REAL_03909,6.220266245279842,1,0.9184247326758188,1,0
SESS_REAL_02965,15.994559591818657,1,0.9560830280487014,1,0
SESS_FAKE_01225,49.61674096637716,8,0.5279810949656843,0,1
SESS_REAL_04605,28.775766689666135,2,0.9426215064636319,1,0
SESS_REAL_01759,11.027801724020334,0,0.9084851358822619,1,0
SESS_FAKE_00564,28.532656338005168,12,0.28916693427607953,0,1
SESS_REAL_00034,41.94756410953407,0,0.9858194681953653,1,0
SESS_REAL_06302,9.469277505543248,2,0.9583671082201703,1,0
SESS_REAL_06745,64.07710803820228,1,0.9400420042930979,1,0
SESS_REAL_05928,12.938552230362012,2,0.9483492935624495,1,0
SESS_REAL_04142,2.690141271706808,1,0.9640850744356954,1,0
SESS_FAKE_01403,71.46347723952678,12,0.3013302258955526,0,1
SESS_REAL_03988,6.43998852742628,0,0.9296045619603964,1,0
SESS_REAL_08319,9.697953364929928,3,0.973397910338346,1,0
SESS_REAL_03010,11.051695288438674,1,0.9857001371934303,1,0
SESS_REAL_02446,5.102480508505648,1,0.9842756845851243,1,0
SESS_REAL_07317,14.267300278964946,1,0.9235089623831789,1,0
SESS_REAL_03685,11.510490499803142,0,0.922036063546594,1,0
SESS_REAL_02372,15.65108236923237,2,0.9632275648342508,1,0
SESS_FAKE_01401,37.73271641076086,8,0.18945399750591319,0,1
SESS_REAL_07545,2.0737164704403828,0,0.9212520015190966,1,0
SESS_REAL_06107,2.525889968865105,1,0.8794632817595504,1,0
SESS_REAL_00036,5.859454319625099,1,0.9429036026107719,1,0
SESS_REAL_04811,24.585090186878436,3,0.9271324990003008,1,0
SESS_FAKE_00665,95.1114350124993,8,0.4597717544927714,0,1
SESS_REAL_01664,59.67915918432283,2,0.9261915050103986,1,0
SESS_FAKE_00403,16.970022522873627,7,0.6183989327954365,0,1
SESS_REAL_04210,2.837662188615738,2,1.0,1,0
SESS_REAL_06712,16.30906139647537,1,0.9348932562376188,1,0
SESS_REAL_02639,16.04972643452505,0,0.9265477858332639,1,0
SESS_REAL_03676,3.7866069956720696,3,0.9434870581301997,1,0
SESS_FAKE_00980,19.500175627064955,8,0.19473701280247147,0,1
SESS_REAL_00895,4.25272092394777,1,1.0,1,0
SESS_REAL_07928,19.268452199674684,0,0.9456358520136884,1,0
SESS_REAL_06641,20.46639043105489,2,0.9845910024653884,1,0
SESS_REAL_04845,7.475264088883716,0,0.966143976480603,1,0
SESS_REAL_03663,1.9264263187765798,0,1.0,1,0
SESS_REAL_04496,9.53733283512195,2,0.9087217902975415,1,0
SESS_FAKE_01094,73.44426332625666,3,0.2598472343566777,0,1
SESS_REAL_04854,13.35566046554492,4,0.9915242037213938,1,0
SESS_REAL_00000,7.131217079722309,1,0.979001149441898,1,0
SESS_REAL_00733,10.384511476152532,4,0.9417244185608676,1,0
SESS_REAL_00891,24.730036049447154,2,0.9929602901410587,1,0
SESS_REAL_08080,6.018721515798611,1,0.9458213491331149,1,0
SESS_REAL_02627,15.439363735919859,3,0.9535399272843219,1,0
SESS_REAL_01424,53.277013014400545,0,0.9613044521312233,1,0
SESS_REAL_04207,10.854253603635911,2,0.9494273374929217,1,0
SESS_REAL_05046,9.575097296320745,0,0.9695712014227933,1,0
SESS_REAL_02822,13.57339350066264,1,0.9297110026629589,1,0
SESS_REAL_08312,1.8552551030540698,2,0.9636054454729212,1,0
SESS_REAL_04691,6.802916630761199,0,0.9391520785497044,1,0
SESS_REAL_01144,5.227777747212849,1,0.9902737966822013,1,0
SESS_REAL_04583,18.921963120579264,2,0.9801719495918221,1,0
SESS_REAL_06915,3.7758861448370897,0,0.9988135827317116,1,0
SESS_REAL_05225,2.209255338436643,2,0.9245010014997709,1,0
SESS_REAL_03345,16.622163610457143,1,0.9010846136707682,1,0
SESS_REAL_07653,21.576032187559996,2,0.9603036392608423,1,0
SESS_REAL_05578,30.640306525582012,0,0.9026591425183663,1,0
SESS_REAL_01380,3.6426875714115763,2,0.9659190549123352,1,0
SESS_FAKE_01267,68.66842972724595,7,0.3987688315321419,0,1
SESS_REAL_00065,10.888884998492951,1,0.9416048277247118,1,0
SESS_REAL_02801,30.11840686741509,2,0.9388821070467395,1,0
SESS_REAL_01154,13.067237028266259,0,0.9436786855827148,1,0
SESS_REAL_05851,40.05046778022483,0,0.9628821524027092,1,0
SESS_REAL_04601,19.855727320398557,1,0.9224840766307234,1,0
SESS_REAL_04736,10.118941893603415,2,0.9481577434740153,1,0
SESS_REAL_00987,8.347487989546288,4,0.9598887659352422,1,0
SESS_REAL_06896,21.222627425231835,0,0.9606155000476514,1,0
SESS_REAL_07834,3.567783529318435,1,0.9829910011391096,1,0
SESS_REAL_00259,2.7267383681918744,2,1.0,1,0
SESS_FAKE_00464,22.098341376008978,10,0.23061699896269622,0,1
SESS_REAL_06666,6.341617878244965,4,0.9607541039028038,1,0
SESS_FAKE_01289,16.818183734452084,11,0.3921414212011982,0,1
SESS_REAL_04094,6.3410933852907645,1,0.9458966339882279,1,0
SESS_REAL_00073,21.77876132983351,0,0.993136909801053,1,0
SESS_REAL_03012,5.896835574353542,1,0.9467811816969836,1,0
SESS_FAKE_01085,12.696251058495363,4,0.19651619159734823,0,1
SESS_FAKE_01487,29.922872348525736,12,0.22950588476506406,0,1
SESS_REAL_01220,37.65785287662131,2,1.0,1,0
SESS_REAL_05404,6.633484878546191,2,0.9369193730545778,1,0
SESS_REAL_01030,1.9525175432269166,0,0.9465853902144925,1,0
SESS_REAL_04113,2.6301043303770735,0,0.9677695190638238,1,0
SESS_REAL_02236,28.24114668531667,0,0.9665554274192752,1,0
SESS_REAL_00672,2.503628551104002,2,0.9392898653164695,1,0
SESS_REAL_07740,12.608675222022779,1,0.9583822263876725,1,0
SESS_REAL_01720,3.3413023348030193,0,0.8826533211812472,0,0
SESS_REAL_02275,12.515036691997203,1,0.9736454002743543,1,0
SESS_REAL_01744,7.957416317291704,1,0.9266452530464495,1,0
SESS_REAL_07728,34.05896729421028,0,0.9351177929252275,1,0
SESS_REAL_01009,9.566611994054895,0,0.9893950936127404,1,0
SESS_REAL_03049,5.1828070592404725,2,0.9942540097109875,1,0
SESS_FAKE_00494,28.73166865988572,6,0.130483849585126,0,1
SESS_FAKE_00615,11.864167360480666,10,0.3437157396139727,0,1
SESS_REAL_07311,10.47364678553436,0,0.9300805916087461,1,0
SESS_REAL_01162,6.3977637901117035,0,0.9759620981000672,1,0
SESS_REAL_07266,4.050741061914646,1,0.9289763269248138,1,0
SESS_REAL_03007,1.646775232907655,0,0.9318138776886422,1,0
SESS_REAL_07227,2.898644734001378,0,0.9985704873799288,1,0
SESS_REAL_04423,17.152427254746094,1,0.9967108145663093,1,0
SESS_REAL_06956,10.838335104584694,1,0.9310664487861969,1,0
SESS_REAL_04016,27.56774947764513,1,0.9357082581159336,1,0
SESS_REAL_07388,5.546822125473273,0,0.961210524304103,1,0
SESS_REAL_01109,3.5053546175220824,1,0.9128098868194255,1,0
SESS_REAL_03137,17.569146388480807,1,0.9359201545604734,0,0
SESS_REAL_00022,5.646186144028827,1,0.9652945372534087,1,0
SESS_REAL_05004,25.950356647125865,1,0.9775704698755927,1,0
SESS_REAL_01298,13.641409376449566,1,0.9563924118791466,1,0
SESS_REAL_04849,2.880655415663151,0,1.0,1,0
SESS_REAL_00977,2.1335433371972963,1,0.9807648075879876,1,0
SESS_REAL_02729,9.441574614712403,3,0.9274509118694214,1,0
SESS_REAL_08171,20.967891930395634,2,0.9341397621808402,1,0
SESS_REAL_01926,12.14667587253404,0,1.0,1,0
SESS_REAL_04282,4.31092318680434,1,0.9996347578866471,1,0
SESS_REAL_06853,19.740139052666557,0,0.9867825914350729,1,0
SESS_REAL_03072,6.003434381809071,5,0.984852269015173,1,0
SESS_REAL_01569,8.71267365555342,1,0.9655739194084828,1,0
SESS_FAKE_00064,21.433034277485916,14,0.678858478839948,0,1
SESS_REAL_06942,14.913840981079101,1,0.9606703173537426,1,0
SESS_FAKE_00584,58.116970648189955,7,0.38764564859078976,0,1
SESS_REAL_02160,14.13727590642602,1,0.974075034610801,1,0
SESS_REAL_06016,3.2052713062889495,2,0.9221544311186568,1,0
SESS_REAL_03239,11.266933823171343,2,0.9869163501562564,1,0
SESS_REAL_01457,15.043170526553869,1,0.9491403301689421,1,0
SESS_REAL_07721,33.55475334002549,1,0.888996457161548,1,0
SESS_REAL_00749,13.245591646287968,0,0.9228506602429757,1,0
SESS_REAL_05472,2.254070542790716,3,0.9820269836197386,1,0
SESS_REAL_06683,5.941787669332479,2,0.9808448521779857,1,0
SESS_REAL_05151,4.204677089556265,2,0.9847931588713308,1,0
SESS_FAKE_00182,19.71947370631615,7,0.4604309550729249,0,1
SESS_REAL_00241,38.43074895345628,0,0.9465200382151824,1,0
SESS_REAL_04422,12.476295890570183,1,0.9146535609376125,1,0
SESS_REAL_02032,8.981942018067862,1,0.9321843202964759,1,0
SESS_REAL_01604,2.363416328779558,4,0.9824887048712202,1,0
SESS_FAKE_00840,223.06343928393215,5,0.09816784262487852,0,1
SESS_REAL_00936,1.7227426489291922,1,0.9084773302396273,1,0
SESS_REAL_05247,25.473565943592018,1,0.9428275788313608,1,0
SESS_REAL_03826,9.043899147730112,1,0.9644316717242538,1,0
SESS_REAL_00320,11.061487779759775,3,0.9493763844832729,1,0
SESS_REAL_07355,18.648649095857863,2,0.9758769950374213,1,0
SESS_REAL_01228,51.10524634958129,1,0.9453967289805345,1,0
SESS_REAL_01429,25.79201480371813,1,0.9286124476927139,1,0
SESS_REAL_04964,9.407296769355376,1,0.9541861240724911,1,0
SESS_REAL_02370,14.176694655020523,1,0.9594354123140808,1,0
SESS_REAL_02994,3.1948237213739126,0,0.972034449679338,1,0
SESS_REAL_06598,31.922751250314903,2,0.9845025578521257,1,0
SESS_REAL_05101,11.84200217384451,2,0.9302886890818126,1,0
SESS_REAL_05965,28.838494930198628,1,0.9687597878988651,1,0
SESS_REAL_00488,37.54795207033118,1,0.9552726095506425,1,0
SESS_REAL_06591,5.8086287849725275,0,0.9690673161036711,1,0
SESS_REAL_02933,10.936234636228926,0,0.8957395829417427,1,0
SESS_REAL_07070,6.9504622928703395,1,0.9717900822271812,1,0
SESS_REAL_05934,7.419557527689071,2,0.9930796737250721,1,0
SESS_REAL_00848,9.870562387898714,1,0.9784081154586561,1,0
SESS_REAL_06506,19.213229073097022,3,0.9429179051115489,1,0
SESS_REAL_05317,39.7927564913129,1,0.9459692126826814,1,0
SESS_REAL_00595,9.208573699759125,1,0.9542061537851373,1,0
SESS_FAKE_00814,29.435783128064028,6,0.5579420350118899,0,1
SESS_REAL_07383,11.383177128198376,2,0.8896400009568167,1,0
SESS_REAL_02035,6.660285321034927,1,0.9767799325680664,1,0
SESS_REAL_08105,12.627635304068486,1,0.896754657929068,1,0
SESS_REAL_01026,25.2697284808243,3,0.936065941016673,1,0
SESS_REAL_07512,1.7739258171352505,0,0.9976429799708125,1,0
SESS_FAKE_00261,127.08627898482551,8,0.41568050854213845,0,1
SESS_REAL_06929,13.697971354739554,0,0.9557725421245229,1,0
SESS_REAL_07816,5.008215527959581,0,0.9826223166091009,1,0
SESS_REAL_02346,15.123438140396194,1,0.9098646088455216,1,0
SESS_REAL_05992,8.884525989786255,2,0.9408667078748203,1,0
SESS_REAL_01661,10.200099024545276,1,0.953234249849337,1,0
SESS_FAKE_01369,176.62272462980312,7,0.12778687360589355,0,1
SESS_REAL_07428,14.578246058403526,1,0.9513295604921734,1,0
SESS_REAL_01373,9.633851310642589,1,0.9318877672050121,1,0
SESS_REAL_05446,6.6292593708885885,2,0.9646102777752061,1,0
SESS_FAKE_00421,11.86400251502061,14,0.5925044884050417,0,1
SESS_FAKE_01353,18.126945046114876,5,0.2474695362138189,0,1
SESS_REAL_06146,10.115687497156378,2,0.9749171304026422,1,0
SESS_REAL_03740,29.66594140510088,1,0.9252472107999494,1,0
SESS_REAL_05878,8.632345355577755,1,0.9344356915347536,1,0
SESS_REAL_04753,10.033145174619708,1,0.9415510845208176,1,0
SESS_REAL_07793,14.175740698660473,2,0.9335684942330099,1,0
SESS_REAL_01537,15.215204311514043,0,0.9430167986992047,1,0
SESS_REAL_06140,9.036734088190705,0,0.9437197081282478,1,0
SESS_FAKE_00196,117.48432682386594,4,0.6197421569099416,0,1
SESS_REAL_07202,10.267687316691088,0,0.948247107396716,1,0
SESS_REAL_00556,3.226655464683587,0,0.9045903747661305,1,0
SESS_REAL_03543,6.534375533610709,4,0.9821105550609128,1,0
SESS_REAL_01692,7.603197788034814,1,0.9902610599292718,1,0
SESS_REAL_04994,2.3507452815145813,1,0.8994168361258496,1,0
SESS_REAL_04706,19.94897522702067,1,0.9657950935432431,1,0
SESS_REAL_08293,4.019187602562649,1,0.9653370719678342,1,0
SESS_REAL_02126,13.583492513922252,1,0.9999703724154169,0,0
SESS_REAL_03768,3.6553423946197627,1,0.8968028426521276,1,0
SESS_REAL_07795,1.508605389271717,0,0.8995940032303589,1,0
SESS_REAL_02340,18.19221227673689,0,0.9330383837263965,1,0
SESS_FAKE_00411,14.628326706413397,7,0.12504487507571393,0,1
SESS_REAL_00489,28.016109941441833,2,0.9111964843181038,1,0
SESS_REAL_06908,24.385169670334466,2,0.956000337198334,1,0
SESS_REAL_05918,5.53245632103306,3,0.9619353324656212,1,0
SESS_REAL_00441,53.285502744697105,0,0.9461963224500217,1,0
SESS_REAL_04278,3.127417987464538,3,0.9556879963003118,1,0
SESS_REAL_04647,4.989277917485477,5,0.9503598820681576,1,0
SESS_FAKE_00831,15.258825375902148,4,0.05563093352406581,0,1
SESS_REAL_04778,4.811654387287465,2,0.964275211305319,1,0
SESS_FAKE_00178,93.11378844280812,7,0.198498565771752,0,1
SESS_REAL_06409,35.39976621907096,1,0.949327662712887,1,0
SESS_REAL_01335,14.109037081590682,1,0.983771822881207,1,0
SESS_FAKE_00630,33.52364206370102,14,0.19295423166138637,0,1
SESS_REAL_01433,14.690462844787,1,0.9663332400100703,1,0
SESS_REAL_07744,8.969827023232265,1,1.0,1,0
SESS_REAL_05831,9.221627504193368,2,0.9556050871259443,1,0
SESS_REAL_03336,30.161440367346728,0,0.9557529689930747,1,0
SESS_REAL_04414,7.847647232639825,1,0.9478175420464464,1,0
SESS_REAL_02081,2.309131053829326,3,0.9856817413583878,1,0
SESS_REAL_00430,3.3516918545054324,0,0.9324444244220215,1,0
SESS_REAL_08436,8.676122776547073,1,0.9933381195007918,1,0
SESS_REAL_05056,8.40899622916088,0,0.9078530990737357,1,0
SESS_REAL_06456,12.96751956895999,0,0.9068408895129275,1,0
SESS_REAL_01160,22.471768515303765,0,0.9646095412297658,1,0
SESS_REAL_00219,24.20347292956081,0,0.9706472285247602,1,0
SESS_REAL_06852,30.185212257000448,1,0.9265880426478695,1,0
SESS_REAL_01858,23.64181304488142,3,0.9393962068914115,1,0
SESS_REAL_06556,6.973897678290935,3,0.9394535457258685,1,0
SESS_REAL_06324,2.5198194761433252,1,0.974077740932545,1,0
SESS_REAL_06097,24.470595153658483,3,0.9025953323932567,1,0
SESS_FAKE_00941,28.958580844962903,6,0.1892813267513197,0,1
SESS_REAL_00121,28.670911791434776,0,0.9259418757480885,1,0
SESS_REAL_05434,12.380322675819219,0,0.918901275164398,1,0
SESS_REAL_00594,28.75168950154029,3,0.9603959944045773,1,0
SESS_REAL_00770,2.906926621185328,3,0.9237865133867502,1,0
SESS_REAL_02065,20.016961281734844,0,0.9594180521693049,1,0
SESS_REAL_03184,10.18341669140792,3,0.9573201818942839,1,0
SESS_REAL_01739,7.915883215441608,1,0.9897986491849982,1,0
SESS_REAL_06369,22.777811903679893,0,0.963156394964814,1,0
SESS_REAL_04077,5.374285398948782,0,0.9300380670704578,1,0
SESS_REAL_00321,16.54619145332131,3,0.9991789140562183,1,0
SESS_REAL_07265,2.490795550633651,1,0.9654066683815633,1,0
SESS_REAL_01159,1.8562021385162641,1,0.9632316233844693,1,0
SESS_REAL_01641,23.64445190474366,2,0.9461921239978558,1,0
SESS_REAL_05524,10.527311717227684,2,0.9354111016848635,1,0
SESS_REAL_04692,6.560809933769522,2,0.9965939361061806,0,0
SESS_REAL_01715,64.76318372083998,0,0.9518164346109262,1,0
SESS_FAKE_00167,26.9596407159204,10,0.25757448332888455,0,1
SESS_REAL_07244,5.51748474418649,1,0.9811142407974237,1,0
SESS_REAL_01881,26.29336890128943,0,0.940089096125191,1,0
SESS_REAL_07392,21.4451517903878,1,0.9586951987117126,1,0
SESS_FAKE_00714,109.38551791191051,10,0.38683801129927103,0,1
SESS_REAL_06509,15.292889829345182,2,0.9139587876945563,1,0
SESS_REAL_00796,33.77986244029502,0,0.9998861329569216,1,0
SESS_REAL_00920,25.84205913263189,0,0.9836245594649238,1,0
SESS_REAL_03750,28.610037672370744,0,0.9203764859382935,1,0
SESS_REAL_02842,31.574999914046067,1,0.9986862795341362,1,0
SESS_FAKE_00860,46.22107943409654,6,0.6014088282030009,0,1
SESS_REAL_08229,10.436844587550567,1,0.8781035155288406,1,0
SESS_REAL_01580,4.666759955295466,0,0.9866550471801655,1,0
SESS_REAL_07597,1.64219770523005,3,0.980282264721005,1,0
SESS_REAL_00949,12.41813172235791,1,0.9816849213143011,1,0
SESS_REAL_03326,20.99474481422317,3,0.947433204972989,1,0
SESS_REAL_02470,4.601359265507348,1,0.8968412088729788,1,0
SESS_REAL_08207,2.2238376703510987,1,0.980055715821614,1,0
SESS_FAKE_01091,51.24741175939746,1,0.2841970313353163,0,1
SESS_REAL_02465,4.1974203910294205,1,1.0,1,0
SESS_REAL_01140,22.39377495533372,1,0.9727376910203371,1,0
SESS_REAL_04320,11.928456013389908,0,0.9600884249227206,1,0
SESS_REAL_04206,12.070032777887297,2,0.9430538173064755,1,0
SESS_FAKE_00399,57.28054146014774,3,0.06966946702022331,0,1
SESS_REAL_06699,5.689607724521161,0,0.972957102613382,1,0
SESS_REAL_05262,11.288895914825087,0,0.9234509711812156,1,0
SESS_REAL_07946,13.268151824079915,2,0.950850446223765,1,0
SESS_REAL_06909,9.418086558236695,1,0.9775585281616922,0,0
SESS_REAL_00978,9.730871472314266,0,0.9649917881895395,1,0
SESS_REAL_04540,3.762434160639486,2,0.9387018576817541,1,0
SESS_REAL_02509,28.329238071445403,3,0.9851504659166843,1,0
SESS_REAL_00954,8.011315612155816,2,0.9663951486082524,1,0
SESS_REAL_00045,14.535069582779764,1,0.9665091102202726,1,0
SESS_REAL_05912,16.371959392672927,2,0.9839640107737092,1,0
SESS_REAL_02176,5.429989672544968,2,0.8905743845751407,1,0
SESS_REAL_03303,6.148475890735769,2,0.9539906221427178,1,0
SESS_REAL_02551,2.91187085853687,1,0.9437900938854614,1,0
SESS_REAL_06779,2.175606334215716,0,0.9705855066951412,1,0
SESS_REAL_05165,51.62317856676641,1,0.9567483245161106,1,0
SESS_REAL_01848,27.656436973206624,0,0.9434113447780518,1,0
SESS_REAL_04308,22.668767891225087,0,0.9617437849380059,1,0
SESS_FAKE_01404,22.16450353543804,7,0.3501033015660434,0,1
SESS_REAL_06524,2.327826555893587,0,1.0,1,0
SESS_REAL_06415,8.136328280656915,0,0.9184048221653673,1,0
SESS_REAL_05523,8.85792154512788,1,0.994797246784163,1,0
SESS_FAKE_00930,47.70885275612954,11,0.3061090998319805,0,1
SESS_REAL_04622,3.4036604096263297,0,0.9649343829923992,1,0
SESS_REAL_00280,27.987881716161205,1,0.9657260771914153,1,0
SESS_REAL_05418,9.604153075762724,1,0.9446973745419556,1,0
SESS_REAL_04338,7.298824432910137,1,0.9171725652091522,1,0
SESS_REAL_07732,1.5094778750548865,2,0.9919781412569991,1,0
SESS_REAL_08089,27.375370715599665,2,1.0,1,0
SESS_REAL_03424,23.276871128314802,0,0.990466114116462,1,0
SESS_REAL_04527,30.807886858440725,1,0.9118492957544209,1,0
SESS_REAL_03104,5.092386989943831,2,0.9568571625898257,1,0
SESS_REAL_08030,6.733766881461113,2,0.9253452662411669,1,0
SESS_REAL_02031,11.4980249057755,1,0.9114623350574695,1,0
SESS_REAL_07033,12.104950528645746,0,0.9253138678058107,1,0
SESS_REAL_00358,35.307065464645824,0,0.9767901310459913,1,0
SESS_REAL_05131,10.176899640094359,0,0.9130004079089505,1,0
SESS_REAL_01302,2.1404458281480965,1,0.9838857028836089,1,0
SESS_REAL_06463,5.244470768768561,1,0.9731352741600239,1,0
SESS_REAL_05191,15.980054019722004,2,1.0,1,0
SESS_FAKE_01342,14.608752286305712,14,0.0557576742177818,0,1
SESS_REAL_05981,1.7053770571919324,1,1.0,1,0
SESS_REAL_07089,2.576395939521289,1,0.9529862474568724,1,0
SESS_REAL_05176,27.47883020587868,0,0.9224382009498365,1,0
SESS_REAL_03906,10.160916698613663,2,0.9576954121997553,1,0
SESS_REAL_00549,19.25768497152618,1,0.9865150140468992,1,0
SESS_REAL_05648,13.290766292954906,1,0.9911255226649826,1,0
SESS_FAKE_01057,18.649373346587687,4,0.4112569808307205,0,1
SESS_REAL_08267,6.951338362865495,0,0.9695480676484656,1,0
SESS_REAL_06045,18.56893602044986,2,0.9141951324173254,1,0
SESS_REAL_03201,9.893181993408819,3,0.9725576299888374,1,0
SESS_REAL_03527,18.590073651618653,3,1.0,1,0
SESS_FAKE_01038,64.6856677619482,13,0.47005711676289175,0,1
SESS_REAL_02860,25.68817178244867,2,0.9811303862219077,1,0
SESS_FAKE_00332,145.46459631745893,11,0.4165545950062135,0,1
SESS_REAL_00076,19.20257431252216,0,0.9111912339175311,1,0
SESS_FAKE_00676,27.769799580376745,11,0.29337665219773146,0,1
SESS_REAL_02630,13.519304008863934,0,0.9801900670731538,1,0
SESS_FAKE_00273,13.727095186209302,7,0.12241903649911837,0,1
SESS_REAL_06808,6.3722588912422715,0,0.9212976177026814,1,0
SESS_REAL_06323,6.844646844624862,3,0.9047740992142566,1,0
SESS_FAKE_01288,14.607014895168213,9,0.14321106780162154,0,1
SESS_REAL_01484,6.209150291318254,0,0.9803272869602823,1,0
SESS_REAL_00395,33.54165509279191,3,0.9129085361478063,1,0
SESS_REAL_00639,7.183979817629664,0,0.9212664992929109,1,0
SESS_REAL_03680,18.172532479103477,3,0.9669235077920059,1,0
SESS_REAL_04185,13.508996458021514,1,0.9638191436886145,1,0
SESS_REAL_06727,2.6277848765400122,3,0.9341328327684919,1,0
SESS_REAL_00195,6.654811389739727,2,0.9308841584822133,1,0
SESS_REAL_01085,9.059849317216708,0,0.9315760457339962,1,0
SESS_REAL_04853,6.533388642198705,3,0.942630399436234,1,0
SESS_FAKE_00939,53.83193011317914,12,0.38667667925511523,0,1
SESS_REAL_02202,8.08956838381602,3,0.9329723493504575,1,0
SESS_FAKE_00058,52.957102359998,10,0.2744199512283818,0,1
SESS_REAL_00813,31.935695291559313,3,0.9648332277048082,1,0
SESS_REAL_01197,43.13802797390101,2,0.9746294627725073,1,0
SESS_REAL_03076,36.68942353131076,1,0.9525742129977016,1,0
SESS_REAL_04123,29.16275638685153,1,1.0,1,0
SESS_REAL_04603,7.048848914796015,2,0.9216394978007829,1,0
SESS_REAL_07487,40.55950189028007,2,0.9538537734721944,1,0
SESS_REAL_06309,21.353188476484164,2,0.9669164465886378,1,0
SESS_REAL_06795,5.535404605514647,0,0.950843117117063,1,0
SESS_REAL_06261,24.389048014614737,3,0.9743696357343793,1,0
SESS_FAKE_01009,17.290915632317073,13,0.5319508248314346,0,1
SESS_REAL_07809,1.7535745446735067,3,0.9125066805074147,1,0
SESS_REAL_06618,9.858615600222294,2,0.9518427468162983,1,0
SESS_REAL_03282,24.670108526081478,1,0.9569603926522408,1,0
SESS_REAL_07798,4.692306278304168,1,0.975416157570993,1,0
SESS_REAL_03205,23.33512219559329,2,0.9282214429910225,1,0
SESS_REAL_02552,21.317828520905763,2,0.9563627913252829,1,0
SESS_REAL_05955,13.191710353042462,3,0.9797548014301436,1,0
SESS_REAL_01529,10.796485657659126,4,0.9202319086061601,1,0
SESS_REAL_08395,16.112981484000024,0,0.9234158020095771,1,0
SESS_FAKE_00546,15.072491783357094,10,0.04558115234766957,0,1
SESS_REAL_02066,4.198196804230488,3,0.9577176814108801,1,0
SESS_REAL_03817,22.31676417455594,2,0.9677907043163924,1,0
SESS_REAL_05237,14.493198422421633,2,0.9662653692230493,1,0
SESS_REAL_01822,12.954547541753767,0,0.9743015419017504,1,0
SESS_FAKE_00871,13.27894383031549,9,0.19566134986271477,0,1
SESS_REAL_05206,20.92417612663445,4,0.967077735656726,1,0
SESS_REAL_03334,28.032056930177504,0,0.9810397210960462,1,0
SESS_REAL_05071,17.69554974410361,1,0.9711975933587678,1,0
SESS_REAL_08162,8.049772578532941,1,0.9110273289522359,1,0
SESS_REAL_06186,20.11601781526349,1,0.9479594753628264,1,0
SESS_REAL_01309,21.737454832175082,2,0.9483001537276028,1,0
SESS_REAL_03387,11.279362846266046,3,0.9424482697817744,1,0
SESS_REAL_03734,4.8988414614845635,3,0.9439947308960446,1,0
SESS_REAL_06989,1.8787317529562915,2,0.9665653566517208,1,0
SESS_REAL_01114,12.285534290243028,0,0.93150125173214,1,0
SESS_REAL_01471,17.593521430231903,0,0.9395723713116554,1,0
SESS_REAL_05231,8.022968761631216,1,0.9843101552594141,1,0
SESS_REAL_04394,36.51878760881146,0,0.9742298266303414,1,0
SESS_REAL_03288,29.345815481997203,1,0.9897611677637057,1,0
SESS_REAL_07645,15.521081135951778,1,0.9314217149213962,1,0
SESS_REAL_01116,2.651350835652165,1,0.9520222425518245,1,0
SESS_REAL_06196,4.847722740584639,2,0.9304137164424698,1,0
SESS_REAL_07189,12.64859902563543,4,0.9535730170549311,1,0
SESS_FAKE_01016,85.05047158363348,9,0.42166489469603347,0,1
SESS_REAL_01052,35.07590211351196,2,0.9336043651787426,1,0
SESS_REAL_02335,7.310961553792326,3,0.9455140890637019,1,0
SESS_REAL_04340,8.513178268463584,0,0.934893864100526,1,0
SESS_REAL_02350,13.63038371911251,1,0.9135780643078226,1,0
SESS_FAKE_00942,120.97156150640603,9,0.24865610058542173,0,1
SESS_REAL_08059,11.130957940841371,3,0.9309234230634961,1,0
SESS_REAL_02935,3.697289163755336,1,0.9701950944446075,1,0
SESS_REAL_05282,3.869182156003799,1,0.916386624227767,1,0
SESS_FAKE_00652,77.32624542070381,4,0.4782628832203436,0,1
SESS_FAKE_01308,28.355347606331954,5,0.3764515265251639,0,1
SESS_REAL_00300,2.1367811509237127,0,0.9723421480914596,1,0
SESS_FAKE_00779,38.533268827251646,7,0.46423684782276525,0,1
SESS_REAL_06830,33.67884027437885,1,0.9272025801832215,1,0
SESS_REAL_04656,23.22706545909647,0,0.9363922974373455,1,0
SESS_REAL_05078,9.428115395861662,1,0.9416935872642175,1,0
SESS_REAL_04499,8.018108959540578,2,0.9306125528627793,1,0
SESS_REAL_06806,17.64066149486632,4,0.9838533998110732,1,0
SESS_REAL_07896,16.192478400232254,0,0.9598332256977623,1,0
SESS_REAL_07853,5.707510767044971,1,0.9947816788607489,1,0
SESS_REAL_05771,16.82087320262071,2,0.9417215683158797,1,0
SESS_REAL_02720,28.959524990667106,1,0.9485919702249318,1,0
SESS_REAL_03174,2.3771976792080602,2,0.9735133835092689,1,0
SESS_REAL_06105,3.859769171863585,0,0.9959028339101944,1,0
SESS_REAL_01939,2.4622702495604294,3,0.952814988361567,0,0
SESS_FAKE_01095,25.374282367096704,7,0.2731995943306384,0,1
SESS_REAL_05872,13.367319864799432,1,0.9197980081244483,1,0
SESS_REAL_04474,14.775586133603836,4,0.983032231606793,1,0
SESS_REAL_06735,11.438379955319217,3,0.9219515648759606,1,0
SESS_REAL_00122,6.0927685970198215,2,0.9643290317302965,1,0
SESS_REAL_07412,5.018725496572003,3,0.9320067689245546,1,0
SESS_REAL_06202,31.814753118030296,2,0.976061697685219,1,0
SESS_REAL_07150,19.134735278247817,2,0.9935613078559755,1,0
SESS_REAL_03635,9.489430896495612,2,0.9330858960708687,1,0
SESS_REAL_00446,52.725287275223806,2,0.9257024942963246,1,0
SESS_REAL_04307,13.434047990938623,2,0.9702349759530371,1,0
SESS_FAKE_00882,11.048163747614883,8,0.249639263880849,0,1
SESS_REAL_02052,3.6750189314617976,1,0.9261273476881576,1,0
SESS_REAL_08437,1.7685971266586926,0,0.9349589805330338,1,0
SESS_REAL_02194,2.911754374611176,0,0.9213049913097794,1,0
SESS_REAL_04163,7.2360246948972025,0,0.9209992967322491,1,0
SESS_REAL_00758,28.419639966437344,1,0.9515417590692452,1,0
SESS_REAL_04093,33.21719021706904,2,0.9377773640538638,1,0
SESS_REAL_03245,3.760470194714732,2,0.9096235875571986,1,0
SESS_REAL_05277,6.354716794195565,2,0.9508133285941673,1,0
SESS_REAL_07493,11.613204548392005,0,0.9481195297115472,1,0
SESS_REAL_00220,14.361759458037149,1,0.9802065073604673,1,0
SESS_REAL_06460,5.198348916996068,3,0.9329062441360084,1,0
SESS_REAL_05366,12.840655379826487,1,0.9103238620514837,1,0
SESS_FAKE_01152,102.49850840545737,6,0.05299324062850916,0,1
SESS_REAL_05198,7.377053092083417,0,1.0,1,0
SESS_REAL_06444,12.354624046676346,0,1.0,1,0
SESS_REAL_00832,3.3218390631766446,2,0.9261042327451895,1,0
SESS_REAL_01841,8.289230720624772,1,0.930591715412355,1,0
SESS_REAL_06070,37.27749685877407,5,0.9790406082416943,1,0
SESS_REAL_04405,15.336096225861347,0,0.9619681158250234,1,0
SESS_FAKE_00704,110.39072341684857,11,0.6975012864114314,0,1
SESS_REAL_03964,1.6364027479490189,1,0.9415676526943964,1,0
SESS_REAL_03583,25.07576786765331,1,0.9193819408165603,1,0
SESS_REAL_07936,10.054250746820598,2,1.0,1,0
SESS_REAL_06213,6.682505931179463,2,0.9226557904962882,1,0
SESS_REAL_07605,14.813190542536088,2,0.9890692013235418,1,0
SESS_REAL_05347,5.074922402661909,2,0.9509941238657033,1,0
SESS_REAL_04513,13.291792092773715,0,0.9565552275813836,1,0
SESS_REAL_01123,21.39824963680335,0,0.95223537155289,1,0
SESS_REAL_03858,7.69423471654641,0,0.9879441085465155,1,0
SESS_REAL_05857,1.6038763321326472,1,0.9370604944825552,1,0
SESS_REAL_04039,11.84751411059191,0,0.9757751828202196,1,0
SESS_REAL_04324,21.408267988044535,1,0.9646096441651119,1,0
SESS_REAL_06455,4.04706841206684,3,0.9855723054208995,1,0
SESS_REAL_08019,28.442142368568106,1,0.974398623680507,1,0
SESS_REAL_01824,13.890667602764507,1,0.9831742191023839,1,0
SESS_REAL_05382,5.127040577923485,2,0.9894963731786806,1,0
SESS_REAL_01292,11.559208847017448,1,0.9653177801241316,1,0
SESS_REAL_00717,41.7381166729883,1,0.987280894378201,1,0
SESS_REAL_06304,7.282258905036614,2,1.0,1,0
SESS_REAL_06290,3.348807113032433,3,0.9680218233586444,1,0
SESS_REAL_00586,2.44674365971482,0,0.9936702457237506,1,0
SESS_REAL_00970,14.57599107711214,1,0.9030525222751978,1,0
SESS_REAL_04876,12.523886894328635,1,0.972616989118209,1,0
SESS_REAL_04566,5.05166026999228,1,0.9173935308021693,1,0
SESS_REAL_06649,25.0062892133746,2,0.9586834344409214,1,0
SESS_REAL_03445,14.081040598633152,3,0.9462151361306348,1,0
SESS_REAL_04524,21.438952900032504,2,0.9133468673458077,1,0
SESS_FAKE_00364,73.56315284881117,9,0.0,0,1
SESS_REAL_01105,3.792404358914224,2,0.9984927667247011,1,0
SESS_REAL_01587,7.716595209724793,3,0.9810447834156756,1,0
SESS_REAL_06423,5.150198799111241,2,0.9843394833265718,1,0
SESS_REAL_04680,5.285725718712026,0,0.9878113555442012,1,0
SESS_REAL_02309,6.581529329079187,1,0.9491669380897594,1,0
SESS_REAL_04763,4.9298837585583755,1,0.9836990759334157,1,0
SESS_REAL_02185,34.92659335091248,1,0.9503721494943975,1,0
SESS_REAL_02267,16.053489750635734,1,0.9654533586329533,1,0
SESS_FAKE_00225,44.60901681581682,6,0.26846668010506125,0,1
SESS_REAL_06244,18.472713985052142,1,0.9698429854814975,1,0
SESS_REAL_03869,2.3722437453591736,0,0.9728849792502345,1,0
SESS_FAKE_01238,67.4996248878237,8,0.26451319989833144,0,1
SESS_FAKE_01475,63.66357998219824,8,0.11784207728715607,0,1
SESS_REAL_08272,2.3662797353818728,1,0.910540441890638,1,0
SESS_REAL_05539,9.05668377966702,2,0.941529608828681,1,0
SESS_REAL_05307,7.415997793472062,3,0.9525964294285393,1,0
SESS_REAL_06661,8.497610148984649,3,0.9370256128026085,1,0
SESS_REAL_05348,8.672815146947451,0,0.9499787406850103,1,0
SESS_FAKE_00911,14.388481918940503,13,0.3768444223973942,0,1
SESS_REAL_04650,2.1615207474682947,2,0.9264952897497485,1,0
SESS_REAL_00942,14.146663607832323,2,0.96909795132526,1,0
SESS_REAL_05252,15.834855817055782,1,0.9235116041300429,1,0
SESS_REAL_07915,4.869269951829273,1,0.8823692698068657,1,0
SESS_REAL_00103,10.02524612561028,1,0.9546672533827567,1,0
SESS_REAL_02425,29.14100723185852,0,0.9218717666105807,1,0
SESS_REAL_01707,4.420739543979968,0,0.9716948033796485,1,0
SESS_REAL_06610,25.940370866113877,0,0.9774828320605143,0,0
SESS_REAL_01595,11.864007005615765,2,0.91511548992017,1,0
SESS_REAL_08373,17.82959064534505,1,0.9207069899243381,1,0
SESS_REAL_07384,15.455385422697553,1,0.9345156539192523,1,0
SESS_REAL_03232,4.878051359085443,0,0.9238877139484059,1,0
SESS_REAL_03378,2.6104496280609575,0,0.981092970672355,1,0
SESS_REAL_02880,6.33378803487502,3,0.9298390677005877,1,0
SESS_REAL_03980,22.931490849654722,2,0.9222690967980752,1,0
SESS_REAL_03744,1.5828206930579372,1,0.9078450842018064,1,0
SESS_REAL_03194,6.751365685490238,1,0.9783700234365473,1,0
SESS_REAL_06227,52.66808075147668,3,0.9375557711848738,1,0
SESS_REAL_07385,6.22394946327495,3,0.951905466731807,1,0
SESS_REAL_00513,25.624708560563043,3,0.9158797939816953,1,0
SESS_REAL_04224,11.999776583637964,1,0.9323767266972793,1,0
SESS_REAL_00254,3.7286233955490573,1,0.9633643752406258,1,0
SESS_REAL_05465,9.960834851287434,1,0.9460881934338848,1,0
SESS_REAL_03142,12.03779653647698,4,0.9809339130404157,1,0
SESS_REAL_00250,5.685312818065923,0,0.9277522208271782,0,0
SESS_REAL_01502,1.8117186473041738,3,0.8969575627284015,0,0
SESS_REAL_03856,6.755851012779635,2,0.9744136023476628,1,0
SESS_REAL_08241,15.073942358468782,1,0.9176714310642752,1,0
SESS_REAL_06347,48.44755443100724,4,0.9241667636578695,1,0
SESS_REAL_04772,4.710701751812022,0,0.9804152348320442,1,0
SESS_REAL_00310,8.435801175279616,0,0.9608689041093965,1,0
SESS_REAL_02950,22.588736161536982,1,0.9819684577912493,1,0
SESS_FAKE_00932,33.621512120540245,6,0.43465255144351195,0,1
SESS_FAKE_00212,109.23062694473316,10,0.1412802755419996,0,1
SESS_REAL_02218,26.239581568972998,1,0.9450753369951854,1,0
SESS_REAL_02899,1.9595409084324273,3,0.920528185666949,1,0
SESS_REAL_03725,33.1786265052489,0,1.0,1,0
SESS_FAKE_01193,80.32484034853591,7,0.3309692894665917,0,1
SESS_REAL_00044,5.093493322088233,1,0.9630607438114444,1,0
SESS_FAKE_00951,15.46514121383542,9,0.29038376566850943,0,1
SESS_REAL_04004,3.4396361078125466,0,0.9909517496453667,1,0
SESS_FAKE_01397,29.54587706914857,6,0.29301321804728997,0,1
SESS_REAL_08021,23.627403310979993,1,1.0,1,0
SESS_REAL_08384,5.0798941427585715,0,0.9646511333674207,1,0
SESS_REAL_00003,12.455310645311439,1,0.9394554909151649,1,0
SESS_REAL_05186,15.047023463023159,2,0.9140388730496615,1,0
SESS_REAL_02685,1.7342022200385254,2,0.9072185287491286,1,0
SESS_REAL_05640,11.705201000554272,1,0.9832815194228237,1,0
SESS_REAL_07837,15.626564843733817,1,0.9290236145751765,1,0
SESS_REAL_07691,27.05418931331857,4,0.985869918133536,1,0
SESS_FAKE_00263,61.31767515244402,14,0.4544223362558367,0,1
SESS_REAL_08200,4.0477662078757,3,0.9506266148899722,1,0
SESS_REAL_03979,8.164045450997431,2,0.9637565257635532,1,0
SESS_REAL_06108,4.117576370562538,0,0.9110450044864004,1,0
SESS_REAL_03678,20.90031658218994,1,0.9459902080021273,1,0
SESS_REAL_01303,10.852210657147465,1,0.9642094933224041,1,0
SESS_FAKE_01216,70.49292226069448,7,0.271036611024044,0,1
SESS_REAL_07113,4.047591328461078,2,0.9414875845682626,1,0
SESS_REAL_02080,1.8305193436425782,2,0.9582823701664446,1,0
SESS_FAKE_00390,13.315154021371848,4,0.49622657813710747,0,1
SESS_REAL_04101,8.169841499874863,5,0.9735029355993163,1,0
SESS_FAKE_00060,39.4235270581191,9,0.5467441996271853,0,1
SESS_REAL_05577,50.03471398697491,1,0.9214504152914836,1,0
SESS_REAL_03027,13.817767928053346,1,0.953431392821079,1,0
SESS_REAL_03679,7.472811818925065,2,0.9985796622896991,1,0
SESS_REAL_00487,5.458112710785102,3,0.9796171171525777,1,0
SESS_FAKE_00344,81.62633442921693,8,0.4762745629506703,0,1
SESS_REAL_00192,29.18129313178112,4,0.8955355426004206,1,0
SESS_REAL_07362,10.834295051219936,0,0.9215342357869066,1,0
SESS_REAL_03280,8.702312472387247,1,0.95160543957739,1,0
SESS_REAL_02324,22.332971926532537,2,0.9289333854177326,1,0
SESS_FAKE_00069,11.999728314735354,9,0.007396975046163323,0,1
SESS_REAL_02416,7.318127337536904,1,0.9523335302593133,1,0
SESS_REAL_02993,7.561178322033351,1,0.9484531904503205,1,0
SESS_REAL_07294,3.602435678017971,0,0.9953343521583293,1,0
SESS_REAL_00124,4.604240953672576,1,0.9460521775351002,0,0
SESS_REAL_06767,4.6721132489551085,1,0.9153650831932064,1,0
SESS_REAL_05618,11.09731893199243,1,0.9493615885952816,1,0
SESS_REAL_02143,6.028657807336757,1,0.9970890351373314,1,0
SESS_REAL_08211,18.663421871213746,1,0.9758108929791007,1,0
SESS_REAL_01601,6.18759591537097,1,0.9304930074131214,1,0
SESS_REAL_04996,3.025562670845492,0,0.9304280624297124,1,0
SESS_REAL_05353,10.772002948690638,1,0.9406021568676788,1,0
SESS_FAKE_01188,93.54016538946401,9,0.24690254053401878,0,1
SESS_REAL_03077,2.843329741889126,2,0.9095314896584609,1,0
SESS_REAL_00268,6.8459081077793895,1,0.9181550707638143,1,0
SESS_REAL_05122,2.19440089854992,1,0.9512090779849575,1,0
SESS_REAL_06851,33.66937447932338,0,1.0,0,0
SESS_REAL_01032,4.636514894367428,3,0.9867626318437599,1,0
SESS_REAL_01930,11.909543605057731,0,0.9488815634594122,1,0
SESS_FAKE_01211,81.28938891347715,10,0.09879305826808979,0,1
SESS_REAL_05941,4.703970804011751,2,0.993971792389683,0,0
SESS_REAL_07128,6.207743579515645,3,0.876181441333318,1,0
SESS_FAKE_00299,18.305238107341083,9,0.283788599368839,0,1
SESS_FAKE_00733,17.60868237672205,12,0.2876213066927792,0,1
SESS_REAL_04165,7.406526531134147,0,0.9502109539354865,1,0
SESS_REAL_05620,2.7894025591967044,0,0.9437871457214815,1,0
SESS_REAL_01940,2.2240203129006915,1,0.9506212605105621,1,0
SESS_REAL_01296,3.6996136216209234,4,0.9563171225700182,1,0
SESS_REAL_00843,40.45197926726912,0,0.8976864905976382,1,0
SESS_REAL_01381,7.4528508763616825,0,0.9445193069995603,1,0
SESS_REAL_00454,2.9145624956625626,3,0.935654399082989,1,0
SESS_REAL_03545,3.519963196220385,1,0.9320615196494656,1,0
SESS_REAL_03269,15.501343152686275,2,0.9499607739723472,1,0
SESS_REAL_04435,5.452066537924687,2,0.9426379282223822,1,0
SESS_REAL_07858,3.2593454658973857,1,0.9595075096096519,1,0
SESS_REAL_01619,17.240946290313737,0,0.963771017147201,1,0
SESS_REAL_03217,1.5239294659165274,1,0.9644668808016548,1,0
SESS_REAL_02138,3.9903719298632296,2,0.9474427121258162,1,0
SESS_REAL_03405,21.219973412779133,1,0.938917484861409,1,0
SESS_REAL_02597,9.738717250796672,0,0.948905021676615,1,0
SESS_REAL_06095,17.75733396441637,1,0.9111493182212427,1,0
SESS_REAL_04235,6.05358919347995,3,0.9623285999212409,1,0
SESS_REAL_04334,7.254866574371417,0,0.9714624212373213,1,0
SESS_FAKE_01279,25.194512881537527,11,0.19962441522837174,0,1
SESS_REAL_05713,36.46211197109305,2,1.0,1,0
SESS_REAL_00693,4.8313510028352695,2,0.936219946278423,1,0
SESS_REAL_04048,24.311490307231963,4,0.9168265914182089,1,0
SESS_REAL_07855,8.059898210587686,0,0.890702170400128,1,0
SESS_REAL_00948,26.34721622463747,3,0.892832799410824,1,0
SESS_REAL_03476,40.405778538098296,0,0.8984105857972894,1,0
SESS_REAL_02992,11.154499048797959,1,0.9774595490081645,1,0
SESS_REAL_04573,18.52781514897974,2,0.943382044364576,1,0
SESS_REAL_04159,11.509478953139935,1,0.9893043316290164,1,0
SESS_REAL_02646,39.20292615052937,2,0.9678061695919494,1,0
SESS_REAL_05933,54.58815374452671,1,0.9208894972582304,1,0
SESS_REAL_02281,6.890241128513885,1,0.9753015035897219,1,0
SESS_FAKE_01453,102.46269005159579,8,0.24513473727504015,0,1
SESS_FAKE_00007,215.15443043344396,5,0.23666643674762075,0,1
SESS_REAL_06338,8.910070148199798,0,0.9607815823196151,1,0
SESS_FAKE_01378,42.970433916696976,9,0.25704543208290104,0,1
SESS_REAL_02413,1.8350755490751038,0,0.966589824730141,1,0
SESS_REAL_04623,15.566699589543951,2,1.0,1,0
SESS_REAL_04654,7.302361523014048,1,0.998063936556177,1,0
SESS_REAL_00433,2.7793045469446254,1,0.9201584817789223,1,0
SESS_FAKE_00568,95.97713944275773,10,0.32088317662746185,0,1
SESS_REAL_02827,2.703139476440028,1,0.9837441892009362,1,0
SESS_FAKE_00045,117.29215051069052,9,0.33043991069209994,0,1
SESS_FAKE_01334,63.77090669272382,6,0.2890841224709852,0,1
SESS_REAL_00716,22.807284853701574,4,0.9281672209552567,1,0
SESS_REAL_02468,9.244771548522955,1,0.9831366357497356,1,0
SESS_REAL_01341,8.952663622481268,2,0.9727516613903343,1,0
SESS_REAL_03514,24.470983858405678,1,0.929219609621612,1,0
SESS_REAL_05522,13.97531767178005,0,0.9650128153726667,1,0
SESS_REAL_04580,34.21650354522487,0,0.9099986121189385,1,0
SESS_REAL_05938,4.777426473394225,2,0.8853684888097783,1,0
SESS_REAL_00908,5.103915025767343,1,0.9346988547645699,1,0
SESS_FAKE_01491,21.372092983952264,6,0.4704111945893278,0,1
SESS_REAL_01076,7.320464729463814,2,0.9336637645713485,1,0
SESS_REAL_01976,5.101862618407132,0,0.896605304740297,1,0
SESS_REAL_01282,11.342189088457328,2,0.998314542059696,1,0
SESS_REAL_07422,7.438963643780686,1,0.9331003653624197,1,0
SESS_REAL_03293,10.864371827245627,1,0.9742118168662556,1,0
SESS_REAL_07117,2.317160121513452,0,0.9566599878388793,1,0
SESS_REAL_05329,10.071472471430999,0,0.9778637179495046,1,0
SESS_REAL_07292,2.8463393982490564,1,0.9977234795313007,1,0
SESS_REAL_06137,33.971354062322746,1,0.9312338491920599,1,0
SESS_REAL_03860,21.727472164586167,2,0.9275197609963988,1,0
SESS_FAKE_00744,185.61288287578978,13,0.02126722988038382,0,1
SESS_FAKE_00810,60.263526287138305,6,0.03351097452331314,0,1
SESS_REAL_02672,16.487930049993007,0,0.9556729867030055,1,0
SESS_REAL_02821,4.615773251567004,2,0.9711787222192236,1,0
SESS_REAL_08499,6.059408616731452,1,1.0,1,0
SESS_REAL_08389,2.634309093168275,3,0.8975161049500667,1,0
SESS_REAL_04358,11.67258955804647,1,0.9061209528880422,1,0
SESS_REAL_05494,9.219374894865272,0,0.9050246084629774,1,0
SESS_REAL_00443,7.05666312570375,2,0.9520595437122285,1,0
SESS_REAL_01924,20.47004985732955,1,0.9608248522520538,1,0
SESS_FAKE_00206,25.673149951188826,7,0.332088895053,0,1
SESS_REAL_00341,9.197403985132453,1,0.9581995893353578,1,0
SESS_REAL_02025,5.115820158608265,2,0.9709037888148822,1,0
SESS_REAL_05286,50.907612601347864,0,0.9781484269537911,1,0
SESS_REAL_07082,8.303823227611836,1,1.0,1,0
SESS_REAL_08182,2.357823239761436,2,0.9413249526430709,1,0
SESS_REAL_01003,17.311293349565684,0,0.9411209728085521,1,0
SESS_REAL_06638,2.5712542082556045,0,0.928067215022148,1,0
SESS_REAL_01087,3.6931486710815826,2,0.863539599104959,1,0
SESS_REAL_04606,23.959314766790065,0,0.9542497370936384,1,0
SESS_FAKE_00528,11.287870325921144,8,0.33367702788439624,0,1
SESS_REAL_06798,2.738281646420723,1,0.9727740986702768,1,0
SESS_REAL_07760,12.918226595296739,1,0.9627759373291669,1,0
SESS_REAL_08050,3.13412443673788,0,1.0,0,0
SESS_FAKE_00956,56.1543491983352,10,0.26738936515403783,0,1
SESS_FAKE_00969,258.0741171859206,7,0.2643692790159111,0,1
SESS_REAL_00849,12.357831889067349,1,0.944606049424841,1,0
SESS_REAL_06983,23.1185744401012,1,0.9526349039177822,1,0
SESS_REAL_01533,5.319740906496552,1,0.9489490430254145,1,0
SESS_REAL_00372,2.6904601398690495,1,0.9831987592741185,1,0
SESS_REAL_05742,22.933459702759635,0,0.9732342438477701,1,0
SESS_REAL_02665,5.699822344681908,2,0.9668136275884942,1,0
SESS_REAL_04178,6.251067866115583,0,0.9626366671830571,1,0
SESS_REAL_02981,4.714136172584483,2,0.9300876066020316,1,0
SESS_REAL_06569,8.041891392143539,0,0.9211249999120023,1,0
SESS_FAKE_00700,31.864203658455498,10,0.40063169889852934,0,1
SESS_REAL_03784,20.872241712750217,1,1.0,1,0
SESS_REAL_04749,20.958234291999077,1,0.9876060217333864,1,0
SESS_REAL_00830,4.5525896844327045,1,0.9400099108404106,1,0
SESS_REAL_06891,29.222589085296082,1,0.9539234633057461,1,0
SESS_REAL_03195,9.953753469250321,0,0.9826810486687511,1,0
SESS_REAL_02683,7.218907867856486,0,0.9544279270649946,1,0
SESS_REAL_00636,10.627281588663479,1,0.9924962105297943,1,0
SESS_FAKE_00756,41.621214975693796,9,0.22225735633851823,0,1
SESS_FAKE_01478,109.0793601411325,11,0.4599295521573994,0,1
SESS_REAL_03816,6.840618401027789,1,0.9782929111076478,1,0
SESS_REAL_04426,4.744771654135814,1,1.0,1,0
SESS_REAL_04243,8.765672861566468,0,0.9663552852689279,1,0
SESS_REAL_05836,27.62152428125844,0,0.9175885899030367,1,0
SESS_REAL_07200,7.025730226964676,3,0.9075554162757205,1,0
SESS_REAL_03209,12.816137513124598,1,0.9339547143642586,1,0
SESS_FAKE_01256,11.072031099776096,8,0.27745246524600875,0,1
SESS_REAL_08067,6.366202399469488,0,0.976709257621742,1,0
SESS_REAL_06586,9.134421461354226,2,0.9655131451612243,1,0
SESS_REAL_04754,25.217914458456793,0,1.0,1,0
SESS_REAL_08243,7.86719143662077,1,0.947478697642176,1,0
SESS_REAL_03769,2.9874962468268276,1,0.9183740291665168,1,0
SESS_REAL_04523,12.404193650644059,2,0.9769849988743148,1,0
SESS_REAL_02600,13.41669088171107,1,0.9554480041738784,1,0
SESS_REAL_04107,2.1207851964417572,0,0.948177780293387,1,0
SESS_REAL_07446,11.281737125425392,0,0.9439920842239441,1,0
SESS_REAL_06487,7.306486104256058,1,0.9267314507340819,1,0
SESS_REAL_06920,34.192129775551535,0,0.9399122913812533,0,0
SESS_REAL_01205,19.15738707100628,2,0.9123114187577922,1,0
SESS_REAL_02605,10.087882953653342,4,0.9439863825994119,0,0
SESS_REAL_07755,18.057796635505817,1,0.9473681565110413,1,0
SESS_REAL_04413,13.82061931927296,1,0.9561247868072613,1,0
SESS_REAL_02169,6.218360363035323,2,0.9548719971955877,1,0
SESS_REAL_04693,10.321233741464066,0,1.0,1,0
SESS_FAKE_00730,66.97308470890113,9,0.47024658228311245,0,1
SESS_REAL_02508,24.025365732391116,0,0.9295019990834652,1,0
SESS_REAL_07696,7.922030722781238,1,0.9984388950315971,1,0
SESS_REAL_00281,6.44978888565185,1,0.8913754927901347,1,0
SESS_REAL_04858,31.460925212479946,0,0.9698065341540748,1,0
SESS_FAKE_00130,193.09592062796196,10,0.22852609826254797,0,1
SESS_REAL_02282,9.175125798806505,2,0.9927089354545554,1,0
SESS_REAL_08327,29.508600400452522,1,0.9630114850962909,1,0
SESS_REAL_06835,3.5427601339825614,0,0.958188719885201,1,0
SESS_FAKE_00600,73.83641543168213,10,0.37711754480702486,0,1
SESS_REAL_04254,3.619743662320131,2,0.9185740165688899,1,0
SESS_FAKE_01443,44.76847456561709,6,0.3357654036788004,0,1
SESS_REAL_00642,4.350683227483558,1,0.9645194048589857,1,0
SESS_REAL_07271,41.362872717281356,0,0.9154931546527328,1,0
SESS_REAL_01541,2.8563706022456454,2,0.9149986018180687,1,0
SESS_REAL_05245,11.969299660113588,1,0.9433767018919661,1,0
SESS_REAL_03415,11.52152604963895,3,0.9591809984709052,1,0
SESS_REAL_01669,21.90875488812871,0,0.8882395794138412,1,0
SESS_REAL_07507,6.251087048723679,1,0.932352577960497,1,0
SESS_REAL_05842,2.6787574237349356,2,0.9435846245617601,1,0
SESS_REAL_03100,2.6663999488633197,1,0.9387023337554746,1,0
SESS_REAL_06216,3.498506011553151,2,0.9131051328453773,1,0
SESS_REAL_01680,6.597605114557276,1,0.9175924231526575,1,0
SESS_FAKE_00798,74.22514793594289,8,0.25406287668299987,0,1
SESS_REAL_00315,15.7877127935921,1,1.0,1,0
SESS_REAL_08492,9.088049063918628,1,0.959612105618291,1,0
SESS_REAL_03392,27.783746678444896,1,0.9816877536034385,1,0
SESS_REAL_06757,11.69242523652746,0,0.9659459108920477,1,0
SESS_REAL_02915,14.553748721527047,0,0.9697932427592533,1,0
SESS_REAL_03639,4.291373148996957,1,0.9434740166487999,1,0
SESS_REAL_05876,25.70992109487775,1,0.9491292078151824,1,0
SESS_REAL_08096,2.540280881963586,2,0.9649650298483488,1,0
SESS_REAL_00664,2.788116055498642,3,0.9834969280734139,1,0
SESS_FAKE_01298,30.98281340632618,8,0.20199665308995468,0,1
SESS_REAL_06110,46.50378004114102,3,0.946462268613534,1,0
SESS_FAKE_00200,25.63649521080447,8,0.049478642168536535,0,1
SESS_REAL_08165,6.9153907800775585,2,0.9434963654631392,1,0
SESS_REAL_02567,5.45880214146614,2,0.8971784206025406,1,0
SESS_REAL_05197,2.291044024885881,1,0.9516433330096211,1,0
SESS_REAL_04544,7.636165840326809,1,0.9555449866507727,1,0
SESS_REAL_02471,41.40045566279732,0,0.9342301904826843,1,0
SESS_REAL_06785,26.4290420871917,1,0.9058654171407486,1,0
SESS_FAKE_01375,50.000263891951036,7,0.48724776650336266,0,1
SESS_REAL_03818,22.124081835079405,0,0.9786376952153101,1,0
SESS_REAL_06674,3.194747801294097,3,0.9135180044322078,1,0
SESS_FAKE_00772,17.770520571800542,13,0.3777170373983229,0,1
SESS_REAL_04698,3.287174227495373,1,0.9318267375530433,1,0
SESS_FAKE_00492,45.15869685909776,6,0.5825653565248152,0,1
SESS_REAL_02322,12.735020011581032,3,0.9203298668514196,1,0
SESS_REAL_03617,23.8813218389776,3,0.9137266613303434,1,0
SESS_REAL_06092,6.463170244504344,1,0.9681741994820461,1,0
SESS_REAL_01596,5.345119109400313,0,0.9633563263674219,1,0
SESS_REAL_08077,12.059354775946375,3,0.9715781192472916,1,0
SESS_REAL_05011,16.214789835486492,1,1.0,1,0
SESS_FAKE_00234,46.100712403729304,12,0.44067983085149476,0,1
SESS_REAL_03699,5.2027247064147835,3,1.0,1,0
SESS_FAKE_00176,25.205813192031272,12,0.4314009092302994,0,1
SESS_FAKE_01164,51.23948752609639,12,0.36798848278795415,0,1
SESS_REAL_01807,3.9576858613199954,0,0.9275488311073855,1,0
SESS_REAL_07833,26.60404856237369,2,0.9521990608805955,1,0
SESS_REAL_00698,3.5119770332481575,3,0.9051458102454835,1,0
SESS_REAL_05068,31.88939692997392,1,1.0,1,0
SESS_REAL_08455,3.3323797289627737,2,0.9692193296002956,1,0
SESS_FAKE_01253,157.5815715201758,13,0.3191953935597886,0,1
SESS_REAL_07969,28.55697648798227,2,0.9346180833079627,0,0
SESS_FAKE_00775,157.68433460308825,12,0.27352199675914557,0,1
SESS_REAL_02155,4.791254619697623,3,0.9543501895208409,1,0
SESS_REAL_04914,3.6815631467667504,1,1.0,1,0
SESS_REAL_02594,3.3500716195710107,0,0.9411158126049887,1,0
SESS_REAL_07642,8.42141881577593,3,0.9300016606337728,1,0
SESS_FAKE_00651,33.940163588734706,9,0.1625220124490406,0,1
SESS_REAL_00965,6.774581732674242,3,1.0,1,0
SESS_FAKE_00478,46.29151503710903,8,0.6477220392704898,0,1
SESS_FAKE_00618,19.39650032544442,6,0.16754196663164383,0,1
SESS_REAL_00974,1.8801561458910943,0,0.9353200287361338,1,0
SESS_REAL_02479,20.47082720609002,3,0.9142611768234495,1,0
SESS_REAL_07306,22.9767164243555,1,0.8912460390378998,1,0
SESS_REAL_02047,16.265242807229452,3,0.9752102654068031,1,0
SESS_REAL_00652,12.107076694456483,1,0.9376637956828755,1,0
SESS_REAL_02562,2.1183747539525575,2,0.9229409558486493,1,0
SESS_REAL_00350,9.893273431293476,0,0.9553298298940697,1,0
SESS_REAL_03868,14.380943683875016,2,0.9452274000689416,1,0
SESS_REAL_07964,12.444778352283063,0,0.881606305311082,1,0
SESS_REAL_07965,1.8775239663150685,0,0.9557267823052841,1,0
SESS_REAL_04263,7.378057157929706,2,0.993423644970386,1,0
SESS_REAL_06680,14.285704400701997,1,0.9454310338011066,1,0
SESS_REAL_03866,7.896292785428397,0,0.977186476076168,1,0
SESS_REAL_01394,6.431820957662,3,0.9371217733138046,1,0
SESS_REAL_03927,14.428292649657742,1,1.0,1,0
SESS_REAL_02099,7.5495863510613646,0,0.936243420196064,1,0
SESS_REAL_03619,3.810253974624204,0,0.9472872769797411,1,0
SESS_REAL_06533,1.609677869968891,2,0.9449703519464749,1,0
SESS_REAL_00335,1.998977423007509,0,0.92264180159565,1,0
SESS_FAKE_00181,17.791091934822838,5,0.3328551616920007,0,1
SESS_REAL_01721,3.052900872288112,1,0.9427412536535654,1,0
SESS_REAL_08052,40.2066846837231,1,0.9273987098126742,1,0
SESS_REAL_06765,29.842518053313185,2,0.9509243334559193,1,0
SESS_REAL_06998,6.5888077753917145,0,0.9600851399693492,1,0
SESS_REAL_05003,6.486265074348465,1,0.9137522677513692,1,0
SESS_REAL_02279,2.3828829419535604,0,0.9196901063721039,1,0
SESS_REAL_01523,2.783285536703242,0,0.979264188670134,1,0
SESS_REAL_04300,2.5086090171308406,2,0.993400585084619,1,0
SESS_REAL_02076,4.774249996883049,2,0.9565010597332861,1,0
SESS_FAKE_00625,70.7974764940511,4,0.46048847987463404,0,1
SESS_REAL_08426,2.9915134059538016,1,0.9381785814380855,1,0
SESS_FAKE_00971,22.068888593650055,10,0.17775130434472286,0,1
SESS_REAL_08265,1.6685666464266147,3,0.8948411030406775,1,0
SESS_REAL_04411,1.55035482626782,0,0.9163862305268461,1,0
SESS_REAL_06720,19.25500600815988,1,0.917252445404684,1,0
SESS_REAL_03791,2.3352132782569535,2,0.9351663619153864,1,0
SESS_REAL_03356,15.794896138246159,0,0.9687473026540653,1,0
SESS_REAL_06022,24.768112419244375,1,0.9052906693353753,1,0
SESS_REAL_07761,2.6016688013737106,2,0.9932172289372284,1,0
SESS_REAL_02475,25.979803478191446,3,0.9547393811811578,1,0
SESS_REAL_03107,1.6091447952867433,1,0.9061284280439782,1,0
SESS_REAL_01013,1.982701214464549,2,0.9586005445962302,1,0
SESS_REAL_07953,2.2059569744294203,0,0.9438110411222402,1,0
SESS_FAKE_00031,64.83701106681464,5,0.0,0,1
SESS_FAKE_01141,72.5220149788019,10,0.3135421986946658,0,1
SESS_REAL_03439,33.264508870386734,1,0.9504675371770898,1,0
SESS_FAKE_01350,27.70668031402314,8,0.20595928236830802,0,1
SESS_REAL_02149,22.640531943209087,0,0.9571204435846858,1,0
SESS_REAL_01442,14.898949006854433,5,0.94299230803166,1,0
SESS_REAL_02266,12.248953567914155,2,0.9830575349192414,1,0
SESS_REAL_04640,36.469761571844224,1,0.9948071348767363,1,0
SESS_REAL_02303,5.668995084439769,4,0.9607346318755969,1,0
SESS_REAL_03255,3.349595667209103,2,0.9775469264143322,1,0
SESS_REAL_00604,3.0426745619202302,0,0.9198957031764741,1,0
SESS_REAL_02095,20.392001318609687,0,0.9439400000882414,1,0
SESS_REAL_07956,14.780278524119865,2,0.9522872099126818,1,0
SESS_REAL_05813,5.466695805304861,2,0.9253519498207856,1,0
SESS_REAL_04136,17.15781367227033,0,0.9329459149587673,1,0
SESS_REAL_06405,27.835457906859503,6,0.9425326064770119,1,0
SESS_REAL_00092,18.664713036922368,3,0.9554484564438326,1,0
SESS_REAL_03972,5.362963001240166,1,0.9760145938712179,1,0
SESS_REAL_03671,2.1106494474083854,1,0.949422177317799,1,0
SESS_REAL_04484,4.330296359498881,0,0.9300443437779996,1,0
SESS_FAKE_01460,93.14204663792415,9,0.24150502867135776,0,1
SESS_FAKE_00229,10.870029736202918,4,0.42504873083072847,0,1
SESS_FAKE_01466,57.44311904352153,8,0.2564615609283243,0,1
SESS_REAL_05502,4.681009005167065,3,0.9167543867618461,1,0
SESS_REAL_02966,17.08189708104257,2,0.9635532615762407,0,0
SESS_REAL_02074,26.901420612958013,1,0.9658633147672628,1,0
SESS_REAL_00091,16.489516131799192,0,0.9237437239766376,1,0
SESS_FAKE_00216,59.46639707455185,9,0.3791909219558142,0,1
SESS_REAL_00424,2.2113804773848535,2,1.0,1,0
SESS_REAL_08150,10.668512873197976,0,0.9221817974481346,1,0
SESS_REAL_04498,5.134897112792283,1,0.9576697596229182,1,0
SESS_REAL_05571,2.3100574908793643,2,0.9534469164044647,0,0
SESS_REAL_03430,11.937191291805828,0,0.939958955960709,1,0
SESS_REAL_06950,18.267154163206786,3,0.9607267593719078,1,0
SESS_REAL_05157,18.449249831390638,1,0.9601965592925564,1,0
SESS_FAKE_00817,131.92039843508962,7,0.43349112859578226,0,1
SESS_REAL_04067,47.94571102416428,0,0.9626878582553385,1,0
SESS_REAL_06253,1.7189586319000094,2,0.9328179993577087,1,0
SESS_REAL_03084,15.993344226852976,0,0.898852547578131,1,0
SESS_REAL_02931,14.481566644955091,2,0.9129561574634444,0,0
SESS_REAL_07976,32.0705800803427,0,1.0,1,0
SESS_REAL_03003,13.265922899718795,1,0.9692101133278901,1,0
SESS_REAL_04246,4.966258717497057,0,0.973862134197228,1,0
SESS_REAL_06778,55.92766803215456,0,0.9419555394817044,1,0
SESS_FAKE_00194,24.65531827695953,12,0.47289873181426645,0,1
SESS_REAL_01583,9.740420579902992,0,0.9878787755704714,1,0
SESS_REAL_06173,23.226885333767754,0,0.9737829543093313,1,0
SESS_REAL_06822,45.88450821278026,1,0.9722720620353258,1,0
SESS_REAL_03624,4.946889281905585,0,0.9580286315768799,1,0
SESS_REAL_02773,8.886788658688166,0,0.9628877390994227,1,0
SESS_FAKE_00211,60.17721545306809,7,0.3931892676376772,0,1
SESS_REAL_06707,10.951694421648646,1,0.9445950387881275,1,0
SESS_REAL_07716,4.531724209843672,0,0.9082434373631744,1,0
SESS_REAL_02349,1.6221942450305171,2,0.9388098882421677,1,0
SESS_FAKE_00006,76.17586314921122,2,0.35456732758776166,0,1
SESS_REAL_00797,11.492585567320772,1,0.9869273627264641,1,0
SESS_REAL_05493,5.353474332444227,0,0.9150557432641919,1,0
SESS_REAL_04430,15.081530212936189,2,0.9330000318377311,1,0
SESS_FAKE_01093,75.43729991665785,8,0.4010251413196953,0,1
SESS_FAKE_00566,57.52483007438469,8,0.0,0,1
SESS_REAL_04672,17.00803642428353,0,0.9376832243394051,1,0
SESS_REAL_04398,3.7343223730048716,0,0.9659178699466797,1,0
SESS_REAL_06190,15.845375620063663,1,1.0,1,0
SESS_REAL_02709,5.665934590219879,0,0.9545482420593369,1,0
SESS_REAL_00090,3.028468723386023,0,0.9265707412146713,1,0
SESS_REAL_08419,3.4482903533858216,2,0.9413715706437522,1,0
SESS_REAL_04776,1.5071774120581547,1,0.9979309797788274,1,0
SESS_REAL_00380,3.0090014379492915,1,0.963943858083319,1,0
SESS_FAKE_01250,11.764625304412267,10,0.1839733426498863,0,1
SESS_REAL_05255,9.36004628259413,0,0.9187379652940668,1,0
SESS_REAL_05747,48.41757421002971,4,0.9149537379138435,1,0
SESS_REAL_04225,17.2218580105547,0,0.9102861366620942,1,0
SESS_REAL_06682,25.476815198108447,1,1.0,1,0
SESS_REAL_07979,16.32063815920953,1,0.8854144729447336,1,0
SESS_REAL_05289,16.795178726518472,0,0.9839777392676561,1,0
SESS_REAL_02666,3.2625389097682502,0,0.9176188246207804,1,0
SESS_REAL_07912,10.75314259859366,0,0.9553403157777771,1,0
SESS_REAL_00279,20.563433699450457,2,0.9827529047274992,1,0
SESS_REAL_06764,20.391168671642866,0,1.0,1,0
SESS_FAKE_01201,40.80598306290347,5,0.09273828379475765,0,1
SESS_REAL_00592,3.9089562844137795,2,0.936545287074007,1,0
SESS_REAL_05936,15.351726299324337,2,0.9517839778212642,1,0
SESS_REAL_00025,19.955232132370945,3,0.9953342348003802,1,0
SESS_REAL_01174,13.561650335298605,3,0.9443167166742146,1,0
SESS_REAL_02469,10.897508205035695,3,0.9648401455834407,1,0
SESS_REAL_08367,20.220039530811047,2,1.0,1,0
SESS_REAL_06701,17.916632554286068,1,0.890899839306619,0,0
SESS_FAKE_01058,74.7631626793612,10,0.2701418678737473,0,1
SESS_REAL_03488,1.8871022584872577,2,0.9645959990833809,1,0
SESS_REAL_04751,8.547802891636827,3,0.9133180023758676,1,0
SESS_REAL_03036,8.28800620855177,5,0.9810582969854076,1,0
SESS_REAL_05263,2.173896707289167,1,0.9713102744405745,1,0
SESS_REAL_05752,2.8584158848103436,0,0.9679673815713672,1,0
SESS_REAL_05050,4.141117089618007,1,0.9657064297361391,1,0
SESS_REAL_04448,6.381060131218741,0,0.9748738031486479,1,0
SESS_REAL_07027,51.36594566278596,2,0.9275162608141451,1,0
SESS_REAL_01081,2.6239636636920833,0,0.9605824882587654,1,0
SESS_FAKE_00383,74.45330699265665,8,0.0,0,1
SESS_REAL_01821,3.052921068685214,2,0.9356448385902824,1,0
SESS_REAL_01750,10.696620543178298,1,0.9415868515650158,1,0
SESS_REAL_06960,10.59453144420987,2,0.9741700820954279,1,0
SESS_REAL_04965,4.420636343736499,3,0.9481090272789412,1,0
SESS_REAL_01374,4.907963639932445,2,0.9148276517649877,1,0
SESS_REAL_08220,26.10110853463083,1,0.897283557240155,1,0
SESS_REAL_01175,10.817964081332056,2,0.9418951968016347,1,0
SESS_REAL_03365,13.639562235885094,0,0.9545910379120286,1,0
SESS_REAL_02592,11.14897083689883,0,0.9866171087703526,1,0
SESS_REAL_06958,16.05332039913817,2,0.9656969735662813,1,0
SESS_REAL_07141,3.2067019526420126,5,0.983956220716881,1,0
SESS_REAL_00160,7.002273591171648,1,0.9385792793269276,1,0
SESS_REAL_01696,1.8138105596257517,0,0.9749151556590047,1,0
SESS_REAL_00101,13.640754611130593,3,0.9506949824018629,1,0
SESS_REAL_05179,30.833888683674527,1,0.9136091051312586,1,0
SESS_REAL_00339,2.735483021373759,2,0.9452731413333867,1,0
SESS_FAKE_00241,22.801717642524885,5,0.2402036114826962,0,1
SESS_REAL_00611,20.777930925913434,2,0.9116718552783182,1,0
SESS_REAL_05034,3.6819368999492346,0,0.9664765125399544,1,0
SESS_REAL_07677,41.623231558054385,0,0.983390439859024,1,0
SESS_REAL_01814,2.528938889483233,0,0.9586546953279873,1,0
SESS_REAL_06458,2.003401128968764,4,0.9325468788501405,1,0
SESS_REAL_03238,12.994746577811961,0,0.9553198508942342,1,0
SESS_REAL_02397,1.80932585276012,2,0.9150341183127106,1,0
SESS_REAL_06550,6.379473072646766,2,0.943108524817647,1,0
SESS_REAL_02083,30.29182259584417,1,0.9595442694408911,0,0
SESS_REAL_05227,27.3855607804671,0,0.9725243071655482,1,0
SESS_FAKE_00324,38.45068477093304,10,0.32629357832138234,0,1
SESS_REAL_06320,13.051251000769543,0,0.8989851668412082,1,0
SESS_FAKE_00456,28.580641656409913,9,0.31109230949922134,0,1
SESS_REAL_08466,8.388959250442088,2,0.9813409150510443,1,0
SESS_REAL_02036,2.953757322907442,2,0.9940893165997526,1,0
SESS_REAL_03582,6.881794997477938,2,0.9990161083483461,1,0
SESS_REAL_03112,16.523373991588038,0,0.9297235869167627,1,0
SESS_REAL_08335,8.948954182362252,2,0.9789469960708215,1,0
SESS_REAL_07217,16.550665678875063,3,0.9683500852429576,1,0
SESS_REAL_02399,13.65700059596184,4,0.9826851337868916,1,0
SESS_REAL_08480,1.5363053207767012,0,0.9686051938032247,1,0
SESS_FAKE_01394,38.20117924994742,9,0.330665056491419,0,1
SESS_FAKE_00105,63.90302328895264,11,0.37799329943965243,0,1
SESS_FAKE_00643,16.165494237750607,5,0.17551115711037646,0,1
SESS_REAL_07391,1.8000887070786806,1,0.9035884123483202,1,0
SESS_REAL_03001,20.61577269972769,1,0.9389454525926989,1,0
SESS_REAL_08359,3.5713468245261177,1,0.938624510433034,1,0
SESS_REAL_04208,2.5795186907556635,1,0.9937562829698144,1,0
SESS_FAKE_00309,46.83818781862661,10,0.24211535716974428,0,1
SESS_REAL_00374,2.386195523357124,0,0.9695183268831841,1,0
SESS_FAKE_01383,50.56834050193002,6,0.3190080348513338,0,1
SESS_REAL_04843,2.0286780006290672,0,0.9648651529428566,1,0
SESS_REAL_01856,18.380018649876664,0,0.952982853746871,1,0
SESS_REAL_02332,12.609896017545505,0,0.9800817365024487,1,0
SESS_REAL_04009,2.2002020342565505,0,0.9016345294802397,1,0
SESS_REAL_02997,5.949075338669189,0,0.9604918904622909,1,0
SESS_REAL_02852,4.052274807413311,2,0.9273361783939684,1,0
SESS_REAL_02526,4.339381094834982,0,0.9478727567875772,1,0
SESS_REAL_04481,9.157996615869113,1,0.946538427750135,1,0
SESS_REAL_05373,19.76700903682112,0,0.9867176060485074,1,0
SESS_REAL_04733,33.2084912907509,3,0.968342404067453,1,0
SESS_REAL_05207,8.341196865349346,1,0.9646608543724243,1,0
SESS_REAL_03403,6.245688712915071,2,0.9457062080758597,1,0
SESS_REAL_00172,10.11156701459386,2,0.9470263844253013,1,0
SESS_FAKE_00886,24.73697699599157,7,0.3090592548352043,0,1
SESS_REAL_06588,4.0443980993202455,0,0.9028471108031835,1,0
SESS_REAL_06180,12.301950394400706,3,0.8984991879810369,1,0
SESS_REAL_05865,8.51568340196332,4,0.981922498181766,1,0
SESS_REAL_00189,4.822524545254838,3,0.9898309358879499,1,0
SESS_REAL_08317,17.98022053108498,0,1.0,1,0
SESS_REAL_04469,26.903378128145977,0,0.9774798668945852,1,0
SESS_REAL_01241,19.48532765609157,2,0.9477285678917672,1,0
SESS_REAL_02098,20.688752633412797,1,0.9730761904249264,1,0
SESS_REAL_03270,5.004657563063934,3,0.9081656426570294,1,0
SESS_REAL_07873,28.215752699890505,2,0.9556901463196801,1,0
SESS_REAL_03720,6.547920258872779,0,0.9401134436601362,1,0
SESS_REAL_03136,17.798618234818026,0,0.9771397244572951,1,0
SESS_REAL_00233,9.639521200100322,1,0.9143778153543896,1,0
SESS_REAL_06964,5.748432967522305,0,0.954523966719023,1,0
SESS_REAL_05082,23.3028981776583,1,1.0,1,0
SESS_FAKE_00555,65.1454745050548,10,0.24269622188723955,0,1
SESS_FAKE_01307,90.45151193618206,10,0.1380389039523907,0,1
SESS_REAL_02486,9.426009509848573,0,0.8920727539843953,1,0
SESS_REAL_07108,27.09267191579974,1,0.9672750248061345,1,0
SESS_REAL_03381,8.294923195695427,0,0.9670590375068885,1,0
SESS_REAL_01647,22.48906481922407,1,1.0,1,0
SESS_REAL_01210,8.165301481320409,1,0.9952998297329578,1,0
SESS_REAL_06099,26.395648247505754,0,0.8784576614849304,1,0
SESS_REAL_08387,6.363932740455409,2,0.963943728173271,1,0
SESS_REAL_03547,9.452300202448098,2,0.9141255068928779,1,0
SESS_REAL_07012,5.436614310195907,1,0.9398620005319317,1,0
SESS_REAL_01280,13.052909219535438,1,0.8953737334454579,1,0
SESS_REAL_02813,3.630870525582115,0,0.9497589918932218,1,0
SESS_REAL_06333,10.028550243032452,4,0.9566118712137789,1,0
SESS_REAL_07705,1.8785923729528882,1,0.9454483024128794,1,0
SESS_REAL_06512,23.91157389804754,0,0.9277240371859065,1,0
SESS_REAL_03224,3.674639713380815,2,0.9538973501801614,1,0
SESS_REAL_03229,4.517919175940197,0,0.9529186618561787,1,0
SESS_REAL_01665,24.379981359939364,0,0.9595177574383694,1,0
SESS_REAL_07547,4.99363247336522,1,0.9499087253770158,1,0
SESS_REAL_01630,18.43507990250948,3,0.9872931073354487,1,0
SESS_REAL_08175,5.578692770956042,0,0.9786789957862023,1,0
SESS_REAL_03329,14.84611542352923,2,0.917538453626228,1,0
SESS_REAL_00046,5.982558979891484,2,0.9767323603219219,1,0
SESS_REAL_05868,21.628875994314285,1,0.970745441192965,1,0
SESS_REAL_06878,19.071806718087906,2,0.9530207904798202,1,0
SESS_REAL_07283,13.191786837005385,2,0.9643033307431618,1,0
SESS_REAL_00151,4.786326625704925,1,0.9607356320331396,0,0
SESS_REAL_08098,8.474010216758955,0,0.8966516569623479,1,0
SESS_REAL_05374,9.443806840649875,3,1.0,1,0
SESS_FAKE_00051,35.75259607001229,10,0.31460728844887265,0,1
SESS_REAL_08040,48.285926316994384,1,0.9277319692762317,1,0
SESS_FAKE_00498,85.64202077564534,7,0.3463037742358049,0,1
SESS_REAL_04505,5.536183538978196,1,0.9527127478389626,1,0
SESS_REAL_02644,2.092627853418504,0,0.9286025261574807,1,0
SESS_FAKE_01205,91.38426721794934,8,0.35957265034613417,0,1
SESS_FAKE_01370,128.00431886370916,10,0.10316634208476444,0,1
SESS_REAL_07865,44.90751012098786,2,0.9589986940626757,1,0
SESS_REAL_04962,5.6422287839606575,0,1.0,1,0
SESS_REAL_05461,4.819464264155885,0,0.9581845019683352,1,0
SESS_REAL_01412,5.272413668737295,3,0.9509113602923888,1,0
SESS_FAKE_00935,35.83293898328118,7,0.32640478380751775,0,1
SESS_REAL_07497,24.29088342623288,1,0.9287256023011543,1,0
SESS_REAL_04014,13.810069428456316,2,0.9429028118391614,1,0
SESS_REAL_05882,6.831890437200975,1,0.9713424490761391,1,0
SESS_REAL_03852,12.885638019699515,2,0.9187729440658133,1,0
SESS_FAKE_00347,24.718827661530334,9,0.530912694004908,0,1
SESS_REAL_05901,10.895298938094493,0,0.9551129743065399,1,0
SESS_REAL_06583,2.5872361543008635,2,0.950078684519453,1,0
SESS_REAL_06055,9.65052209174194,0,0.9930333550890347,1,0
SESS_REAL_01863,10.950204290306456,2,0.9541703954317692,1,0
SESS_REAL_06247,20.659477717936152,1,0.9753065122750668,1,0
SESS_REAL_00334,2.0651325234302464,3,0.901844886726754,1,0
SESS_REAL_07737,4.308208185527743,2,0.913146236643469,1,0
SESS_REAL_02312,9.663875095871436,2,0.9590897256999719,1,0
SESS_REAL_06836,6.980552002221598,1,0.9440648019731896,1,0
SESS_REAL_00877,14.40779738781043,3,0.9480158134386057,1,0
SESS_REAL_05107,2.757590330377905,1,0.9786764382704214,1,0
SESS_FAKE_00068,13.774239663002463,10,0.16551648535439328,0,1
SESS_REAL_06658,3.24001080919288,0,0.9685513076152009,1,0
SESS_REAL_06235,23.729191281431834,2,0.9849156170702786,1,0
SESS_FAKE_01157,89.38258759081165,17,0.31605045650482666,0,1
SESS_REAL_03778,14.341365022846734,3,0.9651707750389236,1,0
SESS_REAL_08000,16.787076061765433,1,0.8867282269093736,1,0
SESS_REAL_05944,41.93981461687397,3,0.9386064021596997,1,0
SESS_REAL_00323,5.440947136667951,2,0.9561107683542938,1,0
SESS_REAL_02542,23.94351209614566,1,0.9137961234073398,1,0
SESS_REAL_04760,9.421936737148505,1,1.0,1,0
SESS_REAL_00898,1.65704626075542,1,0.9268586832098117,1,0
SESS_REAL_02150,6.399373685572004,2,0.952353035215928,1,0
SESS_REAL_03412,1.772174079390575,1,1.0,1,0
SESS_REAL_03930,34.97043006706839,0,0.9686745000368469,1,0
SESS_FAKE_00112,81.23643478922618,10,0.16733787921385335,0,1
SESS_REAL_02229,5.778712747496089,1,0.9527618688663968,1,0
SESS_REAL_01889,59.15802529063367,2,0.9841429128233133,1,0
SESS_REAL_06168,2.1906131633758874,0,0.9797321394979227,1,0
SESS_REAL_04529,3.8929067772752823,2,0.9973122446698148,1,0
SESS_REAL_01562,19.698231549509384,0,0.9464336371058054,1,0
SESS_FAKE_01113,18.279199688740988,6,0.2760552032414035,0,1
SESS_REAL_01514,4.114558928550156,2,0.8762377423018535,1,0
SESS_REAL_06422,2.220030127371431,0,0.9621587163540319,1,0
SESS_REAL_00930,3.3008930259685867,0,0.9504210120164555,1,0
SESS_REAL_02189,14.622956207060078,2,0.9828172085489739,1,0
SESS_REAL_06526,1.8015642013768989,3,0.9730691567569555,1,0
SESS_REAL_01344,17.790454856991865,1,0.9237510494995949,1,0
SESS_REAL_02746,11.86148787234992,1,0.9974564337427475,1,0
SESS_FAKE_00219,20.251689199642815,8,0.09680377539654869,0,1
SESS_REAL_01655,34.667415610704886,0,0.9323991775636202,1,0
SESS_FAKE_00254,13.537003657660497,9,0.1383061152207594,0,1
SESS_REAL_00040,3.0618268074533836,1,0.962142425159465,1,0
SESS_REAL_08024,4.637693998082188,3,0.9651793404512112,1,0
SESS_REAL_03290,2.3318615472436166,1,0.9338868075375985,1,0
SESS_REAL_08479,39.043259940052245,0,0.9536587107012814,1,0
SESS_REAL_03179,15.367309339637485,2,0.980331500469585,1,0
SESS_REAL_08147,31.97024864375051,0,0.9236676412165941,1,0
SESS_REAL_01073,1.7164272339833886,2,0.938541984106058,1,0
SESS_REAL_04264,14.434789368921308,1,0.9460770899419074,1,0
SESS_FAKE_01044,18.212147341066164,5,0.15565998208258003,0,1
SESS_REAL_07185,32.14696334324054,0,0.9814276526675281,1,0
SESS_REAL_00398,18.177416597945534,1,0.9218115325616292,1,0
SESS_REAL_06028,16.77545108028473,3,0.9570135288900967,1,0
SESS_REAL_05541,14.08265251569769,1,0.9738574750210183,1,0
SESS_REAL_05132,2.7587236764701184,1,0.9772765676324761,1,0
SESS_REAL_05391,11.60551603720971,0,0.9246500027272512,1,0
SESS_REAL_02277,9.969101866268128,1,0.9628536404468098,1,0
SESS_REAL_06643,28.516724720380164,3,0.9007156825764013,1,0
SESS_REAL_03019,19.876387783000002,1,0.9716894153929346,1,0
SESS_FAKE_00970,217.3893344427867,8,0.21366343450873174,0,1
SESS_REAL_05714,15.05455164528427,2,0.9328591347226466,1,0
SESS_REAL_00373,15.286498470926006,1,0.971207869554085,1,0
SESS_REAL_07050,26.769669432884353,2,0.9412875326947207,1,0
SESS_FAKE_00678,115.12739246085292,7,0.4496013842438028,0,1
SESS_REAL_00478,43.30290265507206,1,0.9669090297632935,1,0
SESS_REAL_06741,2.942217608173159,0,0.9542012921513567,1,0
SESS_FAKE_00107,87.72036858015204,10,0.33780472277865753,0,1
SESS_REAL_06857,5.362152235404131,1,0.9529928650630219,1,0
SESS_REAL_02016,6.620448667134439,0,0.9362161882887436,1,0
SESS_REAL_03028,14.857859624340499,1,0.9263696811072709,1,0
SESS_REAL_01645,18.391217221868867,2,0.9276163696224489,1,0
SESS_REAL_05381,9.926325917401968,2,0.9358683928884531,1,0
SESS_REAL_05673,6.025367085920719,2,0.969666019294745,1,0
SESS_REAL_00238,13.943625435543286,0,0.9736266022041514,1,0
SESS_REAL_06174,10.10776949083662,0,0.9324129327680081,1,0
SESS_FAKE_01473,17.506867772149654,11,0.19782581745501393,0,1
SESS_REAL_04060,5.678827218549582,1,0.9834829599731766,1,0
SESS_REAL_07297,9.520701718423318,3,0.9326833547321906,1,0
SESS_REAL_01911,26.612827346119666,1,0.9962169983402394,1,0
SESS_REAL_01752,1.6463379629853314,0,0.9221857104339337,1,0
SESS_REAL_08326,3.1152838705343195,2,0.9450619952697872,1,0
SESS_REAL_02522,5.769742455717289,1,0.8852754851243786,1,0
SESS_REAL_01683,22.24410210491925,2,0.9600836870883671,1,0
SESS_REAL_05932,4.924815778387784,0,0.9648980722902781,1,0
SESS_REAL_01762,2.738787793039486,0,0.9729056800371446,1,0
SESS_REAL_08304,1.9939916572262915,1,0.9511334179939249,1,0
SESS_REAL_03621,4.489296719381494,1,0.971009875118186,1,0
SESS_REAL_02122,42.48110307660105,1,0.9053436608290414,1,0
SESS_REAL_08160,40.99245856147002,0,0.9543458788655157,1,0
SESS_REAL_08432,2.294235641294881,1,0.9763012050428374,1,0
SESS_REAL_02849,6.828820942519843,0,0.9521331157195203,1,0
SESS_REAL_07423,7.949625068885038,3,0.913349855486487,1,0
SESS_REAL_03710,1.6240529614089414,2,0.943482520147457,1,0
SESS_REAL_04855,4.058557530188002,0,0.959035608742333,1,0
SESS_REAL_04903,5.912468247975472,2,0.9417670391908264,1,0
SESS_REAL_00081,13.215614300548488,2,0.9052895057761761,1,0
SESS_REAL_07138,14.76958313245234,1,0.9416403580882522,1,0
SESS_REAL_07267,7.357745203203425,1,0.9537664517398745,1,0
SESS_REAL_03830,7.255630907168079,0,1.0,1,0
SESS_REAL_04370,4.212181280803993,4,0.9544975310917355,1,0
SESS_REAL_08092,12.078702768377072,2,0.952739627691258,1,0
SESS_REAL_07447,5.048912435640069,2,0.9361084712980474,1,0
SESS_REAL_08192,6.395773506765034,1,0.9209096101634657,1,0
SESS_REAL_05730,22.176067702278484,1,0.9555010400999558,1,0
SESS_REAL_04521,11.827919145174828,1,0.8879204494745694,1,0
SESS_REAL_08148,6.144468869604773,2,0.9424918632498587,1,0
SESS_REAL_05234,9.929580398208744,2,0.9553160322190718,1,0
SESS_REAL_03761,17.432948051846505,2,0.8946734988839828,1,0
SESS_REAL_01095,3.8307092402804073,3,0.9215350438512997,1,0
SESS_REAL_01090,35.82011197792666,0,0.9877321540251097,1,0
SESS_REAL_08173,5.753568582631343,1,0.9287339441468558,1,0
SESS_REAL_04098,5.090443757472597,3,0.9388741391658497,1,0
SESS_REAL_07351,2.017401363604937,2,0.9842488452028083,1,0
SESS_REAL_07725,3.305976244714175,0,0.9739672301837539,1,0
SESS_REAL_04508,12.048743187452018,0,0.9827966869121262,1,0
SESS_REAL_00772,3.13655556633685,0,0.9089918252425366,1,0
SESS_REAL_04230,16.01740682826456,1,0.9679730489923304,1,0
SESS_REAL_02705,21.250455696791356,1,0.9346017758961597,1,0
SESS_REAL_00129,10.078513912062668,0,0.8826745537349563,1,0
SESS_FAKE_00925,27.857568726907708,10,0.1269051902936159,0,1
SESS_REAL_03366,6.207835086430314,0,0.9505948146129609,1,0
SESS_REAL_03359,14.428461358281169,2,0.9546104528953071,1,0
SESS_REAL_07888,6.0681420254612215,1,0.9711232562889932,1,0
SESS_REAL_00176,15.59055033081263,0,1.0,1,0
SESS_FAKE_00147,163.26075480153514,6,0.12223370970990355,0,1
SESS_REAL_03751,30.285883297893278,3,0.9649479412158765,1,0
SESS_REAL_07197,18.937269160589402,3,0.9472017624854929,1,0
SESS_REAL_02442,18.720865659677948,2,0.9927621779711879,1,0
SESS_REAL_08083,2.838067584578731,1,0.9442452063683976,1,0
SESS_REAL_02716,13.977061038726209,2,0.9243660048119889,1,0
SESS_REAL_02139,24.9381102308227,1,0.96805341809896,1,0
SESS_REAL_00630,16.49390249947231,0,0.9167924884095423,1,0
SESS_REAL_05069,1.644907743361681,0,0.9472127459045515,1,0
SESS_REAL_01545,9.429220455921685,1,0.9225920052319081,1,0
SESS_REAL_07350,6.293580728057551,0,0.9207771933654416,1,0
SESS_REAL_06804,8.314063615261972,1,0.9270606614701163,1,0
SESS_REAL_05748,52.386936511723334,3,0.9527501414851328,1,0
SESS_REAL_00207,14.569948647482892,3,0.9341118785359311,0,0
SESS_FAKE_01387,13.406581683745445,12,0.5455400791318107,0,1
SESS_FAKE_01257,39.39165683986547,9,0.4168946198013794,0,1
SESS_REAL_00347,2.0563478882464166,1,0.9903231708126337,1,0
SESS_REAL_03546,2.5363303660684755,1,0.8977289232124624,1,0
SESS_REAL_03062,12.466860573105889,0,0.9858214095098772,1,0
SESS_REAL_04787,29.784368504823053,2,0.9509490204853674,1,0
SESS_REAL_07806,16.752466157381818,1,1.0,1,0
SESS_REAL_08210,3.7940778536530777,0,0.9360559901205171,1,0
SESS_REAL_07037,8.644246670062259,2,0.9125771415493372,1,0
SESS_FAKE_01013,82.00424406193184,10,0.23051749090437512,0,1
SESS_REAL_07307,5.738526561766619,1,0.9587782172451681,1,0
SESS_REAL_05979,11.790389863127336,0,1.0,1,0
SESS_REAL_04061,4.333507807767492,1,0.9335313487615667,1,0
SESS_REAL_08338,8.952581338513252,0,0.9281611440581062,1,0
SESS_REAL_06147,9.518523846882701,3,1.0,1,0
SESS_REAL_04985,3.4947024133028024,0,0.9028684338549582,1,0
SESS_REAL_01129,5.109269081715413,2,0.9669036056480371,1,0
SESS_REAL_07048,4.2557831030275945,2,0.9705418507590873,1,0
SESS_REAL_06971,12.546194016242314,2,0.9460390396875584,1,0
SESS_REAL_07282,3.3168396250743255,1,0.9474802933003308,1,0
SESS_REAL_04037,20.447958108742515,2,0.9765048028131558,1,0
SESS_REAL_06310,6.888646969231589,1,0.947625649211876,1,0
SESS_REAL_00692,10.001819551736382,1,0.8899357182550269,1,0
SESS_REAL_04748,7.46723300142188,0,0.976857056499906,1,0
SESS_REAL_07366,9.656790558010975,1,0.956636370013681,1,0
SESS_REAL_08398,24.954733432246364,1,0.925439997883996,1,0
SESS_REAL_03571,10.766874419008882,1,0.9551313220677244,1,0
SESS_REAL_04321,34.474706158542574,1,0.9655131913102822,1,0
SESS_REAL_02861,5.483432480016593,2,0.9652622215942162,1,0
SESS_REAL_08028,10.41905445778969,0,0.9526510124631095,1,0
SESS_REAL_05646,1.8236253157959816,0,0.9504708683982747,1,0
SESS_FAKE_01136,27.000991302811713,8,0.5038050035441963,0,1
SESS_REAL_01840,7.085773312952156,0,0.9601328095980592,1,0
SESS_REAL_02714,1.5162545123321738,2,0.9761876594707161,1,0
SESS_REAL_08235,11.029447926268551,3,0.9335535479391361,1,0
SESS_REAL_03163,9.881082737611552,1,0.9724726357490028,1,0
SESS_REAL_07357,36.47529604132707,1,0.9397391839925583,1,0
SESS_FAKE_01158,42.04945093521817,8,0.5159154531996635,0,1
SESS_FAKE_00843,71.88188866167359,6,0.2898562725909446,0,1
SESS_REAL_07611,3.864463265377465,1,0.9633769395441996,1,0
SESS_REAL_08445,15.519758071904477,2,0.9708240783011529,1,0
SESS_FAKE_01004,14.146640629880746,7,0.18371093299523716,0,1
SESS_REAL_07717,32.16000116627683,1,0.9674503065564611,1,0
SESS_REAL_02949,33.923302005206104,2,0.9554677533074613,1,0
SESS_REAL_05451,4.773549438126264,1,0.9353666590547437,1,0
SESS_REAL_05909,3.6576479834380016,2,0.9308976913118358,1,0
SESS_REAL_05471,6.002156077425139,1,0.9910070207005187,1,0
SESS_REAL_07148,8.523141755620198,0,0.9462053162923234,1,0
SESS_REAL_02986,2.1366166565107396,0,0.9484663463380086,1,0
SESS_REAL_07046,17.19074853395442,1,0.9805986512753099,1,0
SESS_FAKE_00858,32.40618112050029,11,0.22764369717163263,0,1
SESS_REAL_01088,58.25333623311376,2,0.9237486591671609,1,0
SESS_REAL_00706,6.169560270233043,0,0.9290043032102673,1,0
SESS_REAL_06466,10.769428184426822,3,0.9262841429283807,1,0
SESS_REAL_00945,1.6326807555803664,2,0.988603965581777,1,0
SESS_REAL_05464,5.223951949228347,1,0.9367982368088023,1,0
SESS_REAL_03407,74.02976623251881,2,0.9699141073611909,1,0
SESS_REAL_00237,1.7953977729682633,1,0.9384733215550478,1,0
SESS_REAL_07626,27.953246871640268,1,1.0,1,0
SESS_REAL_03437,12.401414801025973,2,0.9790333658499488,1,0
SESS_REAL_07535,15.999519172576552,0,0.9384855826204871,1,0
SESS_REAL_05852,24.392623431501477,3,0.9595622373847176,1,0
SESS_REAL_08253,13.197888688243612,0,0.9411156463758842,1,0
SESS_REAL_01290,7.568530242427139,0,0.9790930333401047,1,0
SESS_REAL_00196,17.033585156725415,1,0.946496464226708,1,0
SESS_FAKE_01240,103.39716562019517,11,0.40101543441177145,0,1
SESS_REAL_06695,17.705716555533787,1,0.8932365954228243,1,0
SESS_REAL_01263,8.78848211034375,2,0.972380587842076,1,0
SESS_REAL_00418,14.895882959142074,1,0.940425065503455,1,0
SESS_FAKE_00701,21.11330053427065,9,0.44482062433555913,0,1
SESS_REAL_07055,3.0305480707067103,0,0.9404146871860137,1,0
SESS_REAL_01326,3.9124452477462346,1,0.9472347775984008,1,0
SESS_REAL_03773,17.346084265977918,0,0.9873978894286596,1,0
SESS_REAL_07702,13.918188052023787,2,0.9770635148993461,1,0
SESS_REAL_07084,14.03297135694643,0,0.968151054224353,1,0
SESS_REAL_00674,7.839666677871628,1,0.9504161621652792,1,0
SESS_REAL_01261,20.66768748038354,1,0.9565925886538265,1,0
SESS_REAL_03235,4.70206370142067,2,0.9498695454011844,1,0
SESS_FAKE_00993,12.17452550591324,8,0.4058800971898482,0,1
SESS_REAL_03849,2.3508707920358054,1,0.9209617935718105,1,0
SESS_REAL_07489,21.270534141991007,0,0.8702611021864027,1,0
SESS_REAL_01989,17.190163215780455,0,0.9654279677724458,1,0
SESS_REAL_00260,12.954368586212613,0,0.967592270299097,1,0
SESS_REAL_01194,2.0618548713354583,2,0.9715674151161005,1,0
SESS_REAL_00708,5.026666011520817,0,0.8869308382596517,1,0
SESS_REAL_06869,39.535130306124984,1,0.9600646022949793,1,0
SESS_FAKE_00071,66.04179439670429,10,0.1830925399710067,0,1
SESS_REAL_02895,26.538375392903376,1,0.9445473256765942,1,0
SESS_REAL_03278,6.37089359804386,0,0.9273866762432716,1,0
SESS_REAL_03006,29.88464521452089,0,0.9793372480781932,1,0
SESS_REAL_07968,8.04366719916583,2,0.9649637562021313,1,0
SESS_REAL_07295,47.44623289411941,0,0.9501688161573323,1,0
SESS_REAL_02688,9.647726630807904,0,0.9935292896884995,1,0
SESS_REAL_00345,12.980669194957613,0,0.9468140188467744,1,0
SESS_REAL_00702,6.424603216565079,1,0.9139903864340805,1,0
SESS_REAL_04485,17.770177867902966,3,0.94709369818432,1,0
SESS_REAL_02244,24.730004926029228,0,0.9653457701635366,1,0
SESS_REAL_04709,14.05498610038741,3,0.937934925278169,1,0
SESS_FAKE_00444,25.09298991782475,8,0.30228232678128836,0,1
SESS_REAL_07035,23.203348540310177,1,0.9499108906303353,1,0
SESS_REAL_05874,7.946605675705442,3,0.9679363906188966,1,0
SESS_REAL_02307,13.018727714519448,0,0.9201604571008638,1,0
SESS_REAL_05139,33.85939736276189,0,0.9737078995514376,1,0
SESS_REAL_06949,1.7439230520509346,1,0.9294175313166703,1,0
SESS_REAL_03862,7.110472562583338,3,1.0,1,0
SESS_REAL_06656,4.9712721151704535,0,0.9199455561331283,1,0
SESS_REAL_02276,17.831913916279106,1,0.9783349956087247,1,0
SESS_REAL_02579,14.023267421705807,1,0.9461549248920051,1,0
SESS_REAL_00625,7.023750756004214,1,0.9737618030623802,1,0
SESS_FAKE_00132,109.37981169456464,6,0.17340981036142333,0,1
SESS_REAL_00884,20.808221127554898,1,1.0,1,0
SESS_REAL_04919,6.464813142263591,0,0.959252971427888,1,0
SESS_REAL_00307,6.180236569271745,0,0.9425570885110457,1,0
SESS_REAL_05431,2.612995612809568,2,0.9299840360451765,1,0
SESS_REAL_06061,6.364978790093298,2,1.0,1,0
SESS_REAL_01315,13.879668020641065,0,0.9871338951143482,1,0
SESS_REAL_00145,1.9510137331862705,2,0.9320820388017947,1,0
SESS_REAL_07719,52.323268542891896,2,0.9224682992641541,1,0
SESS_REAL_00239,3.839202842697872,0,0.9505074265152981,1,0
SESS_FAKE_00161,60.17198008343094,9,0.20235107057759663,0,1
SESS_REAL_05906,8.606037698593745,2,0.9745486027628453,1,0
SESS_REAL_04475,9.435190944158288,0,1.0,1,0
SESS_REAL_04838,1.9875071587630804,1,0.9578605992871898,1,0
SESS_REAL_06273,11.066418117435429,0,1.0,1,0
SESS_REAL_04869,21.708897936678046,2,0.9378892064160309,1,0
SESS_REAL_03747,7.855973361253271,0,0.9353991395351146,1,0
SESS_REAL_04882,20.869710836476155,1,0.9352752745106792,1,0
SESS_REAL_03056,12.605103923312008,1,0.9482339043427304,1,0
SESS_REAL_03357,7.290721879317923,2,0.8804180558031068,1,0
SESS_FAKE_00016,48.579799115100336,9,0.19546704410181318,0,1
SESS_FAKE_01410,18.675229116391804,8,0.20247248329606848,0,1
SESS_REAL_04119,16.551360431010917,1,0.9726962236156221,1,0
SESS_REAL_05599,16.576771833800887,0,0.93965113797519,0,0
SESS_REAL_02590,22.24776856778063,0,0.9493789699064941,1,0
SESS_REAL_00284,11.860968319313216,1,0.9544183956730243,1,0
SESS_FAKE_00914,98.79238362827277,10,0.3601003517031286,0,1
SESS_REAL_02353,26.32900935885052,2,0.9621425257698908,1,0
SESS_FAKE_00552,23.897273567015375,9,0.325028791444144,0,1
SESS_REAL_05031,10.623524436770326,1,0.9234373893171507,1,0
SESS_REAL_05773,16.74939481366109,2,0.9857032893685922,0,0
SESS_REAL_06411,6.710653070174175,2,0.9789389376557611,1,0
SESS_REAL_01330,11.225979589387448,3,0.9816470215279208,1,0
SESS_REAL_03970,45.2041397439598,0,0.9593757444746978,1,0
SESS_REAL_01650,1.9419644166186374,2,0.953506309097557,1,0
SESS_REAL_00152,3.378370331825637,1,0.9799933873855257,1,0
SESS_REAL_02850,14.327397875853526,2,0.9780096980428669,1,0
SESS_REAL_05070,11.157391461878383,2,0.9294892298117212,1,0
SESS_REAL_03532,6.23882366460322,1,0.9672736993175535,1,0
SESS_FAKE_01398,27.334238554631757,9,0.42583357138911926,0,1
SESS_REAL_02857,1.9764959245663998,1,0.9237713912839884,1,0
SESS_REAL_06492,7.848209059313563,0,0.9904189070056348,1,0
SESS_REAL_05013,13.60493039300548,0,0.9917430297545194,1,0
SESS_REAL_01070,5.716976276787666,0,0.9564510743641168,1,0
SESS_REAL_02810,4.909705199757551,2,0.9561523273995138,1,0
SESS_REAL_06547,9.884755405173301,1,0.9372098054700404,1,0
SESS_REAL_04447,20.76283926983001,2,1.0,1,0
SESS_REAL_06221,16.24034701625992,2,0.9218696984982538,1,0
SESS_REAL_03792,12.34189730551451,5,0.9186620063186474,1,0
SESS_REAL_07404,6.923351678840298,1,0.9984853241952447,1,0
SESS_REAL_00191,28.801478702334272,2,0.9382172023374742,1,0
SESS_REAL_08393,16.59112681121524,3,0.8948217435855146,1,0
SESS_REAL_04357,13.290794389227772,1,0.9506449071706985,1,0
SESS_REAL_00650,2.59118513420947,3,0.9762584427990553,1,0
SESS_REAL_04648,26.266895886306482,2,0.9307157659928628,1,0
SESS_REAL_07424,9.099930974576846,0,0.9737115828846533,1,0
SESS_REAL_06558,18.3746611022705,0,0.973536736021676,1,0
SESS_FAKE_01352,29.655275335390698,12,0.3974786061170442,0,1
SESS_REAL_01877,10.020115800820871,1,0.9747838590146886,1,0
SESS_FAKE_00605,191.06163714385454,7,0.5393302974041898,0,1
SESS_REAL_02890,6.3450374887546515,2,0.9864888165529184,1,0
SESS_FAKE_00329,25.39371650518068,12,0.15396492035914247,0,1
SESS_REAL_04286,26.160552442492047,2,0.9952992196393102,1,0
SESS_REAL_05847,17.48328332820003,1,0.9244623890730751,1,0
SESS_REAL_04847,3.3266174705558735,0,0.9625648005711352,1,0
SESS_REAL_06272,2.314543044105433,2,0.9443742589129894,1,0
SESS_REAL_03960,11.73837905223748,1,0.8992078143850577,1,0
SESS_FAKE_00807,56.541247353645886,11,0.16927657185008213,0,1
SESS_REAL_07024,12.610126988173556,1,0.95967376873415,1,0
SESS_REAL_04259,7.643999092535056,1,0.9112999760528949,1,0
SESS_REAL_01193,13.139954285698018,0,0.9726408125092574,1,0
SESS_REAL_08401,33.67719997392126,1,0.903418855977657,1,0
SESS_FAKE_01339,21.92438538098895,13,0.2470130185608817,0,1
SESS_REAL_02979,43.681981895277744,1,0.9017149362832481,1,0
SESS_REAL_02566,4.673593100790715,2,0.932176291701033,1,0
SESS_REAL_08097,4.044245742908584,2,0.9732624309048162,0,0
SESS_REAL_06257,14.569541259233624,0,0.9380935956536663,1,0
SESS_REAL_02103,15.784749413956655,0,0.9422869814656823,1,0
SESS_REAL_03192,38.14415512615206,3,0.953668533870866,1,0
SESS_FAKE_01148,52.261944535139286,9,0.3538697397154328,0,1
SESS_REAL_06645,7.843775980349632,0,1.0,1,0
SESS_REAL_08072,17.333655113098057,0,0.9148720755373505,0,0
SESS_REAL_01375,26.052072020938187,1,0.9456459625093597,1,0
SESS_REAL_05327,3.5142209669477156,1,0.946172279581134,1,0
SESS_REAL_01713,8.889799465096637,0,0.9120531737463989,1,0
SESS_REAL_00883,2.819232703216474,2,0.9449080853814343,1,0
SESS_REAL_05953,12.994442044259102,2,1.0,1,0
SESS_REAL_03197,26.580637330713444,0,0.9605878502987039,1,0
SESS_REAL_07499,14.758700717809475,3,0.978893970861956,1,0
SESS_REAL_07261,4.034779806949496,0,0.9599727413306136,1,0
SESS_REAL_07231,8.509226331058091,1,0.9615367868191516,1,0
SESS_REAL_03442,4.35354285825076,1,0.937065348007479,1,0
SESS_REAL_03612,7.1313729570579785,0,0.9444528014894903,1,0
SESS_FAKE_00607,44.30867279895383,10,0.4202557903378879,0,1
SESS_REAL_04610,6.472387103064016,1,0.9548208682597075,1,0
SESS_REAL_02316,5.35456059656282,2,0.9681705863338758,1,0
SESS_FAKE_00461,73.8375343033141,6,0.30790592009767714,0,1
SESS_FAKE_01409,60.13339780890769,5,0.3777530568245146,0,1
SESS_FAKE_01084,10.023725080203498,3,0.1439692702428056,0,1
SESS_REAL_05095,8.412903698358361,1,0.8960007028874283,1,0
SESS_REAL_02380,22.240169210662472,0,0.908531422875919,1,0
SESS_REAL_04289,20.995342372552287,1,0.9633851283332974,1,0
SESS_REAL_03037,48.667585599355874,3,1.0,1,0
SESS_REAL_08346,21.502427666525413,0,0.9026479991990936,1,0
SESS_REAL_01702,5.984390739968449,0,0.9638994716115504,1,0
SESS_REAL_05084,4.102333995112588,1,0.9646282210268337,1,0
SESS_REAL_02390,7.1314620508893585,1,0.8938326481326422,1,0
SESS_REAL_05356,3.7238438544934676,1,0.9463465117096829,1,0
SESS_REAL_02830,9.367677055629668,2,0.9510517525361334,1,0
SESS_REAL_03168,18.849512540865614,1,0.9573032214272038,1,0
SESS_REAL_05970,20.302905654745835,1,0.9755583133518878,1,0
SESS_REAL_01064,8.06483490982829,1,0.9191020375906461,1,0
SESS_REAL_06043,3.6045368503764212,0,0.9818455935876929,0,0
SESS_REAL_07520,7.032672179244351,2,0.9561103652315545,1,0
SESS_REAL_03648,12.40316556049088,0,0.9320073728552356,1,0
SESS_FAKE_01417,28.497913378009113,8,0.15853906874358972,0,1
SESS_REAL_06083,5.084541129501968,2,0.9288352240375054,1,0
SESS_REAL_05201,50.35706489614366,3,0.9216513118766074,1,0
SESS_REAL_05924,4.879675777291919,1,0.9405436945878292,1,0
SESS_REAL_03928,15.478777417167606,0,1.0,1,0
SESS_REAL_00314,23.19321170538075,2,0.9217321641831812,1,0
SESS_REAL_02733,39.48112085276108,4,0.9295791074251463,1,0
SESS_REAL_08458,39.207053261031064,0,0.9679674801341273,1,0
SESS_FAKE_00583,69.51174170670305,12,0.22355298911940621,0,1
SESS_REAL_05818,33.200986144478435,3,0.9718034743568051,1,0
SESS_REAL_02220,16.09602600053024,1,0.9435701580156526,1,0
SESS_REAL_02061,10.121645063208426,2,0.960436475936067,1,0
SESS_REAL_06700,11.661537540392088,2,0.9072777907199874,1,0
SESS_REAL_02524,21.082485153438256,2,0.9696786686665639,1,0
SESS_REAL_05253,2.542693113776226,4,0.9197687156668943,1,0
SESS_REAL_08406,1.5447191515113996,1,0.9328439348373604,1,0
SESS_REAL_03718,8.517932313119994,1,0.9453965044661934,1,0
SESS_REAL_07874,10.702090847309519,0,0.9011242043990958,1,0
SESS_REAL_04975,8.602833217306964,1,0.9586781675601291,1,0
SESS_REAL_05243,30.3860386698298,2,0.9440265128465294,1,0
SESS_REAL_05147,29.0412280995526,0,0.8865906975684514,1,0
SESS_REAL_04191,26.24954265478138,1,0.9460497865263404,1,0
SESS_REAL_06955,6.85216256751273,1,1.0,1,0
SESS_REAL_03591,3.8156157870116543,1,0.9260633953551233,1,0
SESS_REAL_02647,9.827397527860205,1,0.9578044573033532,1,0
SESS_REAL_01183,33.76393170682262,2,0.9318614083844837,1,0
SESS_FAKE_00459,50.36748684194093,10,0.20029428163337254,0,1
SESS_REAL_02022,34.64167743502943,2,0.9618188967120381,1,0
SESS_REAL_04955,18.085866495655985,0,0.9941435390770399,1,0
SESS_REAL_02540,14.394314967982574,3,0.9428549137287208,1,0
SESS_REAL_01765,6.2107511401644535,1,0.9764677252882422,1,0
SESS_FAKE_00783,14.583807481566831,6,0.20979559816532162,0,1
SESS_REAL_01139,12.269856919056899,1,0.9542775887628672,1,0
SESS_REAL_03824,4.314388507296421,1,0.9683475177734522,1,0
SESS_REAL_03249,13.47713481268452,3,0.9434868275893468,1,0
SESS_FAKE_00946,57.64368372729438,8,0.2962615682217683,0,1
SESS_FAKE_01419,33.93946309218717,10,0.37585075416513636,0,1
SESS_REAL_01920,15.773667225070131,3,0.9479199887555209,1,0
SESS_FAKE_00020,78.0749678629152,8,0.1727915960586586,0,1
SESS_REAL_02742,4.115381094627699,1,0.9655709822327455,1,0
SESS_FAKE_00388,71.13514333484095,12,0.21552016123737053,0,1
SESS_REAL_05246,20.682253496361337,1,0.9831921894917346,1,0
SESS_FAKE_00880,111.01960313020454,15,0.2829573066660349,0,1
SESS_FAKE_00408,47.33174359882882,13,0.729658689857977,0,1
SESS_REAL_02930,12.217860279599495,1,1.0,1,0
SESS_REAL_04687,1.6292774390830964,1,0.9437013929656871,1,0
SESS_REAL_04503,1.5778241068005636,1,0.9690539311694069,1,0
SESS_REAL_01767,9.255578319499413,1,0.9088958677172032,1,0
SESS_REAL_04056,21.970092306719586,2,0.9459784569140897,0,0
SESS_REAL_01747,5.1102324482619155,3,1.0,1,0
SESS_REAL_06799,10.47928108870012,1,0.9254657360856693,1,0
SESS_REAL_01589,16.673074337028634,0,0.9913273200753625,1,0
SESS_REAL_01399,16.221871283512137,1,0.8897021220659428,1,0
SESS_REAL_08358,2.1368312448747675,1,0.9023732975696517,1,0
SESS_REAL_00654,8.280415792595786,1,0.9657691976818128,1,0
SESS_REAL_00568,29.6407382757773,0,0.9438863729174974,1,0
SESS_REAL_06973,7.899768436052129,0,0.9662208448368618,1,0
SESS_REAL_08328,25.461569247305647,1,0.929101420248627,1,0
SESS_REAL_00405,28.605486174551114,3,0.9750208270617898,1,0
SESS_REAL_01382,43.34589650185373,3,0.985456893583158,1,0
SESS_REAL_04168,6.0386086657507025,1,0.9488235855822701,1,0
SESS_REAL_00912,13.24274694656505,1,0.9458036395818286,1,0
SESS_REAL_00551,24.441241335701807,1,0.9612293926863948,1,0
SESS_REAL_08216,11.429204233555122,2,0.9058697826338716,1,0
SESS_REAL_07948,33.74358062919856,1,0.9708887164536715,1,0
SESS_FAKE_00278,21.807444451642233,10,0.31215999765762115,0,1
SESS_REAL_04817,22.052598463917406,0,0.9358970517996883,1,0
SESS_REAL_07414,9.46901784309382,0,0.9403852980488402,1,0
SESS_REAL_05643,6.662278312582208,0,0.8919862015909477,1,0
SESS_REAL_08109,19.157615439138247,4,0.9275261110129398,1,0
SESS_REAL_06567,11.354930214796108,2,0.9540492286565259,1,0
SESS_FAKE_00155,21.456527273359637,12,0.3426243856046051,0,1
SESS_REAL_00423,9.68459515888027,2,0.987534467390567,1,0
SESS_REAL_05923,14.030522855186284,0,1.0,1,0
SESS_REAL_01269,5.638016580893498,2,1.0,1,0
SESS_REAL_02718,24.032579983496294,3,0.9082120208723414,1,0
SESS_REAL_05230,14.614158686663664,0,0.9891491732254928,1,0
SESS_REAL_03950,1.7879196557857038,2,0.9573698972413174,1,0
SESS_REAL_04258,6.757010501242791,3,0.9082758299667438,1,0
SESS_REAL_07074,9.906697153904325,4,0.9766789435788037,1,0
SESS_REAL_04160,10.16995607906731,4,0.9624544889782719,1,0
SESS_REAL_03460,5.363774867537203,1,0.9484411046597038,1,0
SESS_FAKE_00517,23.624638683884463,7,0.10779482554207465,0,1
SESS_REAL_03552,11.929997298436355,2,0.9727614147449573,1,0
SESS_FAKE_00188,54.37501014604074,11,0.48098600970456057,0,1
SESS_REAL_03429,12.109847528303337,1,1.0,1,0
SESS_REAL_05804,7.203872664426759,4,0.9708990452171318,1,0
SESS_REAL_01803,5.720855774761185,3,0.8859523432771697,1,0
SESS_REAL_04587,3.1810430076241385,1,0.8949593494864326,1,0
SESS_REAL_06704,8.879709359183149,3,0.9285215978184687,1,0
SESS_REAL_00722,2.325723809669962,0,0.920754932704142,1,0
SESS_REAL_04517,28.726863173170585,1,1.0,1,0
SESS_REAL_01854,31.648794519290785,2,0.9510036236060445,1,0
SESS_REAL_04920,37.9542730406213,1,0.9851338932652968,1,0
SESS_REAL_02075,26.03616216122924,0,0.9462236201781773,1,0
SESS_REAL_06066,9.497660253900815,4,0.9456619538563344,1,0
SESS_REAL_06812,1.6548546754664737,2,0.9310420484493667,1,0
SESS_REAL_01925,2.6712301078782725,2,0.9745804071914763,1,0
SESS_REAL_04966,42.5339947263049,1,0.9097372728570494,1,0
SESS_REAL_06602,6.969010904822012,0,0.9943791333325538,1,0
SESS_REAL_00006,2.218065223304168,3,0.9226874697749082,1,0
SESS_REAL_02308,2.950271338447955,1,0.9218969770225096,1,0
SESS_FAKE_00025,51.34135753596536,10,0.42100892909355164,0,1
SESS_REAL_05039,32.20580448996271,2,0.9494354096491597,1,0
SESS_FAKE_00995,36.446090430972376,14,0.15215576196945893,0,1
SESS_FAKE_00113,56.57593267056185,11,0.7241697785852796,0,1
SESS_REAL_04008,15.161862397861816,2,0.9530743544609909,1,0
SESS_REAL_08421,5.010606440042945,2,0.9385523990807708,1,0
SESS_REAL_08004,11.585080189350975,2,0.9621113172036346,1,0
SESS_REAL_03770,10.994299146472851,3,0.9944147645800724,1,0
SESS_REAL_03807,6.623675343344567,3,0.9272777403206176,1,0
SESS_FAKE_00834,92.36770118070254,16,0.32194761442063696,0,1
SESS_REAL_05333,5.8354229553062344,2,1.0,1,0
SESS_REAL_07551,7.80979378329198,1,0.9725757698948253,1,0
SESS_REAL_05873,22.759218852043382,1,1.0,1,0
SESS_REAL_03495,4.347393969712215,2,0.9405208284390706,1,0
SESS_REAL_07688,5.887537340018117,0,0.9560568564819275,1,0
SESS_REAL_00479,10.385327198172527,2,0.935226758482362,1,0
SESS_REAL_05475,7.814979071281789,0,0.9417549978035522,1,0
SESS_REAL_05582,22.511348034726907,0,1.0,1,0
SESS_FAKE_00936,22.392537152318432,14,0.36596284324042594,0,1
SESS_REAL_04880,4.239194715387445,3,0.9448913862277459,1,0
SESS_REAL_02538,18.301211083251047,0,0.9502634464143638,1,0
SESS_REAL_03503,1.865832209544282,0,0.9428411085538453,1,0
SESS_REAL_06932,8.184789877137748,1,0.8948775005919806,1,0
SESS_REAL_06987,9.134533636468792,0,0.9437101996190681,1,0
SESS_REAL_00115,26.11823676624976,0,0.9433660162515073,1,0
SESS_REAL_00360,7.395608306686887,0,0.9616687560812086,1,0
SESS_REAL_01949,8.330345006630798,2,0.9667336017165848,1,0
SESS_REAL_05604,1.9873282938522632,3,0.9398658764311323,1,0
SESS_REAL_03438,33.10345804939481,2,0.9687107963052857,1,0
SESS_REAL_00087,13.67867230711224,0,0.9682785534924757,1,0
SESS_REAL_01218,14.253541133077716,4,0.9708812694022367,1,0
SESS_REAL_03670,4.753495783246479,0,0.9839786737331524,1,0
SESS_REAL_05361,4.593768027097532,3,0.9141808645092223,1,0
SESS_REAL_06334,4.842678531108128,1,0.9514639213514189,1,0
SESS_REAL_00646,12.304785766554717,3,0.9720172364559386,1,0
SESS_REAL_07043,3.458855475017653,1,0.9538021530197262,1,0
SESS_REAL_02313,16.03836614511012,1,0.9802259420746562,1,0
SESS_REAL_05269,5.864448645085581,0,0.8763933328504872,1,0
SESS_REAL_06249,2.5808791813761003,1,0.9382778067692468,1,0
SESS_REAL_00899,2.5726456755653895,1,0.9596295790781424,1,0
SESS_REAL_06601,12.38778159098391,2,0.9766413260491532,1,0
SESS_REAL_02739,2.4433902413900377,2,0.9366251155707339,1,0
SESS_FAKE_00997,77.63979412733286,8,0.20724845623624186,0,1
SESS_FAKE_01297,56.744469838678114,9,0.3896118259169328,0,1
SESS_REAL_02457,13.309514469384135,2,0.954577077462228,1,0
SESS_REAL_08273,12.168076964823143,2,0.9274524775830623,1,0
SESS_REAL_03647,8.24511574021787,0,0.9257483348831219,1,0
SESS_FAKE_00158,16.07675647335846,5,0.2444255378094543,0,1
SESS_REAL_08228,12.179631746839787,0,0.8960291216588324,1,0
SESS_REAL_02911,1.5176989107646206,1,0.9464353747181276,1,0
SESS_REAL_05801,2.766392999295147,1,0.9482416573519536,1,0
SESS_REAL_07174,2.721984057995567,2,0.9399605852409815,1,0
SESS_REAL_01035,15.800135396258845,1,0.9763140385813355,1,0
SESS_REAL_05335,36.241390361943886,0,0.9530840985505978,1,0
SESS_REAL_08215,9.976004906145448,1,0.9681997837313938,1,0
SESS_REAL_01364,17.351160181522268,3,0.933295557270288,1,0
SESS_REAL_05146,14.0527943571371,2,0.9675727568048667,1,0
SESS_REAL_00539,3.1595561317570637,2,0.9295709949226105,1,0
SESS_REAL_03202,4.0860199200981295,0,0.952199897847519,1,0
SESS_REAL_01673,21.17415190028937,1,0.9840361499302421,1,0
SESS_REAL_05224,7.629567855869474,2,0.9648200500190904,1,0
SESS_REAL_07934,5.1540102916597625,1,0.937117659992529,1,0
SESS_REAL_07344,10.12345609348824,3,0.9332687755505457,1,0
SESS_FAKE_01082,78.14639560117756,7,0.11487120934705955,0,1
SESS_REAL_06284,4.290927342640992,3,0.9561459292425706,1,0
SESS_REAL_03809,2.150500040940786,2,0.9131762386036311,1,0
SESS_REAL_07540,4.056435393383696,0,0.9284435889455032,1,0
SESS_REAL_03572,23.499086186875633,0,0.9341894903785007,1,0
SESS_REAL_02790,16.425993380216184,1,0.9450453763091488,1,0
SESS_FAKE_01299,21.555605973837654,10,0.42055038744549567,0,1
SESS_REAL_08302,16.299860405770538,1,0.9973915240234467,1,0
SESS_REAL_08465,4.994868727222872,0,0.9569604151822299,1,0
SESS_REAL_03094,4.007051174055558,1,0.9091592638625688,1,0
SESS_REAL_05167,3.176016555999425,2,0.9633598448652673,1,0
SESS_REAL_03029,13.505272280833662,0,0.9412304856269273,1,0
SESS_REAL_07991,4.611870039816059,0,0.9536533738238161,1,0
SESS_REAL_04044,7.855830434458811,3,0.9351311697856781,1,0
SESS_REAL_08119,10.556030627743546,2,0.9513928778019318,1,0
SESS_REAL_04818,27.79159617504846,1,0.9411189293226694,1,0
SESS_REAL_02124,51.20502451741409,0,0.9310792302296726,1,0
SESS_REAL_04642,24.966014137734984,0,0.9040561872043188,1,0
SESS_FAKE_00673,15.878428863385857,9,0.1986824224108501,0,1
SESS_REAL_02585,13.263036637821923,2,0.9678981684077615,1,0
SESS_FAKE_00361,42.47955808994643,8,0.16655909259395615,0,1
SESS_REAL_00215,4.749885108633671,2,0.9349152584319315,1,0
SESS_REAL_02825,24.109820421049506,2,0.9610006032156522,1,0
SESS_REAL_08075,4.951528587199726,3,0.9210527823377177,1,0
SESS_FAKE_00026,39.45429464010472,7,0.4785366222255938,0,1
SESS_REAL_02952,16.534874445906595,1,0.9585646082959749,1,0
SESS_REAL_00589,3.4771188186800757,0,0.9252418836441139,1,0
SESS_REAL_03736,14.513446696769225,1,0.965409121670006,1,0
SESS_REAL_03050,4.25798451445605,0,0.9051171352581666,1,0
SESS_REAL_05161,1.9940378117751276,0,0.9501675986260204,1,0
SESS_REAL_04266,14.037451045192118,0,0.9358036643464881,1,0
SESS_REAL_05569,45.50039615412965,0,0.9452345601302199,1,0
SESS_REAL_02784,24.57211922723374,0,0.9430291436943108,1,0
SESS_REAL_04696,9.951002097069404,0,0.9334317652873206,1,0
SESS_REAL_03124,17.334106760391247,1,0.9826796406988446,1,0
SESS_REAL_02896,10.794748326851085,1,0.9327247936340597,1,0
SESS_REAL_02632,1.5524737979009569,0,0.914139423239011,1,0
SESS_REAL_08185,3.4398976622287556,0,0.9659678719974709,1,0
SESS_FAKE_00484,57.175597190223826,12,0.30965051084422435,0,1
SESS_REAL_00981,19.183799509760817,4,0.9350676457315648,1,0
SESS_REAL_04664,22.732654606130836,2,0.9297121546815976,1,0
SESS_FAKE_00353,53.291681982338865,9,0.22272894300570167,0,1
SESS_REAL_02448,2.2125114937005694,2,0.9702928431596276,1,0
SESS_REAL_05642,6.247464554746199,0,0.9254005683390634,1,0
SESS_REAL_04509,35.55945884608108,2,0.9088831629738758,1,0
SESS_REAL_06842,3.04976710129953,0,0.9197593381499997,1,0
SESS_REAL_07880,2.1667566867997765,1,0.9813463622796191,1,0
SESS_REAL_08090,25.32487303588993,2,0.9592635907947918,1,0
SESS_REAL_08355,6.079609908103086,0,1.0,1,0
SESS_REAL_03225,28.08099488579562,1,0.9518072609403112,1,0
SESS_REAL_06199,2.403438554357713,2,1.0,1,0
SESS_REAL_01823,19.380342700091013,1,0.9049452044325764,1,0
SESS_REAL_01240,25.856226056758928,1,0.95022295407319,1,0
SESS_REAL_07369,29.24044614481246,2,0.9717019891387291,1,0
SESS_FAKE_00626,65.26958945302346,8,0.26506710018326346,0,1
SESS_REAL_07776,6.5052527013348085,0,0.9781785848063314,1,0
SESS_REAL_08073,15.395620107547527,0,0.9525204064436519,1,0
SESS_REAL_07931,19.09707395021144,2,0.9334168996032011,1,0
SESS_FAKE_00658,10.530953067713828,6,0.1727401340189022,0,1
SESS_REAL_07237,25.872489057324003,1,0.9297537392025029,1,0
SESS_REAL_02794,8.393620115913714,0,0.9739273118979267,1,0
SESS_FAKE_00617,42.15968474313464,9,0.1131086695956025,0,1
SESS_REAL_07939,9.240494265874256,0,1.0,1,0
SESS_REAL_04063,5.000704280965886,1,0.9682193774200488,1,0
SESS_REAL_07232,2.065969380760408,1,0.9204225937621967,1,0
SESS_REAL_00545,6.821045547565273,0,0.9019443411834567,1,0
SESS_FAKE_00210,14.768449498537034,11,0.27822170108086286,0,1
SESS_FAKE_01030,144.9169155722341,10,0.6621822905794359,0,1
SESS_REAL_07786,6.5214095852900735,1,0.9712012880535811,1,0
SESS_REAL_07700,70.00533976209111,1,0.9358950176131448,1,0
SESS_FAKE_01457,130.43365383793548,8,0.21425629948950942,0,1
SESS_REAL_00522,43.544502652511554,1,0.97754728464305,1,0
SESS_FAKE_01138,70.57185083759704,8,0.5381968158488445,0,1
SESS_REAL_06437,2.962513247687876,1,0.9692764953404177,1,0
SESS_FAKE_00602,14.821923252389585,12,0.28666619518962505,0,1
SESS_REAL_07529,5.104332075161439,1,0.9309002226029021,1,0
SESS_REAL_05925,16.671528428601576,0,0.9364359623271503,1,0
SESS_REAL_00624,13.056022008702623,4,0.9550105393435088,1,0
SESS_REAL_07458,4.561914137105568,1,0.9269046228927899,1,0
SESS_REAL_01511,16.69541692597669,1,0.9530242656277812,1,0
SESS_REAL_04245,34.25065765841125,0,0.9304961286971855,1,0
SESS_REAL_01074,54.299735749347626,0,0.9716078457065782,1,0
SESS_REAL_07349,35.3896159969439,1,0.953936843693886,1,0
SESS_REAL_02063,8.877353941586762,0,0.9657210505203456,1,0
SESS_REAL_06154,3.9894098164010874,1,0.9065575037556802,1,0
SESS_REAL_02093,10.391160932425628,0,0.912522934412821,1,0
SESS_REAL_07088,5.9501056321324715,1,0.9533842216376438,1,0
SESS_FAKE_00422,62.91563335399902,17,0.2216722826273537,0,1
SESS_REAL_07099,27.95994727654284,2,0.9343935492231573,1,0
SESS_REAL_02837,2.0514127461801928,1,0.965963857147257,1,0
SESS_REAL_04404,56.182657106743406,2,0.9759354759730603,1,0
SESS_FAKE_00242,74.58746664474315,5,0.5315939422252027,0,1
SESS_FAKE_00738,32.73010614702153,7,0.2815224933030876,0,1
SESS_REAL_04463,3.243324400074906,3,0.9429024774798844,1,0
SESS_REAL_03251,2.971363881523282,2,0.9521680372930669,1,0
SESS_REAL_00322,14.45268419636158,2,0.9760596217530988,1,0
SESS_REAL_06436,11.154413583685823,0,0.9145869494034428,1,0
SESS_FAKE_01295,79.58398796878384,6,0.4433855313406061,0,1
SESS_REAL_03721,23.090615475042316,3,0.9305213401591697,1,0
SESS_REAL_06258,23.21600076064416,2,0.9812256062018947,1,0
SESS_REAL_07118,15.654203615815518,1,0.9369743463285333,1,0
SESS_REAL_02331,2.236438722983596,1,0.9483267698696055,1,0
SESS_FAKE_00794,56.94305887532898,11,0.13260670871896538,0,1
SESS_REAL_05555,16.369045950913403,3,0.8919670073714843,1,0
SESS_REAL_01337,15.181773543304423,1,0.9236919625437642,1,0
SESS_REAL_01605,10.284147864306417,2,0.9738234780372064,1,0
SESS_REAL_00994,6.873719706957864,2,0.9362999723028582,1,0
SESS_FAKE_01395,224.43709123269983,9,0.18972295168388814,0,1
SESS_REAL_07338,14.24397817370648,1,0.9229702430728722,1,0
SESS_REAL_01627,10.709993112317358,2,0.9792319806590396,1,0
SESS_REAL_04023,22.488861589936505,2,0.9456551751781959,1,0
SESS_FAKE_00836,32.99495633926726,13,0.2784006110500481,0,1
SESS_REAL_06612,4.9172349012240915,0,0.9647637515293902,1,0
SESS_REAL_08177,17.234895179726735,1,0.9884814187451065,1,0
SESS_REAL_06768,27.07362360433411,1,0.9875793502193914,1,0
SESS_REAL_05829,10.68344053259234,4,0.9248597893927546,1,0
SESS_REAL_00370,2.7747040257795623,1,0.939370329792527,1,0
SESS_REAL_06254,7.636506667624838,0,0.9652072460087857,1,0
SESS_REAL_07506,7.93367519895309,1,0.9062552662592716,1,0
SESS_REAL_00026,4.172830345544283,3,0.9607326525028063,1,0
SESS_FAKE_00739,47.266502069574884,15,0.018386332106136882,0,1
SESS_REAL_05304,8.305364267077127,3,0.950775995308649,1,0
SESS_REAL_02531,22.65591619726044,0,0.9476749643363684,1,0
SESS_REAL_07491,7.575855262212325,1,0.9346467743451129,0,0
SESS_REAL_02245,10.343826864105813,1,0.952437412287194,1,0
SESS_REAL_04663,22.672695839593057,3,0.9534198076817507,1,0
SESS_REAL_03204,15.059035658256681,1,0.9800840820296024,1,0
SESS_REAL_02325,38.72926072557787,1,0.9140545774111618,0,0
SESS_REAL_07425,7.0008572381755165,2,0.9753988208360305,1,0
SESS_REAL_02057,7.867556061082128,0,1.0,1,0
SESS_REAL_04615,6.074116965772954,5,0.9078932496658021,1,0
SESS_REAL_08278,7.591711902069891,0,0.9744877915814796,1,0
SESS_REAL_00914,11.136808398178133,3,0.9343056876067541,1,0
SESS_REAL_03227,6.748510495213125,1,0.9454336714698318,1,0
SESS_REAL_00409,2.648707326581703,0,0.9406956501496796,1,0
SESS_FAKE_01163,25.65970441159675,8,0.33223027107144754,1,1
SESS_REAL_08039,44.86319324090962,1,0.9237113289631721,1,0
SESS_REAL_03632,8.857037925901146,1,0.9481900183273979,1,0
SESS_REAL_05210,36.90593570350065,0,0.9666423742472834,1,0
SESS_REAL_07121,3.0678857578533005,2,0.9291647944858797,1,0
SESS_REAL_06352,1.959011847869641,0,0.9539443226749,1,0
SESS_REAL_05133,1.6938959594753011,1,0.9117055242000052,0,0
SESS_REAL_02633,3.691983868454508,0,0.9686585672743678,1,0
SESS_REAL_06784,17.178280552033513,2,0.9316976526795808,1,0
SESS_REAL_04239,6.329974114818841,0,0.9158554806475088,1,0
SESS_REAL_03087,1.6861754815729797,0,0.913240769794551,1,0
SESS_FAKE_00097,63.77880025218353,10,0.3588658787242598,0,1
SESS_REAL_04428,3.8672484662860236,3,0.9196107621254013,1,0
SESS_REAL_04909,10.993811611720579,2,0.9723452700561345,1,0
SESS_REAL_05564,33.526921203252805,2,0.9218423638075044,1,0
SESS_REAL_07745,12.478417192378583,1,0.9865373799517528,1,0
SESS_REAL_07193,3.8290171842714327,0,0.9147062552860353,1,0
SESS_REAL_08368,13.058899733981965,1,0.9947795353650201,1,0
SESS_REAL_04381,2.3857695725270593,0,0.9479944142734544,1,0
SESS_REAL_04318,7.738857078480136,2,0.981680742354208,1,0
SESS_REAL_04231,11.255732940099834,0,0.9130352592575587,1,0
SESS_REAL_07735,13.55654038103274,2,0.9807370449195743,1,0
SESS_REAL_07119,11.680712142634205,0,0.9243816452964966,1,0
SESS_REAL_08069,11.646201580504615,2,0.902663401309211,1,0
SESS_REAL_02255,11.677204044779042,0,1.0,1,0
SESS_REAL_04713,18.237451896701682,1,0.9256408012181506,0,0
SESS_REAL_02731,9.205111063387859,1,0.96811792786041,1,0
SESS_REAL_03268,13.380101652769103,1,0.9798407945396441,1,0
SESS_REAL_07800,1.9626465306202356,1,0.9800526030135258,1,0
SESS_FAKE_00818,45.78411921920991,5,0.29244675738023884,0,1
SESS_REAL_02295,1.5923226272448037,3,1.0,1,0
SESS_REAL_06388,5.438164947030524,1,0.8677574881751248,1,0
SESS_REAL_05054,8.377648075196184,2,0.9697557788729174,1,0
SESS_REAL_06972,2.2512280435982523,2,0.9213700396103963,1,0
SESS_REAL_00960,2.537139308062123,1,0.9228875384626802,1,0
SESS_REAL_01336,4.17086134162672,1,0.9744496236438879,1,0
SESS_REAL_06941,25.72260957730697,1,0.9418428889905323,1,0
SESS_REAL_07110,16.789883871712377,3,0.9089169316513571,1,0
SESS_REAL_03634,2.681632123130491,0,0.9024953179666064,1,0
SESS_FAKE_00140,109.65275081692707,4,0.4849247625459978,0,1
SESS_REAL_00879,4.51191568640046,2,0.951955050232496,1,0
SESS_REAL_06335,17.886176259219546,5,0.9771446635735818,1,0
SESS_REAL_00584,13.541835287491914,2,0.9533032275726898,1,0
SESS_REAL_01520,2.2459188232646476,2,0.9673483555782866,1,0
SESS_REAL_01252,2.9973499700880963,1,0.927604377819425,1,0
SESS_FAKE_00565,31.75724031573992,5,0.06734232573932553,0,1
SESS_REAL_02141,10.839070011589206,2,0.9283323778281111,1,0
SESS_REAL_06599,11.95548826089503,0,0.9945963242101129,1,0
SESS_REAL_03528,42.71511373421149,1,0.9229610087713905,1,0
SESS_REAL_05861,10.258116115765459,0,0.9488219465420913,1,0
SESS_REAL_06858,30.340366125660687,1,0.8750219138114426,1,0
SESS_REAL_01372,24.621477213079896,1,0.9792513216416859,1,0
SESS_REAL_00778,16.777154063900337,1,0.9254977740163126,1,0
SESS_REAL_03926,12.601822710047347,6,0.9355714181093472,1,0
SESS_REAL_07739,2.4836162159323596,1,0.9720660966742366,1,0
SESS_REAL_01406,23.8079098881138,1,0.9484380937640224,1,0
SESS_REAL_03279,20.31714510998315,3,0.9965983756307747,1,0
SESS_FAKE_00460,57.92607433795617,11,0.34739787494343055,0,1
SESS_REAL_06725,2.627143067997932,0,0.9282157269095804,1,0
SESS_REAL_04665,16.329228752845317,4,0.9572014948547583,1,0
SESS_REAL_03566,11.747894634777927,0,0.9501964367515512,1,0
SESS_REAL_03404,18.048675211549345,1,0.8978801581230742,1,0
SESS_REAL_07049,9.511684222466055,3,0.9618813789320665,1,0
SESS_FAKE_00372,37.73493935830143,7,0.44419570110379347,0,1
SESS_FAKE_00287,17.921189299063442,10,0.5250089428577942,0,1
SESS_REAL_07376,10.491808695032246,2,0.9355426710085711,1,0
SESS_REAL_05860,8.79233212501487,1,0.913045041766167,1,0
SESS_FAKE_00892,166.93914585234322,7,0.2063250291425032,0,1
SESS_FAKE_00339,171.1029300645514,19,0.42363464342883717,0,1
SESS_FAKE_00333,86.34525271647026,7,0.11498655085916437,0,1
SESS_REAL_04768,16.205299296929873,0,0.9626701880639406,1,0
SESS_REAL_07768,2.8036725524705948,0,0.949613246493248,1,0
SESS_REAL_02613,17.70668215573325,1,0.9581355261513163,1,0
SESS_REAL_06111,7.164247066447478,1,0.9725639872394635,1,0
SESS_REAL_04249,43.31044049721836,2,0.9372148427730294,1,0
SESS_REAL_04887,15.319225832497098,1,0.9282312974408857,1,0
SESS_REAL_05814,2.371734743159523,0,0.9395453089169247,1,0
SESS_REAL_07318,8.516592647143352,0,0.9557250589342177,1,0
SESS_REAL_03602,3.9587873420483883,3,0.9898138566650111,1,0
SESS_REAL_00619,18.0522868825717,2,0.9386479248224765,1,0
SESS_REAL_01214,15.697586856438885,0,0.958683648465774,1,0
SESS_REAL_02980,8.407811899643507,1,0.9772837751749268,1,0
SESS_REAL_06289,8.722471050281262,1,0.9563913686622315,1,0
SESS_REAL_01760,8.769931573043142,2,0.988944894543317,1,0
SESS_FAKE_00621,119.13962590402652,10,0.5060335348128208,0,1
SESS_REAL_00622,7.053421320292436,0,0.9375581635596102,1,0
SESS_FAKE_01189,23.20112916496463,11,0.6025948612954937,0,1
SESS_REAL_06867,3.876308222400437,1,0.9871386059446716,1,0
SESS_REAL_02798,49.17264249450466,3,0.9149992341218219,0,0
SESS_REAL_04396,5.722167654725517,2,1.0,1,0
SESS_REAL_07959,1.9722713605510331,1,0.9384652535152503,1,0
SESS_REAL_05749,15.426309787640356,2,0.9655839332184052,1,0
SESS_REAL_04633,25.215520840953644,0,0.9672875417606634,1,0
SESS_REAL_01873,23.543820845733645,1,0.9032390058381827,1,0
SESS_REAL_03328,3.314403692213089,0,1.0,1,0
SESS_REAL_04013,4.079654576478527,0,1.0,1,0
SESS_FAKE_01146,93.8402212681821,8,0.8102813343314887,0,1
SESS_REAL_00397,8.224267313305916,0,0.912344056552525,1,0
SESS_REAL_05105,2.8529676905855688,1,0.9277184431325911,1,0
SESS_REAL_01023,44.00963907146704,2,0.9596614161297707,1,0
SESS_FAKE_00780,43.990823551813776,8,0.43698745289721497,0,1
SESS_REAL_06596,2.999982904840136,1,0.9791836944227608,1,0
SESS_REAL_02240,20.492282830352806,1,0.9440965449985179,1,0
SESS_REAL_06959,38.97735047080166,0,0.9296408302199723,1,0
SESS_REAL_05538,10.514128225286887,2,0.8583287315256739,1,0
SESS_REAL_07713,8.61469215157167,1,0.929717764790773,1,0
SESS_REAL_02111,4.207995795776109,2,0.9100829345143955,1,0
SESS_REAL_08172,9.49553071547116,2,0.9180524074119811,1,0
SESS_REAL_02951,15.836564900980557,1,0.9149383726529502,1,0
SESS_REAL_07655,18.295616115295108,1,0.9835042893306004,1,0
SESS_FAKE_01214,14.815677897855284,8,0.17132026496377142,0,1
SESS_FAKE_00501,148.95053341293,7,0.2790821362829181,0,1
SESS_REAL_02188,20.139376120964418,2,0.9733338425516422,1,0
SESS_REAL_01253,3.1049249893960607,2,0.8823873075391784,1,0
SESS_REAL_01145,26.8069372252843,2,0.985129894796128,1,0
SESS_FAKE_01092,15.111402344957078,5,0.525683769872614,0,1
SESS_REAL_01832,11.979426024538204,1,0.9326550913081441,1,0
SESS_REAL_05442,3.223370635432593,0,0.9734863265956631,1,0
SESS_REAL_01527,5.905725445935343,0,0.9429222544674437,1,0
SESS_REAL_07718,8.159277107203074,1,0.9538669974024901,1,0
SESS_REAL_03237,40.085421138072086,0,0.9683456500771954,1,0
SESS_REAL_08467,10.312149366014436,2,0.8783307777694178,1,0
SESS_REAL_00116,21.035627288886676,0,0.9682364099935927,1,0
SESS_FAKE_00769,21.775200132456554,8,0.3702880075083451,0,1
SESS_REAL_00158,4.755998068029669,3,0.919900236276379,1,0
SESS_REAL_04731,2.339981587772799,1,0.9658662315656795,1,0
SESS_REAL_00050,43.41368559283472,0,0.9042692278940846,1,0
SESS_REAL_03369,15.735204129089766,1,0.9628236621409082,1,0
SESS_REAL_08366,8.615983097096708,1,0.9653682602473318,1,0
SESS_REAL_02466,7.533054260282363,2,0.9550430438378478,1,0
SESS_FAKE_01144,27.69297287658005,8,0.25178374044738,0,1
SESS_FAKE_00145,80.5973362687141,7,0.3600944588809306,0,1
SESS_REAL_08370,3.5399467323649096,1,0.9511268140225942,1,0
SESS_REAL_02383,8.266186448397711,1,0.9364448981538943,1,0
SESS_REAL_02789,64.65376718387154,1,0.9038515117360809,1,0
SESS_REAL_04683,5.750520740828217,0,0.9429722162839665,1,0
SESS_REAL_03039,10.275198824471367,1,0.9129673348380098,1,0
SESS_FAKE_01046,10.4701477719275,10,0.026285908904048194,0,1
SESS_REAL_08037,24.68131747087901,1,0.8940029695150881,1,0
SESS_REAL_02369,17.1753220627375,0,0.9481878160335159,1,0
SESS_REAL_07754,4.907565107288976,0,0.9583735527425221,1,0
SESS_REAL_08188,10.311636345247601,0,0.9537197235219742,1,0
SESS_REAL_03986,2.7026306743650412,0,0.9975421892913535,1,0
SESS_REAL_06372,34.39736473076586,2,0.9695245699022884,1,0
SESS_REAL_03542,3.4068504494931946,1,0.946998768868082,1,0
SESS_REAL_04328,2.5808314831116506,1,0.9936337087012501,1,0
SESS_REAL_01691,9.879510578596735,1,0.9631361643484806,1,0
SESS_REAL_05692,15.302508544581745,1,0.9760798731213863,1,0
SESS_FAKE_00923,18.63950704721546,13,0.10296916144718676,0,1
SESS_FAKE_01400,17.600297979881482,7,0.22312760226657036,0,1
SESS_REAL_07961,6.038867607701481,2,0.9272723397791486,1,0
SESS_REAL_07762,7.461832048271166,3,1.0,1,0
SESS_REAL_05182,3.2222279258622755,0,0.9795586769933307,1,0
SESS_REAL_00962,4.87800040320529,0,0.9936399287415514,1,0
SESS_REAL_05486,4.561200532781706,2,0.9030744979298333,1,0
SESS_FAKE_01310,81.75233508651849,18,0.3604857332248912,0,1
SESS_REAL_08038,6.60438899325508,1,0.925028113750002,1,0
SESS_REAL_03714,56.89337358501565,3,0.9540045348624353,1,0
SESS_REAL_02112,3.9433980032108606,1,0.9630383214664676,0,0
SESS_REAL_02740,6.962434795755322,0,0.9251888730489564,1,0
SESS_REAL_00984,17.131768922596713,3,0.9566909077275539,1,0
SESS_REAL_06080,8.615338884511633,2,0.9461904069716025,1,0
SESS_REAL_02297,1.9489507900583498,3,0.9893597837117629,1,0
SESS_REAL_03556,5.336521134854934,1,0.9340605254202226,1,0
SESS_REAL_06769,6.274519291957363,3,0.9242223648806576,1,0
SESS_REAL_03295,2.326603888309528,2,0.9480027965200891,1,0
SESS_FAKE_00356,19.089674135241673,12,0.2079019209602932,0,1
SESS_REAL_07820,6.751347900324138,2,0.953395023782862,1,0
SESS_FAKE_01156,53.66645499149918,8,0.544408912743418,0,1
SESS_REAL_03375,19.56229933720661,0,0.9936598680464659,1,0
SESS_REAL_08197,5.602832900374089,1,0.9564197867937129,1,0
SESS_REAL_02464,13.13188371983945,1,0.9218969419798131,1,0
SESS_REAL_04292,11.512397676895242,0,0.9346934550077491,1,0
SESS_REAL_05508,5.082613416011425,1,0.8617511458470871,1,0
SESS_REAL_05405,28.60922106456374,0,0.9355773047981889,1,0
SESS_REAL_01670,7.248499424005166,2,1.0,1,0
SESS_REAL_02833,5.591052387924414,1,0.9242757096037103,1,0
SESS_REAL_00669,5.527270178585359,0,0.9326197829127255,1,0
SESS_REAL_05265,10.124416975813137,2,0.9154221019634634,1,0
SESS_REAL_04120,5.666695523468375,1,0.9671671018083366,1,0
SESS_REAL_00366,40.48910233808105,0,0.9634972666649367,1,0
SESS_REAL_04662,8.914213367957899,2,0.9663353966728533,1,0
SESS_REAL_06823,41.99598953066009,1,1.0,1,0
SESS_REAL_04791,38.29459834889903,3,0.9528016091045283,0,0
SESS_REAL_02084,10.784527032047047,0,0.9487347168051007,1,0
SESS_REAL_03358,22.200269293459268,1,0.9364874334029704,1,0
SESS_REAL_02406,6.941888238706701,2,0.9245037222464779,1,0
SESS_REAL_04351,12.45245583112674,0,0.9285062445091615,1,0
SESS_REAL_06708,14.497576260609804,6,0.9439373928068621,1,0
SESS_REAL_07243,10.609725395529978,0,0.9815750709630656,1,0
SESS_REAL_04201,4.121540091690531,0,0.938944046690873,1,0
SESS_REAL_07511,66.30050926991626,1,0.9328897846269804,1,0
SESS_REAL_02175,23.27108894535398,1,0.9375513236260156,1,0
SESS_REAL_03425,13.096055530967519,0,0.9852479972788412,1,0
SESS_REAL_02130,3.6241889337922126,0,0.9159962108284863,1,0
SESS_REAL_04488,19.681137411917454,2,0.9866718031295172,1,0
SESS_REAL_05337,11.651495317534268,1,0.936857979016086,1,0
SESS_REAL_01277,53.306191862753195,0,0.9990854390317129,1,0
SESS_REAL_02804,10.344176664683452,0,0.9847477484233408,1,0
SESS_FAKE_00469,67.23746001518948,7,0.4221251069429788,0,1
SESS_REAL_07157,8.934445005575164,1,0.9760491294628232,0,0
SESS_REAL_02209,30.498477415367653,1,0.9146893883593191,1,0
SESS_REAL_06923,11.513449290521597,2,0.9508619008966355,1,0
SESS_REAL_02651,7.019825430710042,1,0.9256101602177018,1,0
SESS_REAL_03082,4.217277246599904,2,0.9452211319231437,1,0
SESS_REAL_03658,12.95816917128856,0,0.9321353002253213,1,0
SESS_REAL_08337,9.49507448710077,2,0.9969349032182163,1,0
SESS_REAL_05376,11.810106749927016,0,0.9643979843239683,1,0
SESS_REAL_00989,22.01788438285435,1,0.961849138450714,1,0
SESS_REAL_06782,9.89320812990352,2,0.9712067651936032,1,0
SESS_FAKE_00275,24.78154015263991,14,0.24135418342064371,0,1
SESS_REAL_02504,4.184842460453401,1,0.9647835192177058,1,0
SESS_REAL_02829,1.8552439176270257,1,0.9552828646469255,1,0
SESS_FAKE_00606,103.60701713795694,7,0.3180502501430066,0,1
SESS_REAL_00516,7.168173138999155,1,0.939278370060103,0,0
SESS_REAL_00921,9.519843955942997,1,0.9705280986698233,1,0
SESS_REAL_03096,46.77076170822797,0,0.9466034810712569,1,0
SESS_REAL_01216,2.5316766828285444,1,0.9201110295636399,1,0
SESS_REAL_02748,21.499960149775852,0,0.9464325304557022,1,0
SESS_REAL_07676,18.102714297192307,1,0.9718836166945352,1,0
SESS_REAL_02167,3.119734286172303,0,0.9529614515696301,1,0
SESS_REAL_01629,8.682139894150568,1,1.0,1,0
SESS_REAL_02454,11.92337428347087,2,0.9594527282964711,1,0
SESS_FAKE_00355,29.002953384205146,4,0.2692095114257543,0,1
SESS_REAL_06445,10.79733242502586,1,0.9913015428380686,1,0
SESS_REAL_04558,33.7132469286564,2,0.8790581548071457,1,0
SESS_FAKE_01422,70.66491544030742,11,0.448618789523928,0,1
SESS_REAL_02816,9.791291341919232,2,0.9529282442338324,1,0
SESS_REAL_06637,12.122443834053879,2,0.9889892112292841,1,0
SESS_REAL_02867,18.564364422592178,2,0.9652741842701462,1,0
SESS_REAL_03355,2.461144210661357,1,0.928627142301902,1,0
SESS_REAL_00406,7.415861448722055,1,0.9447855946132483,1,0
SESS_REAL_01656,11.183916225158178,3,0.9703329969854241,1,0
SESS_REAL_01103,33.03185464568105,1,0.9577572470221142,1,0
SESS_REAL_02564,7.687511174593052,2,0.9904678251835725,1,0
SESS_REAL_07269,6.761968678002592,3,0.9340814968365454,1,0
SESS_REAL_04694,8.472077909656464,1,0.9327351969472156,1,0
SESS_REAL_05492,11.579420172628183,1,0.9386082263202363,1,0
SESS_REAL_08365,18.807291893303148,0,1.0,1,0
SESS_REAL_07406,14.789823688070033,0,0.9795769769884773,1,0
SESS_REAL_03297,2.4239387770814997,3,0.9542735527715618,1,0
SESS_REAL_08142,13.922784722864598,0,0.9480879283830004,1,0
SESS_REAL_01025,9.214336862381499,1,0.9819282761553341,1,0
SESS_FAKE_01100,12.008485486809485,9,0.3681406151478645,0,1
SESS_REAL_06281,11.424406663807895,1,0.9869915301345624,1,0
SESS_FAKE_01027,44.773579713813255,8,0.33250768116571,0,1
SESS_REAL_08130,19.581054571241783,1,1.0,1,0
SESS_REAL_01083,26.85531552169024,2,0.9194931645728719,1,0
SESS_REAL_07804,2.9700948831942835,1,0.9711083985223053,1,0
SESS_FAKE_00709,157.64984776095912,4,0.3369463680482705,0,1
SESS_REAL_07026,1.9907275446716066,0,0.9878998177735372,1,0
SESS_REAL_05968,34.579324318331636,4,0.9846798336101694,1,0
SESS_REAL_04653,24.19349750097846,0,0.9132240868608851,1,0
SESS_REAL_04342,22.110130874459255,1,0.9305948096874371,1,0
SESS_FAKE_00667,216.93558602127658,8,0.3901603174194831,0,1
SESS_REAL_03957,8.02901925940295,3,0.938477272453676,1,0
SESS_REAL_00258,11.629348037227867,1,0.9464483648796731,1,0
SESS_REAL_06961,7.624299815133037,0,0.9450703718920759,1,0
SESS_REAL_05880,4.241740091448003,0,0.9308625398477296,1,0
SESS_REAL_05487,14.527804784608877,1,0.9589388466849337,1,0
SESS_REAL_05651,14.995687421218587,2,0.9228844926186901,1,0
SESS_REAL_06268,5.832770658731846,1,1.0,1,0
SESS_REAL_06150,11.90347835328684,1,0.9484931094623018,1,0
SESS_REAL_02109,50.76836546738086,1,0.910063400344786,1,0
SESS_REAL_07272,13.812586878348807,1,0.9727746192184155,0,0
SESS_REAL_04502,5.579238801994614,1,0.9180639973891486,1,0
SESS_REAL_06032,20.165873641936212,0,0.9841816507521974,1,0
SESS_REAL_04921,17.56962146847005,1,0.9197350615264812,1,0
SESS_REAL_07684,2.6800554811986683,2,0.9293120796164029,1,0
SESS_REAL_05542,25.799403176360173,2,0.9364644405440561,1,0
SESS_REAL_00079,2.9778012552533957,0,0.9678502640632484,1,0
SESS_REAL_01133,4.484355134164998,0,0.9636992458192383,1,0
SESS_REAL_05682,31.05796968644968,1,0.939540647272486,1,0
SESS_REAL_02498,48.89628949602819,0,0.9581608068988647,1,0
SESS_REAL_01929,2.3046261421281824,0,0.9674915219289165,1,0
SESS_REAL_05018,11.344804862841762,0,1.0,1,0
SESS_REAL_03967,1.993089405305609,4,0.9054411445465367,0,0
SESS_REAL_06738,4.763670876113508,0,0.9398118349042447,1,0
SESS_REAL_00261,56.82683697415581,0,0.9222975312502893,1,0
SESS_FAKE_00727,46.02222106536659,10,0.39281419579563953,0,1
SESS_REAL_03947,12.56919795545463,1,1.0,1,0
SESS_REAL_04780,2.347472641755154,3,0.9347200204854544,1,0
SESS_FAKE_00373,13.812615466029227,5,0.29675302395131914,0,1
SESS_REAL_00957,2.0772559715037264,2,0.9510398429617155,1,0
SESS_REAL_06531,29.328382777514477,0,0.9620834829933527,1,0
SESS_REAL_04862,2.358428123285159,2,0.963171015040859,1,0
SESS_REAL_02027,49.24891414610019,2,0.9488053827165469,1,0
SESS_REAL_05986,11.540287926247318,1,0.9191923287415025,1,0
SESS_REAL_02488,12.162108563091,0,0.9256022203778447,1,0
SESS_REAL_06348,12.383767723647187,1,0.9336656872467242,1,0
SESS_FAKE_00797,98.98181903166815,6,0.29957713521940144,0,1
SESS_REAL_03401,2.6967559421766563,0,0.9391020938258985,1,0
SESS_REAL_02270,2.82078952173997,0,0.9566543344499288,1,0
SESS_REAL_02010,1.9102982992553978,1,0.926007795555501,1,0
SESS_REAL_01726,10.046055029215642,2,0.8948519079680783,1,0
SESS_REAL_04797,19.84322548314964,0,0.9633158369219124,1,0
SESS_REAL_04993,14.045336867526908,1,0.955225287692138,1,0
SESS_FAKE_01190,29.397212805658032,9,0.0883344547626754,0,1
SESS_REAL_03777,11.53327588826881,3,0.9639571465164347,1,0
SESS_REAL_04957,13.585886252364428,0,0.9123374730685013,1,0
SESS_REAL_02043,2.962878076095575,0,0.9562588184145694,1,0
SESS_REAL_01844,35.89242460536235,0,0.92039241850303,1,0
SESS_REAL_01909,3.434539300021427,0,0.9665222807459763,1,0
SESS_REAL_01398,13.021186998881614,1,0.9375153560866114,1,0
SESS_FAKE_00486,12.736375958797648,11,0.11935783241158271,0,1
SESS_REAL_00688,19.10968510094506,2,0.9351641874664316,1,0
SESS_REAL_06127,5.781249375036458,1,0.9878251944960397,1,0
SESS_REAL_04450,8.036953782542602,0,0.9801449377103281,1,0
SESS_FAKE_00910,24.86973451132963,11,0.13713357479936078,0,1
SESS_REAL_08101,54.83920375598897,2,0.9624844454155786,1,0
SESS_REAL_03802,21.993888964864233,3,0.9420366086532349,1,0
SESS_FAKE_00236,29.33130195958348,10,0.434356113504034,0,1
SESS_REAL_03121,4.913204573485469,1,0.9439754829637504,1,0
SESS_REAL_06395,5.406952277123157,1,0.9459981443348819,1,0
SESS_REAL_04977,4.26776009183176,3,0.953638931276667,1,0
SESS_REAL_00214,16.445007466782467,0,1.0,1,0
SESS_REAL_07238,14.51301878421349,0,0.973287079654485,1,0
SESS_REAL_05811,52.87688090954428,1,0.9755750382786511,0,0
SESS_REAL_06921,2.0961360273682383,2,0.9574618955989744,1,0
SESS_REAL_01274,9.3588220980253,1,0.9402313615055,1,0
SESS_REAL_05403,4.914350863461398,4,0.9417761240872997,1,0
SESS_REAL_03109,12.90101493422575,3,0.919827822835489,1,0
SESS_REAL_03304,4.48324914004404,0,0.9681291283910475,1,0
SESS_REAL_01625,15.554385101619095,3,0.9130942364991057,1,0
SESS_FAKE_00799,59.35137274962893,4,0.5351469046272912,0,1
SESS_REAL_07797,3.6570635918711942,0,0.973566460074092,1,0
SESS_REAL_03796,10.618930130259796,1,0.8877455910149663,1,0
SESS_REAL_06995,11.902498160386589,1,0.903757700840089,1,0
SESS_REAL_00659,11.649380654417035,1,0.9224056816054728,1,0
SESS_REAL_06182,2.9840825245089118,1,0.9453495971322629,1,0
SESS_REAL_06986,8.233809423949019,1,0.9126229294967233,1,0
SESS_REAL_01029,22.68717049673584,0,0.9868934458091814,1,0
SESS_REAL_02452,11.289442195849386,0,0.9575657645209427,1,0
SESS_REAL_00461,14.07082063688366,1,0.9798974388582387,1,0
SESS_FAKE_01018,20.551579986296463,10,0.11705734748942284,0,1
SESS_FAKE_00395,56.562326750812865,9,0.23700348628537077,0,1
SESS_REAL_08186,4.80898285706405,0,0.9696715166321479,1,0
SESS_REAL_00311,2.480462023004039,0,0.9385191457675158,1,0
SESS_REAL_03735,9.140300553264924,1,0.976692471284422,1,0
SESS_REAL_06293,6.123024592485681,4,0.9399325236818532,1,0
SESS_REAL_08240,16.36166406670914,1,0.975632203404373,1,0
SESS_REAL_01142,15.099046775074212,3,0.9912216965347994,1,0
SESS_REAL_06433,10.188033709945692,3,0.9255051873285741,1,0
SESS_REAL_03057,2.461245586319341,2,0.9416549427933838,1,0
SESS_REAL_06816,4.72343403257181,0,0.9735388373887505,1,0
SESS_REAL_04805,10.939762999712022,0,0.93520842510589,1,0
SESS_REAL_08027,4.599538228000216,0,0.9617940915056667,1,0
SESS_FAKE_00757,10.831468854311076,9,0.5826118977054566,0,1
SESS_REAL_02658,4.35899573224875,1,0.9503744211645782,1,0
SESS_REAL_03577,9.565849907279707,0,0.9490148494803216,1,0
SESS_REAL_08017,13.039440807458403,0,0.9730904605622961,1,0
SESS_REAL_00828,17.550107419986787,1,0.9706330749139012,1,0
SESS_REAL_06392,18.14325479958006,0,0.9481995128307907,1,0
SESS_FAKE_01494,89.05060447924633,6,0.2599303058668924,0,1
SESS_REAL_03501,20.9727286730159,1,0.9415095341688676,1,0
SESS_REAL_01339,1.8735853982834336,1,0.9785754427578769,1,0
SESS_REAL_01016,3.8898339046542,1,0.9244458200545198,1,0
SESS_REAL_07275,26.454133704643773,0,0.9134743150276964,1,0
SESS_REAL_02420,3.5925968862135704,3,0.9693486495208219,1,0
SESS_REAL_03905,9.440260601995725,1,0.9209311383405935,1,0
SESS_REAL_07876,14.228098423790176,0,0.9769324114287387,1,0
SESS_REAL_00379,5.473001602075554,2,0.9379959181009232,1,0
SESS_FAKE_01262,98.19461699288335,6,0.302852045360381,0,1
SESS_FAKE_00532,86.87412519513308,9,0.30382417595478767,0,1
SESS_REAL_04972,10.434532254523248,4,0.9519479893571807,1,0
SESS_REAL_00757,10.648966296588338,1,0.9707234697944189,1,0
SESS_REAL_06439,10.548369213933125,1,0.9555271424179305,1,0
SESS_REAL_01104,64.86059722859648,0,0.909643026437005,1,0
SESS_REAL_08078,7.0394324754559,0,0.9794942068338376,1,0
SESS_REAL_00234,4.106578743902862,0,0.9145710914645894,1,0
SESS_REAL_08491,3.2408383400426697,1,0.950952358232359,1,0
SESS_REAL_02679,10.204621055860873,0,1.0,1,0
SESS_REAL_04281,17.407615675858395,1,0.9051755061457232,1,0
SESS_REAL_01990,18.904256387608623,2,0.9362410280809481,1,0
SESS_REAL_01869,17.03464624872464,4,0.9706598688543925,1,0
SESS_REAL_02092,4.234352917360957,3,0.9670045079618618,1,0
SESS_REAL_04870,7.27760004859468,1,0.9996545678116971,1,0
SESS_REAL_05751,20.72691657970531,1,0.961063889238749,1,0
SESS_REAL_03153,8.195034735868347,1,0.9646373825638366,1,0
SESS_REAL_04893,4.805940697667437,4,0.9873436815829878,1,0
SESS_REAL_06561,6.190310591707348,2,0.9219239839476061,0,0
SESS_REAL_02770,2.4516256172406097,1,1.0,1,0
SESS_REAL_03732,8.602574221033064,1,0.9240306036626504,1,0
SESS_REAL_04138,14.625502709857813,1,0.9062142987783312,1,0
SESS_REAL_03212,3.870488272726826,0,0.950394343656793,1,0
SESS_REAL_05319,11.905138544312392,2,0.9613658624822701,1,0
SESS_FAKE_00321,22.067927190345067,11,0.3743700390535828,0,1
SESS_FAKE_00537,13.232236503549839,17,0.4069346658783012,1,1
SESS_REAL_05402,39.58055576030926,0,0.9062542254704904,1,0
SESS_REAL_02376,5.888821774571934,0,0.9075809259977865,1,0
SESS_REAL_06771,25.984950980166246,3,0.9296092601222411,1,0
SESS_REAL_02423,8.861456453445784,1,0.9441362102784071,1,0
SESS_REAL_04352,7.916114989546543,2,0.9797706419374036,1,0
SESS_REAL_05856,3.364082820267855,1,0.9553392450256176,1,0
SESS_REAL_06717,8.41037609082821,0,0.9444750344658506,1,0
SESS_REAL_02378,8.596177546988104,2,0.9390374683669933,1,0
SESS_REAL_00792,9.959933289518128,1,0.9364962958011832,1,0
SESS_REAL_04457,3.3096985393415945,0,0.9953614584586792,1,0
SESS_REAL_07960,26.83179540370947,1,0.8803579021084933,1,0
SESS_FAKE_00961,17.824943275586747,7,0.30488258321810624,0,1
SESS_REAL_06346,5.336950137660017,1,0.9133887904077134,1,0
SESS_REAL_07656,16.619127277368708,1,0.9277558639027231,1,0
SESS_REAL_00235,16.881141636789646,1,0.8948567730482347,1,0
SESS_REAL_03068,4.96648211423119,3,0.9684032979995044,1,0
SESS_REAL_07172,7.204489865180879,1,0.9448748592315056,1,0
SESS_REAL_00449,2.546327924375487,0,0.9144321197667662,1,0
SESS_FAKE_00083,25.59428277817801,8,0.28213761550663824,0,1
SESS_FAKE_00059,23.686571861334723,5,0.4132398599714221,0,1
SESS_REAL_00351,24.796193438105263,0,0.9448219025714952,1,0
SESS_REAL_06265,9.838823172163114,0,0.9358154781333774,1,0
SESS_REAL_00125,8.184692312983373,3,0.9627989535793039,1,0
SESS_REAL_01634,32.9368163124505,0,0.9266986372742176,0,0
SESS_REAL_04634,3.2722597298628844,2,0.9702652902647755,1,0
SESS_REAL_04106,41.83312903079408,2,0.9407127117926074,1,0
SESS_REAL_05870,4.340264987946717,1,0.9122555981545403,1,0
SESS_REAL_01467,7.768868189455167,1,0.9624280069937416,1,0
SESS_REAL_03564,8.859426959874042,1,0.9894481113602088,1,0
SESS_REAL_02757,28.002705651141007,1,0.9301477877530098,1,0
SESS_FAKE_00279,13.489978219295034,10,0.21976342479375108,0,1
SESS_FAKE_00122,27.022679431743285,9,0.0,0,1
SESS_REAL_01851,21.810374253296644,2,0.9341110966189489,1,0
SESS_FAKE_00115,89.51431915856816,5,0.3207894099304816,0,1
SESS_REAL_06479,3.128088737159346,1,0.9262206501745808,1,0
SESS_REAL_05666,16.07948403362427,1,0.9772237370716288,1,0
SESS_REAL_05136,12.59226987252947,2,0.9243231858880648,1,0
SESS_FAKE_01104,274.73782553086807,7,0.3193653708997127,0,1
SESS_FAKE_01459,16.852901358760445,5,0.31723397960516025,0,1
SESS_FAKE_01175,131.70603446464554,6,0.3369063484975721,0,1
SESS_FAKE_00179,18.976858770165173,11,0.41553910071843736,0,1
SESS_FAKE_01102,18.908087554692802,6,0.14727033314504803,0,1
SESS_REAL_03108,12.183207267473737,0,0.9645905961747409,1,0
SESS_REAL_01417,3.062806559797401,0,0.9460764284449268,1,0
SESS_REAL_07045,7.29577883836557,4,0.9530339535608452,1,0
SESS_REAL_02839,7.077309891665868,0,0.9524178747208925,1,0
SESS_FAKE_00305,11.328645750029853,4,0.08220538699494273,0,1
SESS_REAL_05781,7.734303124781752,1,0.9716365714358581,1,0
SESS_REAL_07886,4.32938707127106,1,0.9664408583626377,1,0
SESS_FAKE_00473,29.38645034591374,6,0.19848907882855277,0,1
SESS_REAL_07057,4.903729431101541,1,0.9541219612025864,1,0
SESS_FAKE_01313,27.64761596628505,8,0.2351858738083103,0,1
SESS_REAL_00607,6.9357733861310225,1,1.0,1,0
SESS_REAL_01453,11.64466910482807,2,0.9996512666440619,1,0
SESS_REAL_03854,14.508624040596317,0,0.9193109634539579,1,0
SESS_REAL_00173,4.581889764659492,1,0.9645048410589288,0,0
SESS_REAL_06679,10.498632711813443,1,0.9824863038365598,1,0
SESS_REAL_05411,5.333780615479111,0,0.964597699437398,1,0
SESS_REAL_02263,8.530470287063327,2,0.934692506308144,1,0
SESS_REAL_07537,6.687420042569644,1,0.9464938998813999,1,0
SESS_REAL_05315,8.735834939948969,2,0.9640928806890232,1,0
SESS_REAL_03596,4.633677096222215,0,0.8918608005653493,1,0
SESS_REAL_06193,34.76745031187521,1,0.9465426565384477,1,0
SESS_FAKE_00986,41.15665991638886,11,0.026446851933341065,0,1
SESS_REAL_05489,31.095155783327407,0,0.9240331152081076,1,0
SESS_REAL_06824,4.408972241176945,2,0.9683169289516775,1,0
SESS_FAKE_00973,72.32428426429341,6,0.18971305968327673,0,1
SESS_REAL_01435,1.8651837710396553,1,0.9122338833088923,1,0
SESS_REAL_04850,49.223588829384255,1,0.9573862468326205,1,0
SESS_REAL_03903,4.9709077486944295,0,1.0,1,0
SESS_REAL_06845,4.08245889764367,4,0.9198381060858687,1,0
SESS_REAL_00066,3.3227777738475464,0,0.9824421963317744,1,0
SESS_REAL_00382,13.396790117198643,1,0.9373469273670227,1,0
SESS_REAL_01376,8.572047906719469,3,0.9090960495144361,1,0
SESS_REAL_01452,25.881994912414935,1,0.9720358765527346,1,0
SESS_REAL_06394,57.55922957021505,1,0.9499921039619946,1,0
SESS_REAL_07850,5.835418871511429,4,0.9110647670027799,1,0
SESS_REAL_04641,6.003646648788507,3,0.9553039665503388,1,0
SESS_REAL_01062,19.0463653240707,0,0.9131204593756248,1,0
SESS_REAL_04494,17.43744599686154,1,0.9940803287994863,1,0
SESS_REAL_01485,6.977214751550234,3,0.9685305683843389,1,0
SESS_REAL_03550,21.04374789807754,0,0.9785469477517431,1,0
SESS_FAKE_01074,69.52807673430434,8,0.2733749405585608,0,1
SESS_FAKE_01360,51.26472707023359,12,0.0,0,1
SESS_REAL_01917,12.2886123441434,3,0.9726893387206822,1,0
SESS_REAL_01207,8.584979848748503,1,0.9427922948049673,1,0
SESS_REAL_03005,22.96495529031501,1,0.9463203898323598,1,0
SESS_FAKE_00994,20.32426358111462,8,0.24937663482214617,1,1
SESS_REAL_04915,31.293344745657222,1,0.9229594417212913,1,0
SESS_REAL_00882,1.7388885755056729,1,0.9112137880338641,1,0
SESS_REAL_05709,30.000000986802064,2,0.9075850612486894,1,0
SESS_REAL_03203,24.992360843470237,2,0.9760597172220669,1,0
SESS_REAL_03629,13.344709343071042,1,0.9534080607793365,1,0
SESS_FAKE_00670,14.426964142929114,16,0.1530080554805574,0,1
SESS_REAL_07564,9.825092155027054,1,0.960095526993551,1,0
SESS_REAL_04940,6.519851452689984,0,0.8882193716067447,1,0
SESS_REAL_08324,2.3065151218729047,2,0.9618294243131239,1,0
SESS_REAL_03258,7.468189555940218,0,0.9050085556727432,1,0
SESS_REAL_04871,3.2024783022958956,3,0.9004853244936497,1,0
SESS_REAL_01270,15.74860937267023,1,0.8698098906834779,1,0
SESS_REAL_07365,7.1056743033391605,1,0.9796782213570264,1,0
SESS_REAL_07903,21.002728282879396,2,0.9773200126335932,1,0
SESS_REAL_06082,7.185219242290932,1,0.9280550774916041,1,0
SESS_REAL_04074,15.268556407682373,1,0.9277166008780022,1,0
SESS_REAL_08388,12.3477918040074,0,0.9774780574144625,1,0
SESS_REAL_07175,9.256461728738305,2,0.9364860650038144,1,0
SESS_REAL_05657,24.97395938537646,1,0.9559878176924956,1,0
SESS_REAL_06047,9.966034853952767,0,1.0,1,0
SESS_REAL_04511,9.155944466963614,2,0.9400989606124732,1,0
SESS_REAL_06365,11.97144389629342,2,0.9349661446910201,1,0
SESS_REAL_02840,7.480011322610077,1,0.9243864085991588,1,0
SESS_REAL_03069,15.025114829353932,1,0.9384338270776321,1,0
SESS_REAL_02786,40.31609225830546,1,0.9206952762237405,1,0
SESS_REAL_05630,18.458884356370277,1,0.9547954225876606,1,0
SESS_REAL_07921,16.440537638133144,0,0.9428455008700202,1,0
SESS_REAL_01543,5.057651521109809,0,0.9965023647188327,1,0
SESS_REAL_06397,6.2973232455731605,1,0.9669678823925254,1,0
SESS_REAL_01212,3.6441215094546684,2,0.9675550623262756,1,0
SESS_REAL_03696,40.582772350163175,1,0.8819732497037209,1,0
SESS_REAL_08041,5.248222959055508,0,0.9863832758511071,1,0
SESS_REAL_07554,13.450135371034612,1,0.9248753327917415,1,0
SESS_REAL_03515,34.860723213515605,1,0.9642407367345501,0,0
SESS_FAKE_00926,202.66785738428314,5,0.3398608838952849,0,1
SESS_REAL_06560,4.7956360085790735,2,0.9916882566130647,1,0
SESS_FAKE_00056,86.51798862812826,4,0.0,0,1
SESS_REAL_00063,6.794723994358442,1,0.9394110730777339,0,0
SESS_REAL_00577,32.83995315650495,0,0.9772202883818305,1,0
SESS_REAL_07628,29.273174570616277,3,0.9363579833912757,1,0
SESS_FAKE_01025,53.93539814904375,11,0.05738082712279147,0,1
SESS_FAKE_01270,19.804652543770914,10,0.15480150572822393,0,1
SESS_REAL_03348,6.019502603703591,1,0.9742228955088679,1,0
SESS_REAL_03607,5.537553976688264,2,0.9580538569960019,1,0
SESS_REAL_04274,12.549813581495814,0,0.9566527323930016,1,0
SESS_REAL_00498,45.47952147027081,2,0.9387564844988482,1,0
SESS_REAL_03657,10.074429721326725,3,0.9021490334913135,1,0
SESS_REAL_07803,6.04383474860229,0,0.9594478540533327,1,0
SESS_REAL_03668,1.8034649269358447,3,0.9329903625847196,1,0
SESS_REAL_08382,14.548730452340019,0,0.8945720732894731,1,0
SESS_REAL_04055,1.6959967020400877,1,0.9396147065121737,1,0
SESS_REAL_06734,3.606312202696179,0,0.9546705577087288,1,0
SESS_FAKE_00787,24.06802617665384,13,0.46571345725651103,0,1
SESS_REAL_04874,5.778343907001802,0,0.9341700804456299,1,0
SESS_REAL_03474,23.3533924482013,2,0.9300797066683255,1,0
SESS_REAL_03493,27.23824254182177,0,0.9632283205976785,1,0
SESS_REAL_08048,26.000819736709033,2,0.9596588626140183,1,0
SESS_REAL_03848,16.552809318298024,3,0.9813413372529379,1,0
SESS_REAL_01362,13.205057492394907,1,0.9375021786304352,1,0
SESS_REAL_07167,8.855481086511634,1,0.9871843833123936,1,0
SESS_REAL_05239,7.011140432521215,1,0.9561471616607755,1,0
SESS_REAL_02207,24.952047546153956,2,0.9125210922279455,1,0
SESS_REAL_08414,3.2197334076909243,2,0.8937074645778044,1,0
SESS_REAL_04637,14.527656427918732,3,0.9426027826063552,1,0
SESS_REAL_04453,21.065828352402576,0,0.9517061585085729,1,0
SESS_REAL_03698,33.97354038481964,1,0.9752647350913968,1,0
SESS_REAL_07784,36.25066068424641,3,0.9277491800333265,1,0
SESS_REAL_04848,18.802488786585933,1,0.9274585962984032,1,0
SESS_REAL_08450,14.932520952424555,1,0.9419211432239512,1,0
SESS_REAL_06007,2.408306094112392,2,0.9733111779910492,1,0
SESS_REAL_02826,17.161503667516765,1,0.9387601307278347,1,0
SESS_REAL_06622,9.464759513896885,1,0.9685610786572139,1,0
SESS_REAL_03589,4.12413070274669,0,0.9322871913782074,1,0
SESS_REAL_00793,12.844131816036873,0,0.9652189995688925,1,0
SESS_REAL_03894,17.278694349847633,1,0.9310043917835238,1,0
SESS_FAKE_01083,24.62191835485278,15,0.042823906325479555,0,1
SESS_REAL_04613,2.8851135951724602,2,0.9596561114714917,1,0
SESS_REAL_00906,21.90835083623374,1,0.9376161846694312,1,0
SESS_REAL_00587,3.15570263654899,2,0.9289601569958551,1,0
SESS_REAL_01204,9.54825209906016,2,0.9002079391585528,1,0
SESS_FAKE_00802,85.28440007633291,10,0.2798421553701982,0,1
SESS_REAL_06467,2.377948010097446,1,0.9596928626395368,1,0
SESS_REAL_01746,1.7325460735973557,0,0.9484683676171982,0,0
SESS_REAL_02719,1.786533400986198,1,0.9321352877957944,1,0
SESS_REAL_02151,3.790463027295547,2,0.9583771326282605,1,0
SESS_REAL_02173,24.733428612217566,3,0.9516736888584966,1,0
SESS_FAKE_00260,45.0209362255028,7,0.4296475640541383,0,1
SESS_REAL_07393,10.729411235792053,1,0.9142400898039111,1,0
SESS_FAKE_01391,64.12786160455619,6,0.22570803230019337,0,1
SESS_REAL_00765,11.624562676633715,0,1.0,1,0
SESS_REAL_04934,9.55776492463521,0,0.9816761642406817,1,0
SESS_REAL_05735,15.273800026450214,1,0.9365065518192152,1,0
SESS_REAL_06968,14.462305799926664,1,0.9235022738182385,1,0
SESS_REAL_07258,16.791593610392834,0,0.9445857730628594,1,0
SESS_REAL_00337,16.09488734040826,2,0.9347796441204789,1,0
SESS_REAL_02914,4.547772365330532,3,0.9088085736600486,1,0
SESS_REAL_01793,15.1817561600581,1,0.9721336026886974,1,0
SESS_REAL_03320,11.04001057394682,5,0.9878438241196641,1,0
SESS_REAL_00067,20.945803149296776,1,0.9202818698877251,1,0
SESS_FAKE_00302,59.2700047063158,13,0.2525368918000831,0,1
SESS_REAL_04561,5.563009896544408,1,1.0,1,0
SESS_REAL_08094,10.619250536841268,0,0.9731946548707288,1,0
SESS_FAKE_00062,96.05822520245508,9,0.308122698964747,0,1
SESS_REAL_06894,9.62109725057936,3,0.8887876740455491,1,0
SESS_REAL_00276,20.71139918770185,2,0.9383631852519734,1,0
SESS_REAL_00941,11.194026184883823,1,0.982336192296944,1,0
SESS_REAL_05950,3.4024396140006585,0,0.9578625024410045,1,0
SESS_REAL_00552,11.13304942825785,1,0.9582699074520569,1,0
SESS_REAL_01843,12.890093766626782,1,0.9629399655905914,1,0
SESS_REAL_05612,22.161837602200023,2,0.9724022672843262,1,0
SESS_REAL_03021,8.303818951931314,3,0.9438404706559373,1,0
SESS_FAKE_00948,126.10790182754441,13,0.33978231198638326,0,1
SESS_REAL_04297,3.4706518946996012,0,0.9737821906798273,1,0
SESS_REAL_00142,9.751911341566167,1,0.9561788214862724,1,0
SESS_REAL_07623,15.578326168354542,0,1.0,1,0
SESS_FAKE_00672,68.68187127301535,10,0.3684710644507636,0,1
SESS_FAKE_01328,39.35493266939931,6,0.3921232935950146,0,1
SESS_REAL_07124,7.832076712878397,0,0.9550855927320983,0,0
SESS_REAL_08497,11.232825886287968,2,0.9302185299368471,1,0
SESS_REAL_06102,6.114286335885176,1,0.9267386298759033,1,0
SESS_FAKE_00688,70.38559073283437,8,0.31018651631486815,0,1
SESS_FAKE_00073,60.79035056473778,11,0.2840912285570129,0,1
SESS_REAL_01431,10.198032824373254,1,0.9781702963556551,1,0
SESS_REAL_05879,9.530828902129356,0,0.9576314143887907,1,0
SESS_REAL_08475,16.14574467634744,2,0.9471340127877338,1,0
SESS_REAL_02767,4.823173563710457,1,0.9451969275892385,1,0
SESS_REAL_03300,8.318750211354239,1,0.9180237769854547,1,0
SESS_REAL_00997,3.2655653858342406,7,0.9557835223317289,1,0
SESS_REAL_03020,5.538406715420566,0,0.9743068349690729,1,0
SESS_REAL_05171,11.500390664010329,2,0.9525167785803826,1,0
SESS_REAL_06096,2.144342793669728,1,0.9374535946338469,1,0
SESS_REAL_00055,32.093224551232865,1,0.9289237511134512,1,0
SESS_FAKE_00431,75.70091183186265,7,0.2120719257589907,0,1
SESS_REAL_07455,83.30072117190682,5,0.922552801851783,1,0
SESS_REAL_05902,3.1626046334116555,2,0.9635427145638868,1,0
SESS_REAL_07785,9.561707587247612,2,0.9834711986528024,1,0
SESS_REAL_03623,26.364517964848293,1,0.9610774533005286,1,0
SESS_REAL_05326,2.534176182074088,0,0.9351403105404839,1,0
SESS_REAL_05433,2.2948919355450754,0,0.9119345365835816,1,0
SESS_REAL_04912,10.677244879084299,3,0.9305059902420612,1,0
SESS_REAL_04501,10.151348576715728,1,0.9437711259042236,1,0
SESS_REAL_04506,17.418581205596688,2,0.965585296643249,1,0
SESS_REAL_00230,20.505903032260797,1,0.9771115508314976,1,0
SESS_REAL_03622,4.453991557340932,4,0.9222042870097719,1,0
SESS_REAL_03370,4.461792762450244,0,0.9483228790054627,1,0
SESS_REAL_00786,12.007308655639182,2,0.9630687463852156,1,0
SESS_REAL_04546,1.6675093507708516,1,0.9216954146355678,0,0
SESS_FAKE_00516,69.30249436574516,8,0.41541498549559286,0,1
SESS_REAL_03422,18.74108335091306,1,1.0,1,0
SESS_REAL_05686,9.832644162037523,1,0.9375727203229414,1,0
SESS_REAL_07670,19.124237902382784,1,0.9256778501593557,1,0
SESS_REAL_00384,17.439522945172804,2,0.9253824411243816,1,0
SESS_REAL_05257,11.074554860039957,0,0.9962550723452231,1,0
SESS_REAL_03105,8.338488390400146,1,0.9267238550166127,1,0
SESS_REAL_05383,1.6095428866638786,1,0.9560499874246032,1,0
SESS_REAL_03520,4.626497243716895,0,0.9334972012443177,1,0
SESS_REAL_01903,1.9313985277386505,1,0.9907039905647443,1,0
SESS_REAL_03508,24.05827285594407,0,0.927755458236199,1,0
SESS_REAL_01729,12.960984919438484,2,0.9824106740382093,1,0
SESS_REAL_08008,15.690835426664226,0,0.9317232955920931,1,0
SESS_REAL_03116,17.606096503743952,0,0.9314754106675996,1,0
SESS_REAL_07152,40.85795062857308,0,0.9376830403362857,1,0
SESS_REAL_06472,14.013129791430796,3,0.969309168557216,1,0
SESS_REAL_07461,6.992683916429442,1,0.93474251063261,1,0
SESS_REAL_05575,3.1484067312199664,1,0.9723389913979699,1,0
SESS_REAL_05395,7.0834138850121,1,1.0,1,0
SESS_REAL_05483,17.080216207448583,0,0.9970444011671526,1,0
SESS_FAKE_00036,10.437465788267918,4,0.3860493093099956,0,1
SESS_REAL_08042,2.0020979465419684,1,0.9455336735579949,1,0
SESS_REAL_04483,11.635651108958163,1,1.0,1,0
SESS_REAL_04171,53.928053742670684,3,0.9884155591051098,1,0
SESS_REAL_06814,9.281444780380632,0,0.9323251868320801,1,0
SESS_REAL_04005,5.246556008381823,0,1.0,1,0
SESS_REAL_04963,18.068935485208776,1,0.9595564583582582,1,0
SESS_REAL_06758,87.18077262312903,2,0.9651655809769917,1,0
SESS_REAL_02843,37.67374543904647,2,0.9708867104768854,1,0
SESS_REAL_07835,8.798192839477085,0,0.9587486675198955,1,0
SESS_REAL_05439,23.78040478481008,2,0.9317855987381822,1,0
SESS_REAL_04747,1.9768440793466138,0,0.9776904445769905,1,0
SESS_REAL_00683,14.754715184181403,2,0.9253277786818358,1,0
SESS_REAL_02261,12.553330893805324,1,0.9900978222663349,1,0
SESS_REAL_05135,7.178238684591217,3,0.9871178775548968,1,0
SESS_REAL_00685,11.263805062856907,2,0.9076046647440259,1,0
SESS_REAL_03771,29.424135986970064,0,0.9692223914299596,1,0
SESS_REAL_06876,4.070794568382338,1,0.9416653849547161,1,0
SESS_FAKE_00266,56.64743312481479,11,0.04338238506050335,0,1
SESS_REAL_02809,16.70427934705502,1,0.9517412090619272,1,0
SESS_REAL_01132,2.5142333668267023,1,0.9687751597260712,1,0
SESS_FAKE_00292,74.46585732368298,11,0.5625177437167692,0,1
SESS_REAL_05964,9.436928188956465,1,0.9238643013864599,1,0
SESS_REAL_08146,5.84410718929552,1,0.9743515519784471,1,0
SESS_REAL_04369,3.9468437386693442,1,0.950542804446815,1,0
SESS_REAL_05563,5.427565393801444,1,0.9505347613679985,1,0
SESS_REAL_01638,60.18785954457666,1,0.9469437093488884,1,0
SESS_REAL_04007,7.800222042646729,1,0.9610528942530431,0,0
SESS_REAL_04097,2.521450316338219,1,1.0,1,0
SESS_REAL_04918,18.616582426718473,0,0.991080601027333,1,0
SESS_REAL_04022,14.890951317815304,2,1.0,1,0
SESS_FAKE_00472,16.938226214653263,2,0.1462491135543129,0,1
SESS_FAKE_01244,61.86193906928735,7,0.24012473966460482,0,1
SESS_REAL_08068,8.65493371969762,2,0.9737204227483387,1,0
SESS_FAKE_00898,21.732690266888014,11,0.2267717848007717,0,1
SESS_REAL_08190,26.299863581727955,1,0.9993965426186913,1,0
SESS_REAL_07184,4.60680912720872,0,0.9758685715040477,1,0
SESS_FAKE_00127,17.11826926319941,6,0.19606466551091573,0,1
SESS_REAL_05761,34.5196178792181,1,0.9254832450808355,1,0
SESS_FAKE_00641,35.10533781191795,3,0.23667037090207532,0,1
SESS_REAL_00299,2.5705323478787676,1,0.9303733921601672,1,0
SESS_REAL_06229,7.436249558308696,0,0.9997969130278215,1,0
SESS_FAKE_00884,22.607168802246463,10,0.4190959754904505,0,1
SESS_REAL_02268,4.752786236599353,3,1.0,1,0
SESS_REAL_00873,7.805874811286955,2,0.9036213566623087,1,0
SESS_REAL_05568,23.22239902154183,1,0.9552951707019345,1,0
SESS_REAL_04172,8.546079066096587,0,0.9451162495475129,1,0
SESS_REAL_00032,2.3071671705516508,1,0.924120009263344,1,0
SESS_REAL_05504,5.956856765709779,1,0.9006333664131998,1,0
SESS_REAL_01015,32.623002689703064,1,1.0,1,0
SESS_REAL_04512,2.650494360225679,2,0.9713817370822792,1,0
SESS_REAL_01186,15.472630602695627,0,0.9762027445984197,1,0
SESS_REAL_05130,11.330461869185319,0,0.9643527860250336,1,0
SESS_REAL_01215,4.493382353438111,1,0.9779870498332877,1,0
SESS_REAL_03666,23.42966409485776,2,0.9896845480745126,1,0
SESS_REAL_07613,7.573776694198203,1,0.9249830394479965,1,0
SESS_REAL_06772,13.630699902335053,2,0.9119992179025048,1,0
SESS_REAL_00247,42.310104193464674,2,0.9672249262509155,1,0
SESS_FAKE_01218,54.67924037362432,8,0.16870296135160348,0,1
SESS_REAL_07683,9.403177619642099,1,0.9191016582883815,1,0
SESS_REAL_07781,1.8757162969697179,1,0.9316585993707891,1,0
SESS_REAL_01959,19.981831616917113,3,1.0,1,0
SESS_REAL_06240,31.777669766336533,0,0.9719724064284274,1,0
SESS_REAL_03842,9.245919181766386,0,0.945077082466628,1,0
SESS_REAL_06616,4.172769708657894,1,0.9586619704014108,1,0
SESS_REAL_00527,5.332666705800735,1,0.9158206498379734,1,0
SESS_REAL_08270,6.531273914279509,2,0.9166072991711058,1,0
SESS_REAL_08396,12.191249399465496,1,0.9928988356036903,1,0
SESS_REAL_02727,4.6089078051963295,1,0.8906580757439347,1,0
SESS_REAL_00554,26.61310371875726,1,0.9268128900877339,1,0
SESS_REAL_02879,3.9715425296919693,1,0.9496235316615156,1,0
SESS_REAL_08483,33.782626315274214,0,0.9481093928510459,1,0
SESS_FAKE_01026,47.832237256603165,9,0.3542205649505467,0,1
SESS_REAL_07010,4.959914506353449,0,0.9540226605674998,1,0
SESS_REAL_07801,3.0756926681359893,2,0.9743658932752064,1,0
SESS_REAL_00340,9.618215589566798,0,0.9572530066965292,1,0
SESS_REAL_05922,3.8053356702684993,1,1.0,1,0
SESS_REAL_03765,5.779106278818551,2,0.9275431033971836,1,0
SESS_REAL_07063,19.58885262417217,0,0.9883940351682748,1,0
SESS_REAL_07681,10.557095912741472,1,0.9575999228031985,1,0
SESS_REAL_07789,11.950787309708414,2,0.9166312053261076,1,0
SESS_FAKE_00218,36.476462997143884,8,0.4236309575997868,0,1
SESS_REAL_03243,15.80570900308566,3,0.9681136721219528,1,0
SESS_REAL_08447,24.98006685175438,0,0.9388486321350303,1,0
SESS_REAL_04913,4.109785296371539,3,0.9594823457646083,1,0
SESS_REAL_02388,16.17321446843353,3,0.9735514106873843,1,0
SESS_REAL_02866,10.22537230794104,3,0.8961062383648998,1,0
SESS_REAL_04816,30.28943424185764,0,0.9762497355610392,1,0
SESS_REAL_01499,25.38255266273706,2,0.9274476930593843,1,0
SESS_REAL_08202,34.66578459976358,2,0.9707108187373373,1,0
SESS_REAL_07125,9.39324270533128,1,0.9441668561829306,1,0
SESS_REAL_08154,20.521210572145414,1,0.9713693279801141,1,0
SESS_REAL_06200,16.079598335195577,2,0.9104668986636126,1,0
SESS_REAL_07790,11.053660051042455,0,0.9266979137525855,1,0
SESS_REAL_05298,8.210778153288741,0,0.9329051222722684,1,0
SESS_REAL_07848,3.0130420224013803,0,0.95366745659588,1,0
SESS_REAL_04147,7.6705204710996,1,1.0,1,0
SESS_FAKE_00430,11.868787506015876,8,0.4706456108246271,0,1
SESS_REAL_01791,17.54702302971294,2,0.9086963352512852,1,0
SESS_REAL_04548,14.763167461860265,1,0.9262871385695159,1,0
SESS_REAL_04251,2.26853429253718,0,0.9392015400556025,1,0
SESS_FAKE_00949,115.2177844801005,12,0.5273716582911951,0,1
SESS_REAL_05407,8.531744224648689,1,0.9140277404708735,1,0
SESS_REAL_04860,13.283829463826821,0,0.9365662637277807,1,0
SESS_REAL_07580,14.868827284700002,0,0.9960153531510888,1,0
SESS_REAL_01321,3.5857378381818004,0,0.9584508774148206,1,0
SESS_REAL_08205,5.033857734388026,4,1.0,1,0
SESS_REAL_03042,2.94303030186651,1,0.9644987148928706,1,0
SESS_REAL_01439,14.929420911983748,0,0.9871484963256694,1,0
SESS_REAL_05232,15.991657656113174,1,1.0,1,0
SESS_REAL_07572,3.4234448087951552,2,0.9728488539243916,1,0
SESS_REAL_04343,22.50792700942336,0,0.881724104299379,1,0
SESS_REAL_06189,3.3886720774278776,4,0.9380018381868719,1,0
SESS_REAL_04181,14.895472803065632,1,0.9145381377837063,1,0
SESS_REAL_06705,21.942576378237174,1,0.9796881362827203,1,0
SESS_REAL_03462,13.625249849908675,0,0.9732753184120977,1,0
SESS_REAL_07689,23.330163510866697,0,0.9592797049616065,1,0
SESS_REAL_00675,49.963705992191045,0,0.9332516721137584,1,0
SESS_REAL_00344,7.600039374998483,1,0.9433243375922581,1,0
SESS_FAKE_01300,42.64540085906837,5,0.3295800539560674,0,1
SESS_REAL_07260,5.053287588381526,2,0.9051621499468084,1,0
SESS_FAKE_00055,40.358327541050016,8,0.31099763980544054,0,1
SESS_REAL_08449,19.982670497313542,1,0.9421337862666049,1,0
SESS_REAL_01420,6.060307332681444,0,0.9382413899546417,1,0
SESS_REAL_07859,4.128153509364992,3,0.97224121677432,1,0
SESS_REAL_06826,4.136433722011523,0,0.9228604607266943,1,0
SESS_FAKE_00315,53.60414584133475,4,0.2049453799833762,0,1
SESS_REAL_05891,12.089499655692244,2,0.8894214344876415,1,0
SESS_REAL_04735,3.0222880666719476,0,0.9743522094130147,1,0
SESS_REAL_00907,6.519273662028384,3,0.941063776301415,1,0
SESS_REAL_00837,6.900414996476739,0,0.9826045409020667,1,0
SESS_REAL_01815,42.75186003404812,2,0.9727741759676033,1,0
SESS_FAKE_01204,96.5512204385082,8,0.3756790823626119,0,1
SESS_REAL_00935,5.314517660747194,0,0.935408246936274,1,0
SESS_FAKE_00123,76.43888688645349,8,0.0306699601363023,0,1
SESS_REAL_01668,2.984553354119315,1,0.9183768368901294,1,0
SESS_REAL_08420,11.678785152909306,2,0.9003808526386069,1,0
SESS_REAL_03380,7.0129850966373475,0,0.9835168999320174,1,0
SESS_FAKE_00824,44.56390361658987,6,0.30387983792267975,0,1
SESS_REAL_01816,5.702262783643504,1,0.9666525477372162,1,0
SESS_FAKE_01020,69.64851104189103,6,0.42394112098016506,0,1
SESS_REAL_06052,10.706407548341787,3,0.9074137536268736,1,0
SESS_REAL_04268,21.666267732105734,0,0.9243209464410843,1,0
SESS_REAL_01695,2.3472883524493224,2,0.9727424003089201,1,0
SESS_REAL_05351,66.1366400219646,0,0.9095223422058636,1,0
SESS_REAL_02865,11.912545214329239,0,0.9503059304602135,1,0
SESS_REAL_04619,24.98228031795965,0,0.9724072996176897,1,0
SESS_REAL_05717,5.844300124526056,1,0.9739971077450345,1,0
SESS_REAL_06773,3.6600159109191663,0,0.9681559880090546,1,0
SESS_REAL_08143,7.119684132992067,1,0.942384046161468,1,0
SESS_REAL_01611,14.127984484923168,2,0.9742225754714728,1,0
SESS_FAKE_00829,42.71078830849113,8,0.3042910847280329,0,1
SESS_REAL_06568,7.362167962229272,0,0.9062626679549202,1,0
SESS_REAL_05739,8.79611990896879,0,0.9617655293012504,1,0
SESS_REAL_03997,7.521841846452933,2,0.9700591571153323,1,0
SESS_REAL_03941,28.889231114617477,1,1.0,1,0
SESS_REAL_03951,23.117878689253615,0,0.9665120893498977,1,0
SESS_REAL_06718,4.647830793007247,0,0.9571647297781112,1,0
SESS_REAL_03712,16.200157799609237,1,1.0,1,0
SESS_REAL_03499,17.546671902835687,4,0.949056133265139,1,0
SESS_REAL_06786,35.00748435496807,3,0.8889026510349397,1,0
SESS_REAL_03338,12.410449991725383,2,0.9232079433048509,1,0
SESS_REAL_03101,18.058230634749133,5,0.9461749604396508,1,0
SESS_REAL_04169,2.7196738246009566,2,0.9184783041441703,1,0
SESS_FAKE_00208,29.913374230772416,12,0.0,0,1
SESS_REAL_00773,7.575775574518372,0,0.9501716384329736,1,0
SESS_REAL_00229,13.468012628837798,0,0.9658478228199331,1,0
SESS_REAL_06504,2.5629081291098776,0,0.9004479516882213,1,0
SESS_REAL_00827,6.613277831501943,1,0.9284144146134191,1,0
SESS_REAL_01991,3.5766531691247936,0,1.0,1,0
SESS_REAL_03675,5.459557406534988,2,0.9550477730706377,1,0
SESS_REAL_02161,13.140367384187172,2,0.9547594235363683,1,0
SESS_REAL_02808,9.275793985659844,0,0.89981988845828,1,0
SESS_REAL_07080,6.4066177800913895,0,0.9674963532436381,1,0
SESS_REAL_00163,10.708622999428187,3,0.9593915014645615,1,0
SESS_REAL_07581,7.517260790409443,1,0.9554397101371073,1,0
SESS_REAL_01432,9.55302599410632,3,0.9353969530113564,1,0
SESS_FAKE_01015,55.86720274376999,7,0.3893327217704109,0,1
SESS_REAL_04226,6.946208936246389,1,1.0,1,0
SESS_REAL_08383,24.470277450860927,1,0.9697043307192726,1,0
SESS_REAL_08131,12.755431790074503,2,0.9387121577583161,1,0
SESS_REAL_02228,5.73284063934284,1,0.9453632354033678,1,0
SESS_REAL_00198,27.67359083275936,2,1.0,1,0
SESS_REAL_07453,12.616244260339075,1,0.9406146021318207,1,0
SESS_REAL_01426,1.5594266756859314,0,0.9681653876070752,1,0
SESS_REAL_03836,33.85729230477485,1,0.9499929354525565,1,0
SESS_REAL_05637,23.517119338131216,1,0.9823648986122033,1,0
SESS_REAL_04819,4.166023607963017,1,0.9660234022463535,1,0
SESS_FAKE_00000,133.08556760858676,7,0.21063512039304075,1,1
SESS_REAL_00811,23.408617329821315,0,0.9480089048236984,1,0
SESS_REAL_08082,4.386547270645295,1,0.9379372922174751,1,0
SESS_REAL_05927,14.928954086701566,4,0.9176344711601423,1,0
SESS_REAL_03139,2.350977283044445,1,0.9275902886537846,1,0
SESS_REAL_04371,7.366950877100736,2,0.9150616917882208,1,0
SESS_REAL_05125,12.8104771510692,0,0.923548694235496,1,0
SESS_REAL_08308,8.004689538830904,2,0.9698826037326264,1,0
SESS_REAL_04269,35.36214484302474,1,0.9234275581437225,1,0
SESS_REAL_06647,28.690030308507882,0,0.9485941156441152,1,0
SESS_REAL_03660,10.056623910716853,1,0.8920681552389795,1,0
SESS_REAL_01528,20.996196239585082,0,0.9715259154920203,1,0
SESS_REAL_01536,3.8982428126656647,0,0.9509727835346728,1,0
SESS_REAL_01902,18.675036801931483,0,0.9842461298070534,1,0
SESS_REAL_05323,82.13476993828526,1,0.9059957160382132,1,0
SESS_REAL_01041,20.26916800005585,1,0.9632015198208072,1,0
SESS_REAL_07662,19.55432607391567,1,0.9139205520459156,1,0
SESS_REAL_01876,12.209358054840386,2,0.9575119609183791,1,0
SESS_REAL_05765,17.546916666421453,1,0.9207094474682521,1,0
SESS_REAL_06607,10.736688623332547,1,0.8781817680096775,1,0
SESS_REAL_04311,35.43826644477356,0,0.9120663422322246,1,0
SESS_FAKE_00719,35.74533913527101,10,0.0,0,1
SESS_REAL_07009,4.301839411748778,2,0.9076958607494755,1,0
SESS_REAL_07831,7.9022909257364065,0,0.9543164528786336,1,0
SESS_REAL_02928,18.34120125984049,2,0.9671747264135641,1,0
SESS_REAL_05379,4.7662672878209635,2,0.9695975283602387,1,0
SESS_REAL_01802,6.72957162880439,0,0.9684631775387366,1,0
SESS_REAL_07588,10.354278034801148,4,0.969697873417948,1,0
SESS_REAL_07825,24.8162873243673,0,0.9328428532326355,1,0
SESS_REAL_05738,1.977450616428518,3,0.9673577760474616,1,0
SESS_FAKE_00895,13.886627769225779,10,0.16566103480693573,0,1
SESS_REAL_04228,9.032394673754155,0,0.9776000295354512,1,0
SESS_REAL_03189,20.18743219522894,2,0.9243296310042258,1,0
SESS_REAL_05148,13.22221606488396,1,0.9895867640468063,1,0
SESS_REAL_05867,4.683518440081934,4,0.9405137739421151,1,0
SESS_REAL_02015,7.853897063022736,1,0.9469329737035096,1,0
SESS_REAL_03677,7.231621340936013,1,0.998670744762901,1,0
SESS_REAL_02752,5.1117203351846054,1,0.9728753183807799,1,0
SESS_REAL_03536,5.05604198107481,0,0.9580103100029052,1,0
SESS_FAKE_00931,67.5818346236765,6,0.3650084232966065,0,1
SESS_FAKE_00362,17.0650952152476,11,0.34918511238434596,0,1
SESS_REAL_08298,1.8449604717106083,3,0.9493169998634231,1,0
SESS_REAL_02258,6.074186641360598,4,0.9448339350626221,0,0
SESS_REAL_04815,34.262724747624304,0,0.9659637197404987,1,0
SESS_REAL_00444,21.606904839392126,1,0.9781726683089339,1,0
SESS_REAL_00742,18.021327755243274,0,0.9774166922457785,1,0
SESS_FAKE_00159,71.10006968871889,7,0.3603504964122643,0,1
SESS_REAL_04968,39.29634876204622,0,0.9530864802841031,1,0
SESS_REAL_06357,8.854406621066179,0,0.9701211729619752,1,0
SESS_REAL_05085,9.936223752580192,0,0.9218904237947454,1,0
SESS_REAL_03755,4.037690342534563,1,0.9134020730002935,1,0
SESS_REAL_07828,11.370721989189718,1,0.9839202439356353,1,0
SESS_REAL_08102,7.408983592582425,1,0.9448734121464814,1,0
SESS_REAL_05607,28.07842388726068,2,0.9300427352675107,1,0
SESS_REAL_02059,10.960889691645509,2,0.9879053912849944,1,0
SESS_REAL_01749,3.269612608006671,2,0.8980502742808203,1,0
SESS_REAL_06634,13.738993063587621,2,0.9831601501403034,1,0
SESS_REAL_00956,10.280603191472172,1,0.9607564314163768,1,0
SESS_REAL_07763,16.492736408855894,1,0.9132676934686978,1,0
SESS_REAL_07345,5.239997989887316,1,0.9169080604631425,1,0
SESS_REAL_04525,8.238552426441284,0,0.9672828418443449,1,0
SESS_REAL_00318,3.5414488988742496,0,0.9526913170735795,1,0
SESS_FAKE_01107,27.201089755187674,10,0.19150569181660523,0,1
SESS_REAL_06308,10.457223080148795,1,0.9134581446368165,1,0
SESS_FAKE_00040,98.50365309770329,13,0.05504579719602962,0,1
SESS_REAL_03962,1.8488510601552852,2,0.9213205425166626,1,0
SESS_REAL_06902,1.9622021734097548,2,0.952371093338415,1,0
SESS_REAL_00576,3.4089825517780317,0,0.9642975244095018,1,0
SESS_FAKE_01427,20.828577725031508,11,0.1708364244127615,0,1
SESS_FAKE_00760,13.509648943360162,10,0.2035990717084256,0,1
SESS_REAL_01437,16.13638017049007,1,0.9749196707388622,1,0
SESS_REAL_03507,9.006075864160726,4,0.9373974198519734,1,0
SESS_REAL_01005,14.402852582044833,0,0.9388050128449357,1,0
SESS_REAL_05216,8.556227925760343,0,0.9551150983449753,1,0
SESS_REAL_02021,11.356354323370224,2,0.9237547616830034,1,0
SESS_REAL_00061,5.298725318505909,0,0.9859572101259875,1,0
SESS_REAL_06609,5.924139590683147,0,0.9466238880741622,1,0
SESS_REAL_08410,8.641039866247333,1,0.9698681674307242,1,0
SESS_REAL_02953,8.93243093075131,2,0.9041295492675563,1,0
SESS_REAL_03342,13.508835455176872,3,0.9924975147003408,1,0
SESS_REAL_00361,13.869925894139783,4,0.9698581875221239,1,0
SESS_REAL_00135,6.184605634577693,1,0.8909395358574983,1,0
SESS_REAL_07601,3.832957719375096,2,0.9424180671992799,1,0
SESS_REAL_03628,20.376971698375,1,0.9711036363325795,1,0
SESS_FAKE_00551,10.463240133033223,14,0.4591694279050763,0,1
SESS_FAKE_01373,73.64717973271988,7,0.5760874365517835,0,1
SESS_REAL_04657,11.05305103497477,0,0.908402149803285,1,0
SESS_REAL_06817,33.848234966691386,1,0.9499874238816292,1,0
SESS_REAL_04536,8.171962820204506,1,0.9536271774525816,1,0
SESS_REAL_06805,20.794780897118656,0,0.9312466214638687,1,0
SESS_REAL_00402,9.944489877081052,0,0.9499632488507523,1,0
SESS_REAL_04071,15.04207119578006,3,0.9469526123383148,1,0
SESS_REAL_06327,7.80517243047704,2,0.9224734124497419,1,0
SESS_REAL_00665,3.4906595110779106,0,0.9573680845117374,1,0
SESS_REAL_04002,18.633445456146,1,1.0,1,0
SESS_FAKE_00827,38.82738793078997,2,0.0,0,1
SESS_REAL_04139,11.258811993422254,1,0.9529338434845902,1,0
SESS_REAL_04220,5.914059797258432,1,0.9327022722354257,1,0
SESS_REAL_07205,3.9339107293648214,1,0.9382435091113714,1,0
SESS_REAL_06898,6.129000948434621,1,0.9508406270218037,1,0
SESS_REAL_06429,12.222747887331924,1,0.931577470546324,1,0
SESS_REAL_05652,4.266278391371218,2,1.0,1,0
SESS_REAL_06565,6.784293032124299,1,0.932298698861679,1,0
SESS_REAL_00839,13.504689270214175,1,0.8865331575764396,1,0
SESS_REAL_03609,43.549340837426186,1,0.9358700173774106,1,0
SESS_REAL_00975,5.150031624067054,3,1.0,1,0
SESS_FAKE_01088,19.6468909908861,6,0.011201953965682299,0,1
SESS_REAL_05848,6.128234121713822,2,0.979675546519281,1,0
SESS_REAL_00387,3.8439995524853634,5,0.9492279861548225,1,0
SESS_REAL_00074,16.225150888644535,1,0.9607101327589869,1,0
SESS_REAL_03614,6.99482774818402,1,0.9397246277600163,1,0
SESS_REAL_03113,2.650091467270032,1,0.9345264779744029,1,0
SESS_REAL_06438,3.117989030190571,0,0.8989980515924609,1,0
SESS_FAKE_01241,73.20823606559514,9,0.28290359018614053,0,1
SESS_REAL_04531,4.157408473287536,1,0.9421552260627193,1,0
SESS_REAL_05798,41.509162230405124,2,0.9117953295129603,1,0
SESS_REAL_03162,5.798045502835666,0,0.9893577972599374,1,0
SESS_REAL_05380,4.549156935541247,1,0.9643646356693948,1,0
SESS_REAL_01646,3.1396480227468855,2,0.9920708796035067,1,0
SESS_REAL_00668,3.977900945454965,0,0.9728753174229199,1,0
SESS_REAL_01676,2.5125759504089933,1,0.9213149581924799,1,0
SESS_REAL_05641,22.044007173798114,2,0.9178653176779017,1,0
SESS_REAL_07296,3.5711197299647472,3,0.9638076766795319,1,0
SESS_REAL_00496,12.014924472079716,0,0.9349935240921873,1,0
SESS_REAL_02785,4.824500672510537,0,0.9629173845387957,1,0
SESS_REAL_02677,2.218171474124473,4,0.9135633007303192,1,0
SESS_REAL_05301,1.626826546819745,1,0.9677830845656976,1,0
SESS_REAL_01515,1.5910994223769883,0,0.9624157759903336,1,0
SESS_REAL_06282,18.7352733359661,2,0.8999651745674874,1,0
SESS_REAL_04864,6.017339785516446,2,0.9436746397182257,1,0
SESS_REAL_07146,18.32000118376985,1,0.9921778371041918,1,0
SESS_REAL_07309,1.880533006653788,0,0.9754874560241708,1,0
SESS_REAL_05214,7.505655812388444,1,0.9519013660659597,1,0
SESS_REAL_00356,1.8224288720087332,0,0.9437452210693915,1,0
SESS_REAL_07196,3.1860487036288028,1,0.9099647278366361,1,0
SESS_FAKE_00253,58.36835673760728,11,0.40571224196098404,0,1
SESS_REAL_04051,15.51893101653888,0,0.919882339468955,1,0
SESS_REAL_04720,6.5777490418306295,1,0.982418636268625,1,0
SESS_REAL_03172,3.5849894447421993,1,0.9215235955772995,1,0
SESS_REAL_02154,2.7728289131770607,1,0.8883290067813134,1,0
SESS_FAKE_01047,52.758039005722715,7,0.37617890377001933,0,1
SESS_REAL_06398,8.470752780169668,0,0.9212358843688772,1,0
SESS_REAL_01474,6.252710697492078,1,0.9132262477765482,1,0
SESS_REAL_02656,22.223794077394775,2,0.9679739630412467,1,0
SESS_REAL_01300,1.8851489608323853,1,0.9629556648038484,1,0
SESS_REAL_02886,9.985016814189596,1,0.9148338014643316,1,0
SESS_REAL_08493,34.97989322974899,1,0.8856894131321438,1,0
SESS_REAL_03521,9.098342186039616,1,0.9645809480686125,0,0
SESS_REAL_05398,7.520000159621786,0,0.9130575149280143,1,0
SESS_REAL_04595,13.935040628838713,3,1.0,1,0
SESS_FAKE_00371,74.40994100284709,7,0.2051125300698946,0,1
SESS_REAL_05108,18.959810213272434,0,0.9530263719384078,1,0
SESS_REAL_05027,2.151278270382371,0,0.9003499880081947,1,0
SESS_REAL_02792,11.614804350712875,5,0.9062427077646205,1,0
SESS_REAL_00514,2.0552752638374736,0,0.9640492752686363,1,0
SESS_REAL_06176,11.395332184776628,2,0.9456361523219022,1,0
SESS_REAL_01368,3.8767747293617347,1,0.9338231138963129,1,0
SESS_REAL_03206,24.98790008166514,0,0.9509622298267155,1,0
SESS_FAKE_01461,66.7891862029237,13,0.35864230669121544,0,1
SESS_FAKE_01035,107.92509151648187,8,0.5124989264709585,0,1
SESS_REAL_05332,2.591799319768551,2,0.8896295447203741,1,0
SESS_REAL_05160,13.004805292661246,1,0.8976597492763038,1,0
SESS_REAL_01188,5.796628997138878,1,0.9651606389297523,1,0
SESS_REAL_00718,3.092742502033267,1,0.8945779981743327,1,0
SESS_REAL_02386,7.06677819567108,0,0.9792683382938546,1,0
SESS_REAL_02649,8.843222364599987,1,0.9421271721292305,1,0
SESS_REAL_05397,8.84766404556527,0,0.8912012344388941,1,0
SESS_REAL_04551,1.744120552854317,3,0.8900513997038678,1,0
SESS_REAL_06358,36.30879535892968,1,0.9675269062062118,1,0
SESS_REAL_05926,19.497393413049444,3,1.0,1,0
SESS_REAL_05948,15.182615894876747,2,0.8953744958324631,1,0
SESS_REAL_06378,42.75355191855328,4,0.9863075605974021,1,0
SESS_REAL_00267,16.047450674693877,2,0.9219909735023166,1,0
SESS_REAL_02736,58.47173380031932,2,0.9665713157902803,1,0
SESS_REAL_02515,32.80648751477731,1,0.9625219783260959,1,0
SESS_REAL_01288,1.9052021484662887,1,0.9400834043789933,1,0
SESS_FAKE_00054,30.257955606088625,7,0.3121753810347805,0,1
SESS_FAKE_01445,56.97333458387758,4,0.3143773326025381,0,1
SESS_REAL_04673,2.9333843633472436,1,0.9462713462155101,1,0
SESS_REAL_01769,7.519938481902939,1,0.9833556010638986,1,0
SESS_REAL_07330,4.408586505719685,1,0.9484474028212185,1,0
SESS_REAL_04452,22.949273446831718,0,0.9885890265656586,1,0
SESS_REAL_04461,10.297925920891792,3,0.9795686274000979,1,0
SESS_FAKE_01301,86.44771640148666,5,0.3607374991726644,0,1
SESS_REAL_01658,7.569689173279189,0,0.9572396960989816,1,0
SESS_REAL_07624,10.1446049443497,2,0.9621951303798124,1,0
SESS_REAL_07250,24.540220646444254,3,0.8876358496087504,1,0
SESS_REAL_04476,8.00345228004208,0,0.914932264945342,1,0
SESS_FAKE_01234,28.210726920123996,7,0.4896125328552674,0,1
SESS_REAL_03886,31.283490445004276,3,0.9516948902425545,1,0
SESS_REAL_08400,9.794656582911253,4,0.980873763348691,1,0
SESS_REAL_01477,18.740200425846144,2,0.9450748514313906,1,0
SESS_REAL_08100,21.82870336887409,0,0.9591562712625354,1,0
SESS_REAL_03485,12.282593924792192,2,0.9419314079630167,1,0
SESS_REAL_05189,5.368388283455381,0,0.924801113888834,1,0
SESS_REAL_05466,19.546236207075722,2,0.9771429170518704,1,0
SESS_REAL_00995,2.6526088152798386,1,0.9521615255055996,1,0
SESS_FAKE_00782,69.13495154776152,12,0.33119749199604837,0,1
SESS_FAKE_00252,29.860356581488613,8,0.33442595000775716,0,1
SESS_REAL_06208,7.675201131182481,2,0.9621440409181935,1,0
SESS_REAL_02011,2.276423418127583,3,0.9388705787160397,1,0
SESS_FAKE_00657,132.27424583220102,8,0.19754147994131444,0,1
SESS_REAL_02147,6.814233554238675,2,0.9341575807968996,1,0
SESS_REAL_07410,8.123627366923563,2,0.9740378463810744,1,0
SESS_REAL_03067,41.73415729449556,0,0.9610050460649644,1,0
SESS_REAL_06760,5.449635614147222,3,0.9304234128814217,1,0
SESS_FAKE_01090,103.8934204118786,4,0.40466840955607264,0,1
SESS_REAL_03837,3.015520591296803,0,0.9689365213295396,1,0
SESS_REAL_05067,6.419523452541009,1,0.922339358650824,1,0
SESS_REAL_05042,4.058665716932913,0,0.9202596275692237,1,0
SESS_REAL_02412,9.476808987227047,0,0.969516094669328,1,0
SESS_REAL_03316,9.439534912920294,2,0.9332203406757295,1,0
SESS_REAL_05613,4.866969033040104,1,0.9612483202567907,1,0
SESS_REAL_00752,13.356923147217914,0,0.9154266659567339,1,0
SESS_REAL_06419,9.941171875364173,1,0.9229345710989547,1,0
SESS_REAL_05802,5.304796708836947,2,0.9766788435630713,1,0
SESS_REAL_01798,2.3870751224281452,0,0.9106251094512494,1,0
SESS_REAL_00867,3.909661034503506,1,0.9611545043298416,1,0
SESS_REAL_01289,2.482052275297047,1,0.9698928206402103,1,0
SESS_FAKE_00904,69.55375936113066,10,0.43637633357338157,0,1
SESS_REAL_00011,43.54268970189975,0,0.9768893055733597,1,0
SESS_REAL_01563,5.355793472809989,1,0.8822134006203322,1,0
SESS_REAL_07630,9.547354179774564,2,0.969056990655636,1,0
SESS_REAL_04989,19.122899240003186,1,0.9424595216107492,1,0
SESS_FAKE_01493,77.67234050317323,14,0.08910701867285672,0,1
SESS_REAL_05244,16.658809993938654,2,0.9709284342414741,1,0
SESS_REAL_00289,12.223590361754104,3,0.9423493478365639,1,0
SESS_REAL_07999,2.8242129305841592,1,0.9118375293708847,0,0
SESS_REAL_02988,16.709510968197336,0,0.9289442482927324,0,0
SESS_REAL_02164,9.147718128527114,1,0.9898499541915305,1,0
SESS_REAL_04625,15.268859531486783,1,0.9467437000543221,1,0
SESS_REAL_08408,10.053421097926593,3,0.9701793533614107,1,0
SESS_FAKE_01406,25.29474705794606,8,0.29521096708090483,0,1
SESS_REAL_03813,12.922091830289261,2,0.9516546367202475,1,0
SESS_REAL_02872,28.269674750367685,2,0.9788514788153966,0,0
SESS_FAKE_00891,15.121221721328906,8,0.37103952838457854,0,1
SESS_FAKE_00579,76.89115889199489,10,0.3370230079396478,1,1
SESS_REAL_05993,9.793022356234841,1,0.9803004715166395,1,0
SESS_REAL_07686,18.00304931934096,0,0.9303252216577167,1,0
SESS_REAL_07796,34.64756097869777,2,0.9395410243771307,1,0
SESS_REAL_00667,3.6019784994515285,0,0.8772875804516607,1,0
SESS_REAL_04356,4.489040802492869,1,0.9502382156906971,1,0
SESS_REAL_05528,8.3514645463197,2,0.979118125298551,1,0
SESS_REAL_03102,31.017698794755788,5,0.9190197341294604,1,0
SESS_REAL_07062,15.064720239456978,2,0.9827341589958944,1,0
SESS_REAL_01616,63.173960096487654,2,0.9575709777254922,1,0
SESS_REAL_05292,1.9818900818400014,1,1.0,1,0
SESS_REAL_02415,41.39663986214578,1,0.9848534960406736,1,0
SESS_REAL_00696,5.586760421238502,2,0.9315577815164634,1,0
SESS_REAL_01697,3.242616387942763,4,0.9213942582249008,1,0
SESS_FAKE_00919,50.16342940318175,7,0.6165431228757283,0,1
SESS_REAL_00870,7.107626249701663,1,0.9013711985163907,1,0
SESS_REAL_06974,10.992161900956807,2,0.9701446914712031,1,0
SESS_REAL_05545,2.4391548260807303,0,0.9199972861558982,1,0
SESS_REAL_00100,1.8832041755166458,1,0.9203926211899005,1,0
SESS_REAL_02625,41.41700342602459,0,0.9233127054513492,0,0
SESS_REAL_06810,19.346382507707784,3,0.9225675079366337,1,0
SESS_REAL_00157,18.706651514873556,1,0.905202412069052,1,0
SESS_REAL_05723,3.3291956302755374,1,0.9109856113689806,1,0
SESS_REAL_07437,4.598005497735242,0,0.944877011925369,1,0
SESS_REAL_02097,13.580574213999311,1,0.9542825476203928,1,0
SESS_REAL_06753,2.585104652201197,3,0.9130823467946793,1,0
SESS_REAL_08486,2.6512995942174618,1,0.9799081316240539,1,0
SESS_REAL_08386,46.022379051267734,3,0.9393430691943416,1,0
SESS_REAL_00457,9.088252434995114,0,0.886970563685012,1,0
SESS_REAL_02336,8.81089062924947,1,0.9526701233166044,1,0
SESS_REAL_04290,10.825623154856302,3,0.9047903844612168,1,0
SESS_REAL_00146,12.785904851791118,0,0.9817431685398811,1,0
SESS_REAL_08178,1.993930119588109,1,0.9360104582848039,1,0
SESS_REAL_06755,8.66495696879222,4,1.0,1,0
SESS_REAL_02536,17.686879242577128,1,0.962148865927735,1,0
SESS_REAL_03870,7.535466400592486,1,0.9452574611612626,1,0
SESS_REAL_08081,3.3356380941384307,2,0.9292520987628831,1,0
SESS_REAL_08247,12.224724302368141,0,0.9390055962071809,1,0
SESS_FAKE_00502,30.520716145552207,7,0.30295988433316673,0,1
SESS_REAL_02802,36.02506843070995,2,0.8945318636788623,1,0
SESS_FAKE_01130,35.347334903137806,15,0.2500622106717407,0,1
SESS_REAL_07223,5.819192086367049,0,0.9682138191154903,1,0
SESS_FAKE_00319,168.236559995322,8,0.1340965198979043,0,1
SESS_REAL_07147,4.467070773294189,4,0.9713365781804859,1,0
SESS_REAL_04743,63.571434556696815,2,0.9669933496033708,1,0
SESS_REAL_06198,4.318132008665305,0,0.9633311889325339,1,0
SESS_REAL_03464,3.8719907237588846,1,0.9459661203343896,1,0
SESS_REAL_08086,37.59520610947757,0,0.9333901565414361,1,0
SESS_REAL_07449,2.9832942884378677,3,0.9420029469108884,1,0
SESS_REAL_00504,15.351955003785788,1,0.9892927149762211,1,0
SESS_REAL_06001,3.770506252778966,0,0.9672511522023846,1,0
SESS_REAL_01620,9.010475135788907,3,0.9370358565929366,1,0
SESS_REAL_03615,2.5924590912504186,2,0.881062624016428,1,0
SESS_FAKE_00377,82.9267279007087,13,0.5147769747263936,0,1
SESS_REAL_07752,3.146178697966892,2,0.9707819712639115,1,0
SESS_REAL_05341,37.063724619391614,2,0.9281450979690061,1,0
SESS_REAL_00521,7.253684397097153,2,0.968661947149706,1,0
SESS_REAL_06660,11.691545057390075,0,0.9401865153112815,1,0
SESS_REAL_08487,10.155494444600611,0,0.91475065123183,1,0
SESS_REAL_03993,2.1318740277045003,2,0.9636073955643599,1,0
SESS_REAL_04783,5.632909832968934,1,0.9568780052328624,1,0
SESS_FAKE_00901,44.24979784073444,6,0.10960543037368048,0,1
SESS_REAL_07106,1.8431561545393729,2,0.952886182997013,1,0
SESS_FAKE_00306,76.36380841591203,8,0.3886691912932907,0,1
SESS_REAL_06759,5.556705581414005,1,0.9966139083931989,1,0
SESS_REAL_07616,6.137415269089145,1,0.966444966768537,1,0
SESS_REAL_07639,1.7900885180742963,1,0.90978337116378,1,0
SESS_FAKE_00722,33.72404517721259,5,0.41828773780279493,0,1
SESS_REAL_06298,16.972534428807577,1,0.9667847338762668,1,0
SESS_REAL_05358,24.533793070654305,0,0.9793078670844042,1,0
SESS_FAKE_00591,68.87136432592314,2,0.1917525935106764,0,1
SESS_REAL_04539,2.6025974358361808,0,0.909438907187965,1,0
SESS_REAL_05242,9.864546956602894,3,0.9719866943308973,1,0
SESS_REAL_03213,15.708065444429714,0,0.925916669753942,1,0
SESS_REAL_07168,5.152504916530986,0,0.964563851687737,1,0
SESS_FAKE_01231,259.2039121126452,4,0.4994426683014238,0,1
SESS_REAL_01775,6.0471675072486155,1,0.9276159193791228,1,0
SESS_REAL_05075,10.257993684298192,0,0.9244063709277254,1,0
SESS_REAL_00296,19.13577528534882,3,0.9167584001951167,1,0
SESS_REAL_07190,11.348781501043979,0,0.9250595557909606,1,0
SESS_FAKE_00703,38.605331543670985,6,0.44108224696285847,0,1
SESS_FAKE_01315,132.0827458222546,5,0.19388872470283763,0,1
SESS_REAL_05128,6.545887944943122,0,0.9672573959634211,1,0
SESS_REAL_01483,1.5693036661950464,0,0.9189046210772422,1,0
SESS_REAL_05967,2.597712338697916,3,0.9384621548475452,1,0
SESS_REAL_02237,3.9596685130078653,2,0.9673713469381351,1,0
SESS_REAL_05375,20.459391114901386,1,0.9382216180374673,1,0
SESS_REAL_06863,2.4707783210581415,2,0.9281368541397116,1,0
SESS_REAL_03248,26.031391839199422,2,0.9892110629586462,1,0
SESS_REAL_06825,21.498740134829585,1,0.935047570345776,1,0
SESS_REAL_06332,10.768743715085517,1,0.936917920458609,1,0
SESS_REAL_04145,14.090600725382757,3,0.9133613898300356,1,0
SESS_REAL_06671,21.284531351821997,0,0.9282294705544828,1,0
SESS_REAL_03125,12.699159188339008,0,0.985564415571249,1,0
SESS_FAKE_00451,30.034472905469098,16,0.44266744088083304,0,1
SESS_REAL_04387,2.099044721495031,0,0.9053019155044228,1,0
SESS_REAL_05480,21.53197579072962,2,0.9328790398840674,1,0
SESS_REAL_03362,15.645858098428985,1,0.972740821362814,1,0
SESS_REAL_01260,5.259993559349489,1,0.9920194006057221,1,0
SESS_FAKE_01210,14.03499298872148,11,0.26686734996280354,0,1
SESS_REAL_06970,4.161680040984948,1,0.9702626981552378,1,0
SESS_FAKE_00711,36.26440199973415,11,0.26094638486821187,0,1
SESS_REAL_06969,9.1370384878943,0,0.9364112873138577,1,0
SESS_REAL_00787,7.646947913748268,2,0.9423767386520492,1,0
SESS_REAL_05113,15.982351600105165,1,0.981739310962044,1,0
SESS_REAL_05951,3.5874751544965875,1,0.9733193866185755,1,0
SESS_REAL_02578,6.81452914328021,1,0.9692879399726793,1,0
SESS_REAL_00969,9.25631744028314,3,0.9329571934522691,1,0
SESS_FAKE_00589,32.85278564838648,9,0.17461330256548824,0,1
SESS_REAL_04187,11.86701273153351,1,0.944637856409302,1,0
SESS_REAL_02959,21.245190421495188,2,0.8988850599450134,1,0
SESS_REAL_05828,6.884358556653027,1,0.9896592103256554,1,0
SESS_REAL_08252,1.6287295322019733,0,0.9421306151451403,1,0
SESS_REAL_06747,2.4235432910858004,1,0.9393148877209399,1,0
SESS_REAL_06130,7.158705515674097,2,0.9644528812722093,1,0
SESS_REAL_03308,7.036317767648657,1,0.9570174474912017,1,0
SESS_REAL_08314,7.545104437455562,0,0.8967272513058123,1,0
SESS_REAL_02824,6.157456422558669,0,0.972940375263057,1,0
SESS_FAKE_00406,19.63876888560214,9,0.35528996616163877,0,1
SESS_FAKE_00109,130.37507016420784,11,0.38156877865568417,0,1
SESS_REAL_02232,29.483548346294143,0,0.919315620677819,1,0
SESS_REAL_04803,4.030560176600136,1,0.960599193194821,1,0
SESS_FAKE_00616,26.904504976048738,10,0.2603917607680379,0,1
SESS_REAL_00858,11.484529244114167,3,0.9846306885845727,1,0
SESS_REAL_04552,3.5037634177338273,1,0.9719047149209432,1,0
SESS_REAL_02806,18.491654684690083,2,0.9018402415593885,1,0
SESS_REAL_05736,13.390038392576363,1,0.9166113424982198,1,0
SESS_REAL_04599,5.262754452129993,0,0.9495740579070601,1,0
SESS_REAL_03525,3.411826030955452,1,0.9613693808709028,1,0
SESS_REAL_04936,30.335294221945734,0,0.9740657534804933,1,0
SESS_REAL_00166,6.141723524008759,2,0.9671075817063087,1,0
SESS_FAKE_01197,93.16072162962284,9,0.2659130976162376,0,1
SESS_FAKE_00881,93.97589804851323,7,0.31506931519600373,0,1
SESS_REAL_06006,10.266836102581555,1,0.9563437683515523,1,0
SESS_REAL_05355,7.743347178701232,3,0.942155943123772,1,0
SESS_REAL_07280,11.636365162818667,1,0.940992822202329,1,0
SESS_REAL_01472,26.795629211500078,1,0.9211566666807686,1,0
SESS_REAL_06651,25.52931945552448,2,0.9354363913584292,1,0
SESS_REAL_03497,27.56852129592629,3,0.936198222733395,1,0
SESS_REAL_01100,2.214996099993222,0,0.9530210964210193,1,0
SESS_REAL_07072,13.211610667880482,2,0.9942080933048862,1,0
SESS_REAL_00766,18.748964590317346,0,0.9681896460009894,1,0
SESS_REAL_04294,7.556385683144542,2,0.9085870375327055,1,0
SESS_REAL_04076,8.225703641913327,1,0.9387358216339268,1,0
SESS_REAL_07541,2.2580467109285687,1,0.9816538344910947,1,0
SESS_REAL_04030,14.850252530414828,3,0.9511795807033349,1,0
SESS_FAKE_00398,131.11534778810704,9,0.39927712052588904,0,1
SESS_REAL_01141,6.629017607342583,0,0.9550926928861061,1,0
SESS_REAL_01850,5.54090133454822,0,0.9719515542758639,1,0
SESS_REAL_08189,6.9461263032562,0,0.9567769406224611,1,0
SESS_REAL_07513,2.9370045889969765,2,0.9324922809873145,1,0
SESS_REAL_05826,13.670222142011177,3,0.9399667132400653,1,0
SESS_REAL_01010,4.500157549273468,0,0.9921437252587927,1,0
SESS_REAL_00810,51.770087869448474,3,0.9666756935465557,1,0
SESS_REAL_04341,2.0948557894818225,0,0.9630248371633671,1,0
SESS_REAL_05839,13.431633153329157,1,0.9505171260500921,1,0
SESS_REAL_03173,3.598851241538627,0,0.9567597553862152,1,0
SESS_REAL_02643,13.8989255694243,1,0.9381457967412136,1,0
SESS_REAL_02667,14.15421796302514,0,0.9023374895081592,1,0
SESS_REAL_00951,14.62481075289015,1,1.0,1,0
SESS_REAL_06537,27.800276300621846,1,0.9277074748344118,1,0
SESS_REAL_02162,6.713320456883652,3,0.9621411233798132,1,0
SESS_REAL_02500,22.589612902768238,0,1.0,1,0
SESS_REAL_01771,19.946330422733567,0,0.9388935790817626,1,0
SESS_REAL_02823,4.513515356766117,0,0.8744901334336544,1,0
SESS_REAL_02071,10.292286402288514,0,0.9437014164907663,1,0
SESS_REAL_05796,3.2506608231289107,2,0.9741943168976938,1,0
SESS_REAL_04931,6.525022654698969,2,0.9311509836750048,1,0
SESS_REAL_00107,18.404989770463,0,0.9432705357433213,1,0
SESS_REAL_03343,3.5420132802065143,0,0.9591017712559334,1,0
SESS_REAL_07567,2.180832834712669,0,0.9572435727512086,1,0
SESS_REAL_00560,16.11198417357452,3,0.9970604575652406,1,0
SESS_REAL_06837,13.08329507908336,1,0.9530541931167877,1,0
SESS_REAL_05966,30.100498630518267,2,0.9884483333457755,1,0
SESS_REAL_07348,16.216360216150992,1,0.9711696709771476,1,0
SESS_REAL_08212,1.691578001050081,1,0.9424209710601715,1,0
SESS_REAL_08290,43.35651462525904,0,0.9719180833733727,1,0
SESS_REAL_02490,5.538830628720911,0,0.9937361170385443,1,0
SESS_REAL_06702,7.216238410527983,1,0.9897895465057873,1,0
SESS_REAL_00210,11.04837415366718,1,1.0,1,0
SESS_REAL_05579,8.439207690563961,1,0.9537973792016878,1,0
SESS_REAL_07103,12.904433862374265,0,0.9115264778099412,1,0
SESS_REAL_00473,28.112654749920104,1,0.95410919268796,1,0
SESS_FAKE_00731,11.186866251646231,7,0.3889739349580304,0,1
SESS_REAL_05414,2.1066111697468513,0,0.9467600224542304,1,0
SESS_REAL_00093,11.386649938629946,1,0.9436549397944938,1,0
SESS_REAL_03958,2.12338491737508,2,0.9458747376670766,1,0
SESS_REAL_01120,27.8514971817604,0,0.9221022017039251,1,0
SESS_FAKE_01097,85.68600264572656,6,0.17310639048585888,0,1
SESS_REAL_05601,6.051753625399906,4,0.9300543803869251,1,0
SESS_REAL_04879,22.347095309303413,0,0.9532951078761221,1,0
SESS_REAL_00202,3.615530576200938,2,0.9072490247928897,1,0
SESS_REAL_05384,14.039636505786216,0,0.9384559874050891,1,0
SESS_FAKE_00851,103.91529988475412,6,0.13799441791737113,0,1
SESS_REAL_05634,3.943748286230092,2,0.896780752110677,1,0
SESS_REAL_00180,6.5055892079420605,0,0.9738363439463994,1,0
SESS_REAL_02405,12.670130952070027,0,0.9671598691217804,1,0
SESS_REAL_04809,25.062993745850648,0,0.9627932814878283,1,0
SESS_REAL_08183,67.17881603744505,0,0.9527892247127301,1,0
SESS_FAKE_00089,17.1793804028855,8,0.6452542426920492,0,1
SESS_FAKE_00557,61.04612986778999,9,0.18079019680476216,0,1
SESS_REAL_06225,13.37300337015483,3,0.9910349128152968,1,0
SESS_REAL_02681,23.156694092964074,0,0.9658308950990037,1,0
SESS_REAL_03780,7.620287034339457,3,0.9441532156498198,1,0
SESS_REAL_04635,38.035730946178894,0,0.8942055447158801,1,0
SESS_REAL_04690,7.027983333441124,1,0.9235238882255853,1,0
SESS_REAL_02375,5.365314239761551,0,0.9255415901182663,1,0
SESS_REAL_08329,8.996507477776316,0,0.9432924088057774,1,0
SESS_FAKE_01486,30.04740116277974,8,0.38171263414793544,1,1
SESS_REAL_01701,8.298129492098997,0,0.965245788175157,1,0
SESS_REAL_07451,8.3968649936761,0,0.9717863046428594,1,0
SESS_REAL_04830,20.60156682937338,0,0.9569852735220992,1,0
SESS_REAL_00224,5.197921774305974,0,0.9705347907409069,1,0
SESS_REAL_00095,9.669776778123335,0,0.9192261924522277,1,0
SESS_REAL_01505,7.60638617037599,1,0.9574018463385882,1,0
SESS_REAL_07137,13.310315636825369,0,0.9397763517138791,1,0
SESS_FAKE_00563,54.480503833504976,11,0.27698375884748444,0,1
SESS_FAKE_00746,15.990749135748715,14,0.2325684629274798,0,1
SESS_REAL_08112,45.17768089026584,0,0.940686306113538,1,0
SESS_REAL_00412,37.59539448124787,0,0.975803611759549,1,0
SESS_REAL_05410,15.468151697355065,1,0.9205937221378356,1,0
SESS_REAL_03667,3.601952928054714,2,0.9423914456315914,1,0
SESS_REAL_04745,2.1640029219619024,0,0.9745970233027654,1,0
SESS_REAL_06430,16.837856118319337,2,0.9655903910154793,1,0
SESS_REAL_07218,34.81041526882726,0,0.937695133315064,1,0
SESS_REAL_06461,15.403831612823126,1,0.9955697926324575,1,0
SESS_REAL_08031,13.833696507829787,2,0.9079155114028523,1,0
SESS_REAL_03719,5.130276299029397,2,0.9845210982400018,1,0
SESS_FAKE_00221,10.907692349077495,9,0.26467933820843104,0,1
SESS_FAKE_00576,15.610135989564924,3,0.24293684020234563,0,1
SESS_REAL_00096,10.376146065327205,0,0.9404478927783771,0,0
SESS_REAL_03653,3.7462007083340163,1,0.9063918066467143,1,0
SESS_REAL_04466,3.212731252200502,0,0.9695279486749985,1,0
SESS_REAL_04149,19.65976680348683,2,0.9325110134221432,1,0
SESS_REAL_01460,7.5078187787503055,1,0.9338613447492771,1,0
SESS_REAL_02883,2.3858032440363153,1,0.9382415627841719,1,0
SESS_REAL_03361,5.308561342252463,3,0.8951926908810205,1,0
SESS_REAL_08222,2.732618256654841,2,0.9276148277998459,1,0
SESS_REAL_00712,9.154279728543262,0,0.934636853049543,1,0
SESS_REAL_04117,7.7624474972849535,1,0.9419477712777511,1,0
SESS_REAL_07029,3.4817255951346455,0,0.952315761006801,1,0
SESS_REAL_01096,4.489018783446081,0,0.9794344855820235,1,0
SESS_FAKE_00044,40.458385164092824,17,0.2410103828201679,0,1
SESS_REAL_01607,20.834664505911025,1,0.9126691254755063,1,0
SESS_REAL_04285,12.353227369203266,2,0.9165476888477055,1,0
SESS_REAL_07962,3.157069037944266,3,0.9170153935377213,1,0
SESS_REAL_00775,3.4490614790449943,2,0.9198767177838164,1,0
SESS_REAL_00881,14.872976673934222,5,0.9736086369228409,1,0
SESS_REAL_05258,7.978198973510919,1,0.929655663608243,1,0
SESS_REAL_03608,32.92791502848645,1,0.9507726605276978,1,0
SESS_REAL_01254,15.383745779336536,2,0.9219050505985171,1,0
SESS_REAL_00185,14.445152868526975,3,0.92953283015677,1,0
SESS_REAL_06962,38.37229976294881,3,0.9762572965273015,1,0
SESS_REAL_04974,4.9870013683962195,3,0.9184737365104543,1,0
SESS_REAL_02387,12.52775713290316,0,0.9466560175166174,1,0
SESS_REAL_01825,10.56798753223767,0,0.941565688219564,1,0
SESS_FAKE_00642,25.30656169475148,4,0.22125527204403406,0,1
SESS_REAL_02333,15.422913185337126,0,0.9363647510209319,1,0
SESS_FAKE_01263,27.334855544311942,9,0.45279569171533385,0,1
SESS_REAL_03052,5.252450471447221,0,0.9730816027411272,1,0
SESS_REAL_02056,8.945354876026627,2,0.975700756109757,1,0
SESS_REAL_07522,11.36127969507615,1,0.9348285541532008,1,0
SESS_FAKE_01432,59.465155256607645,8,0.29321423048169265,0,1
SESS_FAKE_01040,30.3517097709382,6,0.19014699502167667,0,1
SESS_REAL_03799,11.571242346652596,1,0.8939326578058804,1,0
SESS_REAL_01445,3.8397731887037256,0,0.8744350713524545,1,0
SESS_REAL_02608,16.230029107119876,0,0.9689602496857957,1,0
SESS_FAKE_00239,40.37138667099087,7,0.5880732585694273,0,1
SESS_REAL_03919,21.14356205682411,3,0.9496649414816141,1,0
SESS_REAL_06621,7.757915926168964,2,0.9043791718004984,1,0
SESS_FAKE_00812,12.059380699719224,10,0.13422022105761014,0,1
SESS_REAL_07273,1.7845424750922003,3,0.9499680834357505,1,0
SESS_REAL_06317,11.829894147512176,2,0.9458590340759412,1,0
SESS_REAL_08126,3.128957777583537,1,0.9732581903498091,1,0
SESS_REAL_07824,8.709857299495926,3,0.9643905482164283,1,0
SESS_REAL_02549,2.319472566882609,0,0.9835004849822674,1,0
SESS_REAL_04212,10.93222905795486,2,0.9236918880289775,1,0
SESS_FAKE_01179,48.707751108669335,6,0.3455913034961196,0,1
SESS_REAL_06984,23.682587344426345,0,0.9858397973037459,1,0
SESS_REAL_03158,22.39803798248582,1,0.9453249652997899,1,0
SESS_REAL_01243,23.855191329775067,4,0.9256156853131463,1,0
SESS_REAL_07246,14.751220072203425,2,0.9796793429570066,1,0
SESS_FAKE_00452,40.248710967332286,8,0.2182970689814988,0,1
SESS_REAL_06794,9.05952992584944,0,0.9219927424489883,1,0
SESS_FAKE_00331,40.30830743828547,7,0.5240126571459511,0,1
SESS_REAL_02400,6.497175205328899,0,0.9576070468441353,1,0
SESS_REAL_04981,4.830463422173149,1,0.9143274887796454,1,0
SESS_REAL_01152,15.846955972463807,0,0.9712433642055376,1,0
SESS_REAL_01706,13.787390452769912,2,0.9643756259236088,1,0
SESS_FAKE_00887,27.0827425822027,5,0.7373835537560115,0,1
SESS_REAL_04020,7.858143721836035,1,0.9346470812979905,1,0
SESS_REAL_02317,7.521916378037699,1,0.9485118646652365,1,0
SESS_REAL_08254,7.889482778505837,1,0.94265139251122,1,0
SESS_REAL_06807,8.168166667352839,0,0.9632325684500224,1,0
SESS_REAL_05869,12.153350135225743,1,0.8821157011192762,1,0
SESS_REAL_01217,15.191949848846885,1,0.9579450798955395,1,0
SESS_REAL_06855,6.252240079064752,1,0.9981130877843931,1,0
SESS_REAL_08159,19.850347815763193,4,0.89058106014366,1,0
SESS_REAL_05429,16.60472575552107,0,0.9187989641638338,1,0
SESS_REAL_03459,14.051291651784863,0,0.9090841055099858,1,0
SESS_REAL_01408,12.063972163631059,2,0.9672654836463219,1,0
SESS_REAL_01320,4.905925890478997,2,1.0,1,0
SESS_REAL_06587,2.104767176717402,1,0.9632947995754377,1,0
SESS_REAL_00106,7.839383698592071,1,0.9676636663166945,1,0
SESS_REAL_05491,18.22215608777373,0,0.8765189826276061,1,0
SESS_REAL_02451,42.22496138915593,1,0.9598990977497055,1,0
SESS_REAL_02676,7.002327782260068,0,0.9563591280694994,1,0
SESS_REAL_02575,13.775693543658535,1,0.9553874266795741,1,0
SESS_REAL_03920,36.69449702982237,0,0.951068059037151,1,0
SESS_REAL_01654,2.6006836868685315,2,0.9759612491178968,1,0
SESS_REAL_02243,66.178657306321,1,0.9424871834768971,1,0
SESS_FAKE_01059,19.481138776193077,4,0.3541387048743389,0,1
SESS_REAL_04441,22.80752237871191,2,0.914524399333171,1,0
SESS_REAL_01395,22.68491860946589,2,0.9772493312363552,1,0
SESS_FAKE_00434,36.31226427150045,7,0.21722695630587185,0,1
SESS_REAL_00946,3.2664968482486865,0,0.9405117037042724,0,0
SESS_REAL_04740,16.720775481866994,2,0.9680615756963037,1,0
SESS_REAL_01058,9.344247651422295,0,0.921790034374713,1,0
SESS_REAL_03510,6.400655406852408,0,0.9744495510621272,1,0
SESS_REAL_05344,40.352515707381926,2,0.9730956187331441,1,0
SESS_REAL_05598,14.524757741497186,1,0.9516677643965524,1,0
SESS_REAL_02747,3.407424188013902,1,0.9397285743398412,1,0
SESS_FAKE_00985,27.619809059115354,11,0.286807994403282,0,1
SESS_FAKE_01364,84.54953426940116,5,0.2022482339829777,0,1
SESS_REAL_07198,33.837576904278116,0,0.9330060905245363,1,0
SESS_REAL_07546,19.64401531391567,2,0.9030775943326504,1,0
SESS_REAL_04033,60.345818766810496,1,0.942586452722364,1,0
SESS_REAL_05733,10.747485716540359,1,0.9761472950689447,0,0
SESS_FAKE_01335,154.00626200932643,8,0.46650027218956813,0,1
SESS_REAL_04382,11.73601290509099,0,0.9277103629198373,1,0
SESS_REAL_02045,16.896811342486327,2,0.9791615603877167,1,0
SESS_REAL_02443,23.02393257250144,0,1.0,0,0
SESS_REAL_01404,14.580750301765189,0,0.9504223939539375,1,0
SESS_FAKE_01312,28.293278715635907,7,0.23117684273288197,0,1
SESS_REAL_00288,5.55156792377427,5,0.9571339208941717,1,0
SESS_REAL_01468,26.052401532189037,1,0.9167772486319786,1,0
SESS_REAL_01653,6.858003144234203,1,0.9999976803012662,1,0
SESS_REAL_01806,14.494188211542038,0,0.9537979083641056,1,0
SESS_REAL_07893,8.49073869912817,0,0.9656000684202557,1,0
SESS_FAKE_00401,162.08301937822094,6,0.4881825480933767,0,1
SESS_REAL_02611,1.5459268463567526,1,0.980953962637982,1,0
SESS_REAL_03953,3.2466860355238905,1,1.0,1,0
SESS_REAL_05784,1.7046894558351817,1,0.9317646160763644,1,0
SESS_REAL_05002,24.63485966287736,0,0.9880986046686531,1,0
SESS_REAL_00613,2.523545164516011,0,0.9498082303982064,1,0
SESS_REAL_04800,3.086561218686855,1,0.9399464879661813,1,0
SESS_REAL_06659,5.7147365015229985,1,0.9764499094522714,1,0
SESS_REAL_03363,5.17931258560417,2,0.9125483656361884,1,0
SESS_REAL_00940,5.343375943233514,1,0.9578409722634071,1,0
SESS_REAL_03223,1.731771507805796,0,0.9518534546958056,1,0
SESS_REAL_05080,2.4341873348145873,2,0.9770986436329457,1,0
SESS_FAKE_01180,25.074081613747065,8,0.0,0,1
SESS_FAKE_00282,107.90630291488671,12,0.0,1,1
SESS_REAL_04134,12.300916260120765,2,0.9305645464234833,1,0
SESS_REAL_07039,14.57433407774622,4,0.9461697486675825,1,0
SESS_REAL_06996,14.696681726226288,1,0.9060629220211516,1,0
SESS_REAL_06570,11.40947468795149,2,0.9337726366697058,1,0
SESS_REAL_00010,1.7495916959896634,1,0.9517538137050208,1,0
SESS_REAL_00462,17.947172611157672,1,0.9018163735739562,1,0
SESS_REAL_06294,25.808367220634715,1,0.9303592077876276,1,0
SESS_FAKE_00681,78.03095060125484,5,0.17261879740093442,0,1
SESS_REAL_00729,3.6445823875862158,0,1.0,1,0
SESS_REAL_02706,3.036826642541648,2,0.9036258897102315,1,0
SESS_REAL_01934,15.04148469388505,1,0.9846925331449231,1,0
SESS_REAL_07075,3.9198894294730384,1,0.9175949967165459,1,0
SESS_REAL_04959,18.105303398907775,1,0.8990894056002945,1,0
SESS_REAL_05647,17.446657889727476,1,0.9800772920172403,1,0
SESS_REAL_02778,8.577162809067314,2,0.9312763933139918,1,0
SESS_REAL_02936,19.70403967168934,1,0.9665410309784792,1,0
SESS_FAKE_01028,23.23927988630483,6,0.22163752197285652,0,1
SESS_REAL_06575,16.222950893142908,2,0.9352769052799088,1,0
SESS_REAL_00605,8.911552120384549,1,0.9796676875142621,1,0
SESS_REAL_01947,3.414316610722594,0,1.0,1,0
SESS_FAKE_00975,59.03842166000162,8,0.16650448114993582,0,1
SESS_REAL_06875,8.344320732320373,1,0.9316747733193115,1,0
SESS_REAL_07906,3.1759965433623716,2,0.9270557647955422,1,0
SESS_REAL_06990,36.72759547201556,1,0.9398628402091331,1,0
SESS_REAL_04392,13.947006821858036,1,0.8943617206730476,1,0
SESS_FAKE_00745,89.28725095577829,12,0.34876150505983156,0,1
SESS_REAL_04135,1.6965217700920863,1,0.9588409508247688,1,0
SESS_REAL_01428,13.730515362822011,3,0.9232941628033297,1,0
SESS_REAL_06481,9.404788131889681,1,0.9510021160462501,1,0
SESS_REAL_05284,8.902133453561378,4,0.9615867612123495,1,0
SESS_REAL_03025,7.119345514225769,2,0.9271717105829909,1,0
SESS_FAKE_01348,12.870098420570864,7,0.32270816127013924,0,1
SESS_REAL_06740,3.7516659442778417,1,0.9833886601463201,1,0
SESS_REAL_02506,24.586658290713434,2,0.9999400409080288,1,0
SESS_REAL_04990,45.96516450574175,3,0.9495099271293914,1,0
SESS_REAL_05984,3.3526758386771434,1,0.923206573051538,1,0
SESS_FAKE_00396,41.753730153495084,9,0.2676944354616759,0,1
SESS_REAL_04904,32.753944467151335,1,1.0,1,0
SESS_REAL_06194,15.629036283154761,2,0.9096348456078647,1,0
SESS_REAL_04317,1.9934334498087969,2,0.9574902508396335,1,0
SESS_REAL_05720,2.8266268367871565,0,0.9324690340762108,1,0
SESS_REAL_01961,7.829658614036747,0,0.9368545664240795,1,0
SESS_REAL_02478,3.099919554624286,0,0.9502239151737509,1,0
SESS_REAL_06553,1.6023824608249875,2,0.9941409710975949,1,0
SESS_REAL_00031,3.743535023728997,1,0.8902380480553588,1,0
SESS_FAKE_00983,112.71043056550221,10,0.26311094413851244,0,1
SESS_REAL_05177,2.588376676451439,1,0.9934072983446137,1,0
SESS_REAL_07064,3.185147714889924,0,0.8939523850596348,1,0
SESS_REAL_03406,24.925105381719902,0,1.0,1,0
SESS_REAL_05688,3.4025275945532467,2,0.960662076095836,1,0
SESS_FAKE_00520,15.449262832446106,10,0.583050150965943,0,1
SESS_REAL_04949,23.87503192941957,1,1.0,1,0
SESS_REAL_05556,2.932203419912863,2,0.9804747843420304,1,0
SESS_REAL_02193,11.363789854636565,0,0.9754598285651667,1,0
SESS_REAL_03301,71.9622415195312,1,0.9582093796240937,1,0
SESS_REAL_02219,2.933248109773131,1,0.9612686369510912,1,0
SESS_REAL_02105,6.070938537548524,3,0.9027969548302845,1,0
SESS_REAL_02563,2.4083498886990298,0,0.9444751238137341,1,0
SESS_REAL_05840,7.982701865390916,3,0.9282395861238066,1,0
SESS_REAL_07957,22.875100258782325,2,0.9383041351981081,1,0
SESS_REAL_05474,1.618513940391042,1,0.9176399217180832,1,0
SESS_REAL_03540,4.336370823298099,2,0.9585420667120801,1,0
SESS_REAL_07480,6.540243629223589,0,0.9784025131740762,1,0
SESS_REAL_04852,19.412373786675104,0,0.95561442460632,1,0
SESS_REAL_01048,25.99178023649018,1,0.9267240708331922,1,0
SESS_REAL_06038,3.1271125763021086,2,0.969563078557016,1,0
SESS_REAL_04368,3.640433839193364,1,0.9872968742888718,1,0
SESS_FAKE_00692,68.65154083078217,5,0.33316978029604716,0,1
SESS_REAL_01469,19.800360683211508,2,0.953120162694457,1,0
SESS_REAL_06220,20.720822160598956,0,0.9119462263723168,1,0
SESS_REAL_02908,5.852294113610042,3,0.9728223428490608,1,0
SESS_REAL_00925,1.7727070737304813,1,0.9197296930674541,1,0
SESS_REAL_06636,29.984665940392595,0,0.9263347025419846,1,0
SESS_REAL_05587,9.09648271556214,1,0.9277799829005264,1,0
SESS_FAKE_00037,18.360903415896576,7,0.17878586861025747,0,1
SESS_REAL_03086,7.794058938047321,1,0.9255159052984673,1,0
SESS_REAL_00709,15.229696212244217,0,0.9541868945846401,1,0
SESS_REAL_00807,32.674514556649406,0,0.9187885954746826,1,0
SESS_REAL_05482,8.594158359235173,1,0.9644436231743941,1,0
SESS_REAL_03626,1.5078432517688445,3,0.9221544139770939,1,0
SESS_FAKE_00674,45.906489229785194,9,0.3543920077082127,0,1
SESS_REAL_01526,5.5235399110999435,2,0.9727956951517838,1,0
SESS_REAL_02271,7.324064849988716,1,0.959651641160474,1,0
SESS_REAL_05972,21.124406811622777,0,0.9564290069616124,1,0
SESS_FAKE_01425,56.01106076376636,11,0.2636967838330595,0,1
SESS_REAL_06992,4.792435392229628,0,1.0,1,0
SESS_REAL_08161,3.1251073396344724,1,0.9475946024938023,1,0
SESS_REAL_01782,8.927111218071355,0,0.9781161881174505,1,0
SESS_REAL_07023,20.380887198261256,2,1.0,1,0
SESS_FAKE_00522,22.612106438140536,6,0.2432431866518137,0,1
SESS_FAKE_00682,32.305374608730844,14,0.29007434281497724,0,1
SESS_REAL_02460,62.59249516730952,2,0.9703070371308307,1,0
SESS_REAL_05259,26.720187389275413,0,0.8830769704055781,1,0
SESS_REAL_07211,3.747067455587263,2,0.9604423965109548,1,0
SESS_FAKE_01286,95.67956880934551,11,0.1445466035179357,0,1
SESS_REAL_07382,53.7064155410511,0,0.9479437989101834,1,0
SESS_FAKE_01255,12.634510548673834,5,0.20153761344395882,0,1
SESS_REAL_06307,6.993875284867539,3,0.9448151613297074,1,0
SESS_REAL_03457,15.588463105697684,4,0.9054278160283248,1,0
SESS_REAL_00109,2.4612513426021163,1,0.9316179747495572,1,0
SESS_REAL_06325,4.078224755056452,2,0.9534878803224252,1,0
SESS_REAL_00640,1.7433043290037742,1,0.9424734746125288,1,0
SESS_REAL_02401,2.3929575573152944,1,0.949718853244377,1,0
SESS_FAKE_00786,28.36819874064895,15,0.1992177023831992,0,1
SESS_REAL_06993,2.544735060866009,1,0.9542708987477279,1,0
SESS_REAL_00581,48.463837170967096,1,0.9281402257689865,1,0
SESS_REAL_07694,34.485374959934695,0,0.965497560739375,1,0
SESS_REAL_03161,1.7658839038736327,3,0.9444192301038135,1,0
SESS_REAL_02593,10.311878160559562,2,0.9590536649239154,1,0
SESS_REAL_03948,3.6354485382292454,1,0.9340453317430634,1,0
SESS_REAL_02348,12.306803742881353,0,0.9865477376785917,1,0
SESS_REAL_06428,5.248406307858147,0,0.9092471226467831,1,0
SESS_REAL_07463,7.012002075199262,2,0.9139019363106786,1,0
SESS_REAL_01748,18.639896180572535,1,0.9244133586833975,1,0
SESS_REAL_08087,17.197715618014854,0,0.9226110990108385,1,0
SESS_FAKE_01147,18.664971982450613,10,0.34756961461926866,0,1
SESS_REAL_02158,8.681704175042546,0,0.9645028469194238,1,0
SESS_REAL_06527,23.13948063102596,2,0.9302082598779667,1,0
SESS_FAKE_00405,46.95122845810058,9,0.2722563374476623,0,1
SESS_REAL_02595,19.41833409164914,4,0.9462986326896948,1,0
SESS_REAL_04153,6.791792648974581,2,0.9894876564876546,1,0
SESS_REAL_03111,4.825212276316819,0,0.9661733619575609,0,0
SESS_FAKE_00866,148.08091593876532,14,0.25008768095467226,0,1
SESS_REAL_06119,14.879077171307397,1,0.9752233811702544,1,0
SESS_REAL_04378,3.3844317535326773,1,1.0,1,0
SESS_REAL_06967,6.896420160409026,0,0.9918995949780302,0,0
SESS_REAL_08390,12.677309373217884,1,0.9688473820296276,1,0
SESS_REAL_03864,2.842907160424332,4,0.8987808217477797,1,0
SESS_REAL_00451,11.308324890737916,0,0.9969374372317223,1,0
SESS_REAL_00071,4.158473286070631,0,0.9268905938632731,1,0
SESS_FAKE_00542,14.558313896807006,8,0.35947355357462296,0,1
SESS_REAL_06204,2.6372544078061773,1,0.9679851154415594,1,0
SESS_REAL_08012,13.65008203666467,1,0.9491913089792778,1,0
SESS_REAL_02779,4.316301698988288,0,0.9030700902065272,1,0
SESS_REAL_01913,7.012269219225361,0,0.9382388039390863,1,0
SESS_REAL_06340,4.911661070334642,1,0.973510458471091,1,0
SESS_FAKE_00139,32.08560516902376,4,0.44810249579007627,0,1
SESS_REAL_04393,2.0598822856075722,3,0.9108361393318047,1,0
SESS_REAL_01741,17.373723874311338,2,0.9088471575413639,1,0
SESS_REAL_01994,18.201718653928193,1,0.9434425938773622,1,0
SESS_REAL_04586,7.501701518256857,0,0.9647197904217616,1,0
SESS_REAL_04296,3.358383619555541,2,0.9447017146951084,1,0
SESS_REAL_08471,5.474373707769869,1,0.9714146062503765,1,0
SESS_REAL_03833,7.326009771260518,1,0.9066822041037489,1,0
SESS_REAL_08495,47.29696739162956,0,0.9149099449113425,1,0
SESS_REAL_05764,26.428714067491807,0,0.9587915056645532,1,0
SESS_REAL_02356,29.42908939178129,2,0.9335187269417982,0,0
SESS_REAL_05352,5.56789302475456,2,0.916459648758932,1,0
SESS_REAL_07431,8.896514479996256,1,0.9885885330910034,1,0
SESS_REAL_00396,24.958069885994988,0,0.9687476139230706,1,0
SESS_REAL_00419,18.250054483956927,2,0.930201379605602,1,0
SESS_REAL_01423,3.426859816037027,0,0.9761863684975636,1,0
SESS_REAL_05357,47.00773566813683,2,0.9685505578942375,1,0
SESS_REAL_00169,12.225340855135002,2,0.9076124720175538,1,0
SESS_REAL_06233,3.8011701847888473,4,0.9717712510099225,1,0
SESS_FAKE_01441,12.265743344679631,9,0.4275745130518437,0,1
SESS_REAL_00205,1.6108752673319329,1,0.9803867172211211,1,0
SESS_REAL_04240,15.011662545243151,3,0.9502165143826369,1,0
SESS_REAL_06475,32.52870745978697,2,0.9425426999794666,1,0
SESS_REAL_03569,25.283682001894018,3,0.9816195645013122,1,0
SESS_REAL_06628,11.239677598307086,1,0.9325848596834597,1,0
SESS_REAL_00808,8.692371555643412,3,0.9597018156519705,1,0
SESS_REAL_00469,41.13444127502293,1,0.9463382091389293,1,0
SESS_REAL_08123,14.268481981454904,0,0.9506190962107252,1,0
SESS_FAKE_00308,10.733802048127833,9,0.33985475056458103,0,1
SESS_REAL_05549,3.2494891980411116,3,0.9265552739829463,1,0
SESS_REAL_03475,20.983107465354422,2,0.9078281556674586,1,0
SESS_REAL_00414,13.490760964686295,1,0.9990282345792959,1,0
SESS_REAL_07017,2.48150199432433,0,0.9818212659894955,1,0
SESS_REAL_04607,3.922653595237935,1,0.921400985886967,1,0
SESS_FAKE_00785,158.28864281271015,5,0.053050957238447966,0,1
SESS_REAL_05732,14.299112785010134,1,0.9828318435483863,1,0
SESS_REAL_08151,22.333745963687658,2,0.8910061081308424,1,0
SESS_REAL_05990,1.6604422487436563,0,0.9160041196108969,1,0
SESS_REAL_03996,6.384817929527251,1,0.9479259930533583,1,0
SESS_FAKE_00867,39.6570558871049,7,0.6059908536188902,0,1
SESS_REAL_07539,7.504205880436746,1,0.942702706301227,1,0
SESS_REAL_03169,7.824904329567901,2,0.9831534062982227,1,0
SESS_REAL_01519,32.91322999468463,1,0.9500846959859929,1,0
SESS_REAL_03707,5.399867687959267,1,0.9352971661980113,1,0
SESS_REAL_07589,2.424856061526141,0,0.9399382684095293,1,0
SESS_REAL_02973,17.41115138366643,0,0.9170637113523594,1,0
SESS_REAL_07582,1.5154230132993123,0,0.9760157337728395,1,0
SESS_FAKE_00011,19.70136587657356,4,0.3818957755945176,0,1
SESS_REAL_02329,2.1298697699405347,1,0.9088002716071754,1,0
SESS_REAL_03662,2.1185895230828238,3,0.9936165346564441,1,0
SESS_REAL_06564,3.5187716471530104,0,0.9581244584914879,1,0
SESS_REAL_05267,9.105116786129116,2,0.9844982249182725,1,0
SESS_REAL_05520,23.072712098035268,2,0.9428602601808198,1,0
SESS_REAL_04522,28.059346315236056,2,0.938756486185603,1,0
SESS_REAL_06134,1.7183221410643517,0,0.9805890947200795,1,0
SESS_REAL_03198,2.798614629768651,0,0.9185406156171783,1,0
SESS_REAL_02481,26.65569151140539,1,0.9751356138430342,1,0
SESS_REAL_03989,26.046368547016687,1,0.9653845869097467,1,0
SESS_FAKE_00269,24.026936631039504,9,0.2671543910348205,0,1
SESS_REAL_02704,19.14436900751739,1,0.966193722001133,1,0
SESS_FAKE_00376,28.131990271856885,4,0.38432021407129296,0,1
SESS_REAL_03924,57.167582870755055,3,0.9615277441046488,1,0
SESS_FAKE_00223,30.995586535747595,5,0.0,0,1
SESS_REAL_01983,9.415826370645512,1,0.9051598933941731,1,0
SESS_REAL_00816,12.236565441948898,1,0.9150223999112911,1,0
SESS_REAL_03772,6.558359879034904,2,0.9402361240477274,1,0
SESS_REAL_00236,5.454928420395156,1,0.9362369951100141,1,0
SESS_REAL_04794,5.746994196770044,0,0.9184267422015673,1,0
SESS_REAL_05591,10.441328759289231,1,0.9889767327303888,1,0
SESS_REAL_04976,3.0811365371262798,0,0.9661660047250769,1,0
SESS_FAKE_00172,79.64423170410426,4,0.3932003612579121,0,1
SESS_REAL_05111,25.536087615825927,0,0.9242341926156313,1,0
SESS_REAL_03586,8.761413909020554,2,0.9786838581722299,1,0
SESS_REAL_04261,27.275070676951017,0,1.0,1,0
SESS_REAL_06457,7.744743693347467,4,0.9538132089492526,1,0
SESS_REAL_01281,16.04667977829286,1,0.9667758930223501,1,0
SESS_FAKE_00090,10.823787001307274,5,0.0,0,1
SESS_REAL_00047,10.309330750910743,2,0.9604459648539334,1,0
SESS_REAL_05001,9.196581005502534,3,0.9652048073413345,1,0
SESS_REAL_03170,14.276574109441476,1,0.9313947312945573,1,0
SESS_REAL_07262,14.802260371944229,4,0.8973569111113645,1,0
SESS_REAL_02696,15.081398558686757,6,0.9495338552379043,1,0
SESS_REAL_03178,21.69221475193689,3,0.9296806241524943,1,0
SESS_FAKE_00796,11.925029707015256,9,0.48270916121419133,0,1
SESS_REAL_00713,7.869093762064534,1,0.9438047582390034,1,0
SESS_FAKE_00280,462.39624160954014,12,0.33087045206786525,0,1
SESS_REAL_07312,5.836477719686489,2,0.9287194988509501,1,0
SESS_FAKE_01474,21.413322670293418,8,0.24799885640399374,0,1
SESS_REAL_02224,1.6497793017003362,1,0.925439448703664,1,0
SESS_FAKE_00485,44.4924743483305,8,0.576868074364352,0,1
SESS_REAL_00983,2.4373260695069643,1,0.9484724680898234,1,0
SESS_REAL_01098,19.646889090873557,1,0.9581926657558967,1,0
SESS_REAL_07014,9.920527971986022,2,1.0,1,0
SESS_REAL_00782,4.9810043911129185,1,0.9734912272185933,1,0
SESS_FAKE_01133,25.030782157039955,9,0.48738362540617464,0,1
SESS_REAL_01360,30.714671274283187,0,0.9147206058869867,1,0
SESS_REAL_04424,6.046411125888897,3,0.9810536649731472,1,0
SESS_REAL_03490,2.560275958401082,0,0.9591170540628524,1,0
SESS_REAL_05580,1.989213617940863,3,0.8627967785361255,1,0
SESS_REAL_07259,8.554207527692327,2,0.9773115154943294,1,0
SESS_REAL_06075,1.9295066093908402,1,0.9682866790698741,1,0
SESS_REAL_02854,2.7883994244455015,0,0.9447341581220885,1,0
SESS_REAL_00308,20.527847756792234,0,0.8774261258577273,1,0
SESS_REAL_00018,8.28644480136404,2,0.9483605916570659,1,0
SESS_REAL_06831,2.6186768126927857,1,0.9604747515136184,1,0
SESS_REAL_03553,9.950710124738315,1,0.8970030647743925,1,0
SESS_REAL_07568,22.120428231167022,1,0.9723817381665658,1,0
SESS_REAL_07235,9.196564465518723,3,0.923572730474102,1,0
SESS_REAL_01598,2.5746104527668954,1,0.9700260828438239,1,0
SESS_FAKE_01011,48.36317714609833,8,0.23870536625610161,0,1
SESS_REAL_06692,15.062640438615373,2,0.9836644922856397,1,0
SESS_REAL_00771,23.98492748654025,2,0.9386881754845386,1,0
SESS_REAL_08209,3.5588731770300273,3,0.9456060979400684,1,0
SESS_REAL_03982,4.54816028483226,1,0.9429640222244575,1,0
SESS_REAL_04844,3.868173778345774,3,0.9523539168034524,1,0
SESS_REAL_07933,6.435420767965634,2,0.8985054751820301,1,0
SESS_REAL_08245,14.782591035076246,1,0.8840843917697588,1,0
SESS_REAL_06159,23.200440832021016,2,0.9468070847125584,1,0
SESS_REAL_01640,10.817227185589473,0,0.9275552618810422,1,0
SESS_REAL_00445,36.805974455558925,0,0.9322365763599498,1,0
SESS_REAL_00678,43.36871596952058,2,0.9435782668810394,1,0
SESS_FAKE_00947,25.675178128615435,10,0.3750127225852288,0,1
SESS_FAKE_00049,10.48273903223175,7,0.2803317366171152,0,1
SESS_REAL_03819,9.28612820090135,1,0.9245679731052131,1,0
SESS_REAL_04495,12.802623615878383,0,0.9536849695878901,0,0
SESS_FAKE_00859,53.89598527925157,7,0.2995205662723235,0,1
SESS_REAL_03177,27.11342582709834,2,0.9544058962836924,1,0
SESS_REAL_03838,34.0717332569035,0,0.9751367028498883,1,0
SESS_REAL_05181,22.73287397882109,1,0.894649848082029,1,0
SESS_REAL_02682,1.6776288683333005,0,0.9953207879701452,1,0
SESS_REAL_00162,13.546053925651659,1,0.9570476915149163,1,0
SESS_FAKE_00715,86.56058241106308,6,0.5232119094716078,0,1
SESS_REAL_07891,9.903755306665214,1,0.9377662286896822,1,0
SESS_REAL_06136,7.8417405238078395,1,0.9375866681594445,1,0
SESS_REAL_04262,7.9301454168121115,2,0.9324601436397727,1,0
SESS_REAL_02795,12.303855165139414,0,1.0,1,0
SESS_REAL_01333,68.80357478457245,2,0.9394203353940777,1,0
